-- phpMyAdmin SQL Dump
-- version 4.5.3.1
-- http://www.phpmyadmin.net
--
-- Host: mysql02.idpsp.com.br
-- Generation Time: 04-Out-2016 às 11:47
-- Versão do servidor: 5.6.30-76.3-log
-- PHP Version: 5.6.24-0+deb8u1

SET SQL_MODE = "NO_AUTO_VALUE_ON_ZERO";
SET time_zone = "+00:00";


/*!40101 SET @OLD_CHARACTER_SET_CLIENT=@@CHARACTER_SET_CLIENT */;
/*!40101 SET @OLD_CHARACTER_SET_RESULTS=@@CHARACTER_SET_RESULTS */;
/*!40101 SET @OLD_COLLATION_CONNECTION=@@COLLATION_CONNECTION */;
/*!40101 SET NAMES utf8mb4 */;

--
-- Database: `edbcursosdedir2`
--
CREATE DATABASE IF NOT EXISTS `edbcursosdedir2` DEFAULT CHARACTER SET latin1 COLLATE latin1_general_ci;
USE `edbcursosdedir2`;

-- --------------------------------------------------------

--
-- Estrutura da tabela `proBoletos`
--

CREATE TABLE `proBoletos` (
  `id_boleto` int(11) NOT NULL,
  `id_processo` int(11) DEFAULT NULL,
  `id_inscricao` int(11) DEFAULT NULL,
  `num_via` int(11) DEFAULT NULL,
  `val_valor` float DEFAULT NULL,
  `str_codigodoboleto` varchar(128) DEFAULT NULL,
  `dt_vencimento` datetime DEFAULT NULL,
  `dt_gerado_em` datetime DEFAULT NULL,
  `dt_ultimavia` datetime DEFAULT NULL,
  `transacao_codigo` int(11) DEFAULT NULL,
  `transacao_status` varchar(100) DEFAULT NULL
) ENGINE=InnoDB DEFAULT CHARSET=utf8;

--
-- Extraindo dados da tabela `proBoletos`
--

INSERT INTO `proBoletos` (`id_boleto`, `id_processo`, `id_inscricao`, `num_via`, `val_valor`, `str_codigodoboleto`, `dt_vencimento`, `dt_gerado_em`, `dt_ultimavia`, `transacao_codigo`, `transacao_status`) VALUES
(1, 1, 16010002, 2, 50, '736d88a364a8b4b8ee534bb7ae50ab6687bfe0021c3edcaefc', '2016-02-18 22:00:00', '2015-11-30 17:38:50', '2016-02-17 11:34:41', NULL, NULL),
(2, 1, 16010003, 1, 50, '41c8cf0150cd02b0e89dcfe066727b7b1804bab9fe8edcaefc', '2015-12-06 18:24:57', '2015-12-03 18:24:57', '2015-12-03 18:24:57', NULL, NULL),
(3, 1, 16010005, 2, 50, '77d8c14bfbe86b5012dc6161e7dc1367b32d94f04975dcaefc', '2015-12-13 10:39:34', '2015-12-04 08:19:01', '2015-12-10 10:39:34', NULL, NULL),
(4, 1, 16010008, 1, 50, '73ea7a5cff3c70baa5dcc9c53e83d0fa598ba37787a0dcaefc', '2015-12-07 16:08:08', '2015-12-04 16:08:08', '2015-12-04 16:08:08', NULL, NULL),
(5, 1, 16010009, 1, 50, 'ebba10f6a2aec6b66cdc5296dffb0fcfaf6e2efd1f9bdcaefc', '2015-12-07 22:56:05', '2015-12-04 22:56:05', '2015-12-04 22:56:05', NULL, NULL),
(6, 1, 16010011, 1, 50, 'dfd0c7b56437ed405b2599bcc81037cdb6afc44b1fa3dcaefc', '2015-12-09 09:21:24', '2015-12-06 09:21:24', '2015-12-06 09:21:24', NULL, NULL),
(7, 1, 16010010, 1, 50, '680b19734b09859c1c25e773ac0e4685ef78257f99a3dcaefc', '2015-12-09 09:26:28', '2015-12-06 09:26:28', '2015-12-06 09:26:28', NULL, NULL),
(8, 1, 16010017, 1, 50, '5ca78549da5fc63a65253263d8e771c295de3e77876adcaefc', '2015-12-09 11:21:51', '2015-12-06 11:21:51', '2015-12-06 11:21:51', NULL, NULL),
(9, 1, 16010016, 1, 50, '2f9565e8344e48468025170f8d4c2cdff78bf09d6019dcaefc', '2015-12-09 11:21:58', '2015-12-06 11:21:58', '2015-12-06 11:21:58', NULL, NULL),
(10, 1, 16010015, 3, 50, '27e4f852cced884bb3257bf3452ea5a4342877925e61dcaefc', '2016-01-17 23:28:54', '2015-12-06 11:29:10', '2016-01-14 23:28:54', NULL, NULL),
(11, 1, 16010018, 2, 50, '20cc78aae95f3a3594257b7b8bbbfe0fb57982e4bcc5dcaefc', '2015-12-12 14:53:47', '2015-12-06 12:02:32', '2015-12-09 14:53:47', NULL, NULL),
(12, 1, 16010019, 2, 50, '9f26f7c1ab90fd06e225578d3c7a2f71f5beaf0912bcdcaefc', '2016-01-08 12:09:26', '2015-12-06 12:25:41', '2016-01-05 12:09:26', NULL, NULL),
(13, 1, 16010020, 1, 50, 'fae482767e3c9a132525ce88a6e77a63bdee559aff87dcaefc', '2015-12-09 16:01:18', '2015-12-06 16:01:18', '2015-12-06 16:01:18', NULL, NULL),
(14, 1, 16010023, 1, 50, 'ae05bac40540dcd19d25b38d232b8112fd0d90554d7cdcaefc', '2015-12-09 18:44:05', '2015-12-06 18:44:05', '2015-12-06 18:44:05', NULL, NULL),
(15, 1, 16010024, 1, 50, '7006ddf6a2d4e7763c250f97ea8885ebc0f4431541a4dcaefc', '2015-12-09 19:05:06', '2015-12-06 19:05:06', '2015-12-06 19:05:06', NULL, NULL),
(16, 1, 16010025, 1, 50, '0a338d723099d09710255368af26ad3cc5001aabb7bcdcaefc', '2015-12-09 19:57:05', '2015-12-06 19:57:05', '2015-12-06 19:57:05', NULL, NULL),
(17, 1, 16010027, 1, 50, '3f9d17b1c8421afc3625b2e7cd2d0e73ec47dffd6676dcaefc', '2015-12-09 22:43:05', '2015-12-06 22:43:05', '2015-12-06 22:43:05', NULL, NULL),
(18, 1, 16010028, 1, 50, '0b52dce037779189fc259029924589a1dff51a82fca9dcaefc', '2015-12-09 22:53:52', '2015-12-06 22:53:52', '2015-12-06 22:53:52', NULL, NULL),
(19, 1, 16010029, 1, 50, 'b677c454b56ccb6a56266ff13d8810fd680614b538dfdcaefc', '2015-12-10 00:41:26', '2015-12-07 00:41:26', '2015-12-07 00:41:26', NULL, NULL),
(20, 1, 16010031, 1, 50, '219b992a4df24173ff2625026de7394343bc9d1756b6dcaefc', '2015-12-10 12:55:26', '2015-12-07 12:55:26', '2015-12-07 12:55:26', NULL, NULL),
(21, 1, 16010032, 1, 50, '79d14a54ff0f7ace0a26f2f1e791b661d01aa69d1ff9dcaefc', '2015-12-10 13:49:31', '2015-12-07 13:49:31', '2015-12-07 13:49:31', NULL, NULL),
(22, 1, 16010021, 1, 50, 'a4a10c496e02ed075a2697152f21a04a953a8dde8acadcaefc', '2015-12-10 16:19:35', '2015-12-07 16:19:35', '2015-12-07 16:19:35', NULL, NULL),
(23, 1, 16010034, 1, 50, 'd4fbae3cf60fc054ca2656597e7a26704d01d1143dd1dcaefc', '2015-12-10 17:20:34', '2015-12-07 17:20:34', '2015-12-07 17:20:34', NULL, NULL),
(24, 1, 16010035, 1, 50, '86de5ebebfaf939d5426e1b619f4762cd25fc6fa8a0ddcaefc', '2015-12-10 18:00:23', '2015-12-07 18:00:23', '2015-12-07 18:00:23', NULL, NULL),
(25, 1, 16010036, 1, 50, 'f28b4a48c509a1fd4c26f9b19f6cf27bc3c9f9b88cfcdcaefc', '2015-12-10 20:21:55', '2015-12-07 20:21:55', '2015-12-07 20:21:55', NULL, NULL),
(26, 1, 16010037, 1, 50, 'fb8ef4c9317fb4324d58bb421acaf736be05d4dca232dcaefc', '2015-12-11 08:22:57', '2015-12-08 08:22:57', '2015-12-08 08:22:57', NULL, NULL),
(27, 1, 16010038, 1, 50, '1d7bd7a818212afa20588f6958fc39be33257df8231fdcaefc', '2015-12-11 15:04:02', '2015-12-08 15:04:02', '2015-12-08 15:04:02', NULL, NULL),
(28, 1, 16010039, 1, 50, '89dafa34857da247975802d8e6861f98740cf3979556dcaefc', '2015-12-11 18:26:01', '2015-12-08 18:26:01', '2015-12-08 18:26:01', NULL, NULL),
(29, 1, 16010043, 1, 50, '2c3c4c7c345c9b7157db37ac6fd5f51bae3aaface757dcaefc', '2015-12-12 12:44:52', '2015-12-09 12:44:52', '2015-12-09 12:44:52', NULL, NULL),
(30, 1, 16010044, 1, 50, 'cc11bccc64c78a830ddb405c58c2087fb37ffe3e3495dcaefc', '2015-12-12 13:00:27', '2015-12-09 13:00:27', '2015-12-09 13:00:27', NULL, NULL),
(31, 1, 16010047, 3, 50, 'a53a6db679e43c9b4edba0fe9600455612ef50f29ef1dcaefc', '2016-01-23 20:10:11', '2015-12-09 21:00:39', '2016-01-20 20:10:11', NULL, NULL),
(32, 1, 16010048, 1, 50, '8f94f4ec7eba1c4edfdba06a33a256a629dd42092c9fdcaefc', '2015-12-12 22:18:09', '2015-12-09 22:18:09', '2015-12-09 22:18:09', NULL, NULL),
(33, 1, 16010050, 1, 50, '42594602ea6fde5050a9f4d9d4789fc4094c0f307e51dcaefc', '2015-12-13 18:50:37', '2015-12-10 18:50:37', '2015-12-10 18:50:37', NULL, NULL),
(34, 1, 16010051, 1, 50, '3945c2c3566db8da71a90b9723a8930ca5bc6127b270dcaefc', '2015-12-13 18:59:59', '2015-12-10 18:59:59', '2015-12-10 18:59:59', NULL, NULL),
(35, 1, 16010054, 1, 50, '3a8be272283283b5fc09c568d53d8a0725f22dd09ccddcaefc', '2015-12-14 10:38:36', '2015-12-11 10:38:36', '2015-12-11 10:38:36', NULL, NULL),
(36, 1, 16010056, 1, 50, '59c637a624be04ed0309f3ac4d589905a8fe75b97c17dcaefc', '2015-12-14 22:40:47', '2015-12-11 22:40:47', '2015-12-11 22:40:47', NULL, NULL),
(37, 1, 16010058, 2, 50, '033a5daec0f3656b93905d8a3eda08f46f030b1adabddcaefc', '2015-12-20 11:39:26', '2015-12-12 09:52:59', '2015-12-17 11:39:26', NULL, NULL),
(38, 1, 16010059, 1, 50, '91b12c6d1422c00b368c65907e7e9e688535531c47dfdcaefc', '2015-12-17 12:33:07', '2015-12-14 12:33:07', '2015-12-14 12:33:07', NULL, NULL),
(39, 1, 16010060, 1, 50, '2f59a3fc27907e5048e511a4b090a82d21b4d0fb2555dcaefc', '2015-12-18 20:04:40', '2015-12-15 20:04:40', '2015-12-15 20:04:40', NULL, NULL),
(40, 1, 16010063, 1, 50, '023a57c544ffc32c2b3f02f50ab9c19e2cb0a6551a43dcaefc', '2015-12-20 00:43:50', '2015-12-17 00:43:50', '2015-12-17 00:43:50', NULL, NULL),
(41, 1, 16010066, 1, 50, '0e1e6a8c0f9ab3352a3553a3557ce12d8d1b338a6624dcaefc', '2015-12-21 18:30:06', '2015-12-18 18:30:06', '2015-12-18 18:30:06', NULL, NULL),
(42, 1, 16010068, 1, 50, '20e3f6ef236fed1ac5fc7088c689ad5bf4e2f6e92f4bdcaefc', '2015-12-24 13:15:15', '2015-12-21 13:15:15', '2015-12-21 13:15:15', NULL, NULL),
(43, 1, 16010069, 1, 50, '3ef82bb9eae124ae9bfc498ace3a4044ba4fa02264a7dcaefc', '2015-12-24 16:41:02', '2015-12-21 16:41:02', '2015-12-21 16:41:02', NULL, NULL),
(44, 1, 16010070, 1, 50, '646a46e8a4abb5191ffc6cdba43142444e69a0c1f970dcaefc', '2015-12-24 18:37:50', '2015-12-21 18:37:50', '2015-12-21 18:37:50', NULL, NULL),
(45, 1, 16010075, 1, 50, '395485b4c75a72fe36ab7ff47903d6f0a0a98da34985dcaefc', '2016-01-06 14:51:24', '2016-01-03 14:51:24', '2016-01-03 14:51:24', NULL, NULL),
(46, 1, 16010076, 2, 50, '3b2ca2ae0cfcb7536b3e76c46dde80a58d1d23a2b880dcaefc', '2016-01-22 15:19:09', '2016-01-04 15:33:29', '2016-01-19 15:19:09', NULL, NULL),
(47, 1, 16010078, 1, 50, 'b3dad81d3c9b3146a23ea11938021ff1e33dacd7895bdcaefc', '2016-01-07 19:11:49', '2016-01-04 19:11:49', '2016-01-04 19:11:49', NULL, NULL),
(48, 1, 16010081, 1, 50, '63277e7c1fa7b9ef8cb5f922891f44b171645e4195e9dcaefc', '2016-01-09 16:05:18', '2016-01-06 16:05:18', '2016-01-06 16:05:18', NULL, NULL),
(49, 1, 16010082, 1, 50, '455afea6bb13f39a01b565e71afda5a700363598dfefdcaefc', '2016-01-09 17:08:04', '2016-01-06 17:08:04', '2016-01-06 17:08:04', NULL, NULL),
(50, 1, 16010083, 1, 50, '7e052866d66c5e4ebdb5070745878364a01c9bae66d1dcaefc', '2016-01-09 19:49:05', '2016-01-06 19:49:05', '2016-01-06 19:49:05', NULL, NULL),
(51, 1, 16010065, 2, 50, 'a00e45fb96cbaa3cf2b56cea2cf8bd9de970ec2a0e3fdcaefc', '2016-01-14 23:09:54', '2016-01-06 21:58:12', '2016-01-11 23:09:54', NULL, NULL),
(52, 1, 16010084, 1, 50, 'ca654988c460f4d0e2b55e927acf9722a4a20ce5cb96dcaefc', '2016-01-09 23:50:22', '2016-01-06 23:50:22', '2016-01-06 23:50:22', NULL, NULL),
(53, 1, 16010088, 1, 50, 'e1483ef4cca5d913bc7b863b3590699a3c31747b3eefdcaefc', '2016-01-15 12:55:32', '2016-01-12 12:55:32', '2016-01-12 12:55:32', NULL, NULL),
(54, 1, 16010090, 2, 50, '6fbf4fa499bab75fd2ea0ba5b86ceeab717d659948d4dcaefc', '2016-02-04 11:54:00', '2016-01-13 09:17:14', '2016-02-01 11:54:00', NULL, NULL),
(55, 1, 16010091, 1, 50, '37c4cc76b79623d674d074a7d9361b53364ef149d0e8dcaefc', '2016-01-18 19:15:45', '2016-01-15 19:15:45', '2016-01-15 19:15:45', NULL, NULL),
(56, 1, 16010093, 1, 50, 'dbd20f407a008eb00988c8eeb0113da10607853ffaf4dcaefc', '2016-01-19 23:43:40', '2016-01-16 23:43:40', '2016-01-16 23:43:40', NULL, NULL),
(57, 1, 16010094, 1, 50, 'ed46f6c8aebe15f938e01d9bd0a9ca91c4e68206a900dcaefc', '2016-01-21 15:31:19', '2016-01-18 15:31:19', '2016-01-18 15:31:19', NULL, NULL),
(58, 1, 16010096, 1, 50, '4e221bf915bdb6072b60e6f6477117ba5ec7ed112b3cdcaefc', '2016-01-22 12:29:25', '2016-01-19 12:29:25', '2016-01-19 12:29:25', NULL, NULL),
(59, 1, 16010098, 1, 50, '407e5e8a507c699bc760dfeebaf7f95c72c7d124bce5dcaefc', '2016-01-22 20:19:03', '2016-01-19 20:19:03', '2016-01-19 20:19:03', NULL, NULL),
(60, 1, 16010100, 1, 50, '8a88f8f2880a539a95608aba90aaff9a15507a64663fdcaefc', '2016-01-22 22:16:59', '2016-01-19 22:16:59', '2016-01-19 22:16:59', NULL, NULL),
(61, 1, 16010103, 1, 50, 'e2792693ff056706d53308016115bdd1180c71cf7954dcaefc', '2016-01-24 11:19:50', '2016-01-21 11:19:50', '2016-01-21 11:19:50', NULL, NULL),
(62, 1, 16010104, 1, 50, 'a4f25ed4fa16f27f9633011028a7d422ae928f6fdde9dcaefc', '2016-01-24 12:19:42', '2016-01-21 12:19:42', '2016-01-21 12:19:42', NULL, NULL),
(63, 1, 16010105, 1, 50, 'e9af4efe3f3eae56ea33e1d90b1ec615f3b4badab70fdcaefc', '2016-01-24 20:27:45', '2016-01-21 20:27:45', '2016-01-21 20:27:45', NULL, NULL),
(64, 1, 16010106, 1, 50, '8272b17877d4375fc34e3fe959b5714632f3c241b758dcaefc', '2016-01-25 09:54:57', '2016-01-22 09:54:57', '2016-01-22 09:54:57', NULL, NULL),
(65, 1, 16010107, 4, 50, 'bfa187a9abf5eb15f84e4d2e12bebfc44c77504bbe19dcaefc', '2016-02-13 11:09:39', '2016-01-22 14:55:00', '2016-02-10 11:09:39', NULL, NULL),
(66, 1, 16010108, 1, 50, 'bf4c53de42aca0554b4e3788ab7b241c0052a22ce366dcaefc', '2016-01-25 18:39:22', '2016-01-22 18:39:22', '2016-01-22 18:39:22', NULL, NULL),
(67, 1, 16010110, 1, 50, '271f1baeb5cc0df6caeee39e56d3e5f6b328c60daab6dcaefc', '2016-01-27 12:43:46', '2016-01-24 12:43:46', '2016-01-24 12:43:46', NULL, NULL),
(68, 1, 16010112, 1, 50, '3c3f4faaf6729c918eee4d08c9671fa0cb8efc94715cdcaefc', '2016-01-27 17:32:53', '2016-01-24 17:32:53', '2016-01-24 17:32:53', NULL, NULL),
(69, 1, 16010115, 1, 50, '3c1f8c26a99cb0d426211a569d2e51b98f5e2672e0e1dcaefc', '2016-01-28 17:20:02', '2016-01-25 17:20:02', '2016-01-25 17:20:02', NULL, NULL),
(70, 1, 16010116, 2, 50, '3eb8c083d66c538af92141cd2fa0b6e5859c6f8983bcdcaefc', '2016-02-08 13:37:20', '2016-01-25 20:17:28', '2016-02-05 13:37:20', NULL, NULL),
(71, 1, 16010120, 1, 50, 'a4e06bc67e27e5e3bc79c38378c795647999038832b0dcaefc', '2016-01-29 09:46:26', '2016-01-26 09:46:26', '2016-01-26 09:46:26', NULL, NULL),
(72, 1, 16010122, 2, 50, '58984c46da03ef850d79826d795fe2b1c4822d9c9635dcaefc', '2016-02-04 14:33:48', '2016-01-26 15:59:53', '2016-02-01 14:33:48', NULL, NULL),
(73, 1, 16010125, 1, 50, 'f2013357d1069f38fb79bd91e770ce13d2b16534dd74dcaefc', '2016-01-29 23:26:12', '2016-01-26 23:26:12', '2016-01-26 23:26:12', NULL, NULL),
(74, 1, 16010127, 1, 50, '57d1ac00688059b94f4dd563c84ab6679adceb443a93dcaefc', '2016-01-30 18:06:37', '2016-01-27 18:06:37', '2016-01-27 18:06:37', NULL, NULL),
(75, 1, 16010131, 1, 50, '778e39ae58c01bc8282a748a3cfdcfbd043ad8bae6f6dcaefc', '2016-01-31 12:22:15', '2016-01-28 12:22:15', '2016-01-28 12:22:15', NULL, NULL),
(76, 1, 16010132, 2, 50, '5ce3042b99b2f08a4f2a511305fd466960469c9a3b99dcaefc', '2016-02-05 12:08:28', '2016-01-28 12:51:18', '2016-02-02 12:08:28', NULL, NULL),
(77, 1, 16010133, 1, 50, 'dd966810ab61e9603d2a917350f600f2210d53938509dcaefc', '2016-01-31 20:25:14', '2016-01-28 20:25:14', '2016-01-28 20:25:14', NULL, NULL),
(78, 1, 16010117, 1, 50, 'fde8be05550a0d15ae2a8dc79313f474536f18073858dcaefc', '2016-01-31 21:48:50', '2016-01-28 21:48:50', '2016-01-28 21:48:50', NULL, NULL),
(79, 1, 16010135, 1, 50, 'bf0d0ab79feef5db992aa4b9feabcbf652d78f4b7bd9dcaefc', '2016-01-31 22:00:27', '2016-01-28 22:00:27', '2016-01-28 22:00:27', NULL, NULL),
(80, 1, 16010139, 1, 50, '3ea9257e89ccbc4788466b29fbaad946d7b3aed6fd5adcaefc', '2016-02-01 11:58:19', '2016-01-29 11:58:19', '2016-01-29 11:58:19', NULL, NULL),
(81, 1, 16010140, 1, 50, '81ef9d8e5aa3506de946b99020364dd2cb24b2aff08cdcaefc', '2016-02-01 14:28:33', '2016-01-29 14:28:33', '2016-01-29 14:28:33', NULL, NULL),
(82, 1, 16010142, 2, 50, '859ef4e207ed606760464bb7ae50ab6687bfeab414dcdcaefc', '2016-02-18 22:00:00', '2016-01-29 15:40:40', '2016-02-15 23:52:13', NULL, NULL),
(83, 1, 16010144, 1, 50, '824a92f6f2c40b320c7a5f97b65790dcaa7111ef30a4dcaefc', '2016-02-02 19:53:50', '2016-01-30 19:53:50', '2016-01-30 19:53:50', NULL, NULL),
(84, 1, 16010146, 1, 50, 'a34a15ac99294063cc7afec2e11ad5b687704b3ec74bdcaefc', '2016-02-02 21:55:36', '2016-01-30 21:55:36', '2016-01-30 21:55:36', NULL, NULL),
(85, 1, 16010147, 1, 50, '79f6786eb2a87f7a9c564d2f3851fdca9cabf9db554fdcaefc', '2016-02-03 11:10:51', '2016-01-31 11:10:51', '2016-01-31 11:10:51', NULL, NULL),
(86, 1, 16010151, 1, 50, '4a55858e76180823f67b2f7c23f1bd2c6cabc05fa935dcaefc', '2016-02-04 20:49:44', '2016-02-01 20:49:44', '2016-02-01 20:49:44', NULL, NULL),
(87, 1, 16010152, 1, 50, '619f101ff600286ced7b903b9034d85f7b36bf3d8a74dcaefc', '2016-02-04 22:18:37', '2016-02-01 22:18:37', '2016-02-01 22:18:37', NULL, NULL),
(88, 1, 16010153, 1, 50, '0e1668bb4c67d9d3006a9b21e1645ef65231427cf287dcaefc', '2016-02-05 15:17:54', '2016-02-02 15:17:54', '2016-02-02 15:17:54', NULL, NULL),
(89, 1, 16010154, 1, 50, 'ba04f2a114950e01696a9c8ef821e46206b794dd5ac6dcaefc', '2016-02-05 18:17:52', '2016-02-02 18:17:52', '2016-02-02 18:17:52', NULL, NULL),
(90, 1, 16010159, 1, 50, 'a5cb376c7b76c430365ef961058be8dcbc5c56154b36dcaefc', '2016-02-06 09:32:42', '2016-02-03 09:32:42', '2016-02-03 09:32:42', NULL, NULL),
(91, 1, 16010161, 1, 50, 'f187d11f8f7d8155075e6338df6fd77e46bf41e54af5dcaefc', '2016-02-06 11:30:38', '2016-02-03 11:30:38', '2016-02-03 11:30:38', NULL, NULL),
(92, 1, 16010162, 2, 50, '878a7afa1a8fba5a275e4bef3199914f70a1c581a418dcaefc', '2016-02-17 09:09:00', '2016-02-03 12:32:17', '2016-02-14 09:09:00', NULL, NULL),
(93, 1, 16010160, 1, 50, '5a8b2f0231ba81fbc25ef2e3aebc7d4a78a496a71a7fdcaefc', '2016-02-06 12:56:59', '2016-02-03 12:56:59', '2016-02-03 12:56:59', NULL, NULL),
(94, 1, 16010169, 3, 50, '084ad82e7dd1d653cb5e4bb7ae50ab6687bfeec91a6fdcaefc', '2016-02-18 22:00:00', '2016-02-03 23:20:42', '2016-02-16 17:51:00', NULL, NULL),
(95, 1, 16010171, 1, 50, '4b63afcf4b1cc88edd22a41238c50f85f4c6921d4f8ddcaefc', '2016-02-07 08:54:55', '2016-02-04 08:54:55', '2016-02-04 08:54:55', NULL, NULL),
(96, 1, 16010174, 1, 50, '6934a3da48948439b72280e65fd70e23da5fc1ec5854dcaefc', '2016-02-07 13:18:06', '2016-02-04 13:18:06', '2016-02-04 13:18:06', NULL, NULL),
(97, 1, 16010175, 1, 50, '74dde3a36b060d849522c4ef31d8d13e0e7203317e28dcaefc', '2016-02-07 17:42:01', '2016-02-04 17:42:01', '2016-02-04 17:42:01', NULL, NULL),
(98, 1, 16010114, 1, 50, 'f53b50782faae2329f886328e182cea327af7f5d9d2cdcaefc', '2016-02-08 11:45:54', '2016-02-05 11:45:54', '2016-02-05 11:45:54', NULL, NULL),
(99, 1, 16010176, 1, 50, '09624f8e38ab6f5a2288983a6ba1fba35b59eadb53dadcaefc', '2016-02-08 13:00:11', '2016-02-05 13:00:11', '2016-02-05 13:00:11', NULL, NULL),
(100, 1, 16010178, 1, 50, '807b0600208ae083e2881cdc515f1ac97c59a912bc0adcaefc', '2016-02-08 20:03:57', '2016-02-05 20:03:57', '2016-02-05 20:03:57', NULL, NULL),
(101, 1, 16010180, 1, 50, 'eca5eb6333d7301e3d8853ea3f84bd7aa5d9e1c543c3dcaefc', '2016-02-08 22:10:58', '2016-02-05 22:10:58', '2016-02-05 22:10:58', NULL, NULL),
(102, 1, 16010181, 1, 50, '1121cb6c6488f9a9ca93d16689e208c58664ba26621fdcaefc', '2016-02-09 16:34:52', '2016-02-06 16:34:52', '2016-02-06 16:34:52', NULL, NULL),
(103, 1, 16010182, 1, 50, '8c93000e00ef08eb3fa5d5e80b8187061dba1d93953cdcaefc', '2016-02-10 19:41:40', '2016-02-07 19:41:40', '2016-02-07 19:41:40', NULL, NULL),
(104, 1, 16010184, 1, 50, '3420e75869eda88f3e696789119be01072a725514550dcaefc', '2016-02-11 18:45:42', '2016-02-08 18:45:42', '2016-02-08 18:45:42', NULL, NULL),
(105, 1, 16010188, 2, 50, '0a1cceb67dc759d29ff0e0b7559cffc61d32a489a297dcaefc', '2016-02-18 19:54:11', '2016-02-09 16:35:29', '2016-02-15 19:54:11', NULL, NULL),
(106, 1, 16010189, 1, 50, '6212a0cf4f6b1790b0f021ceb95f00c103e7b6a9467adcaefc', '2016-02-12 22:06:04', '2016-02-09 22:06:04', '2016-02-09 22:06:04', NULL, NULL),
(107, 1, 16010190, 1, 50, 'c291f47ae0830f48e0cf8a55a4f95753d5ef73e90bd8dcaefc', '2016-02-13 17:08:03', '2016-02-10 17:08:03', '2016-02-10 17:08:03', NULL, NULL),
(108, 1, 16010192, 1, 50, '7b2e22c48b40e735b63c3cf521a5c198b20ba06a5168dcaefc', '2016-02-14 15:36:05', '2016-02-11 15:36:05', '2016-02-11 15:36:05', NULL, NULL),
(109, 1, 16010193, 1, 50, 'a82e8840607ffaa92a3c50603113ecc23bbe0460652ddcaefc', '2016-02-14 20:33:36', '2016-02-11 20:33:36', '2016-02-11 20:33:36', NULL, NULL),
(110, 1, 16010196, 1, 50, 'a23a07876fac8b40e8208662b7fb8361f924aad31412dcaefc', '2016-02-15 21:15:24', '2016-02-12 21:15:24', '2016-02-12 21:15:24', NULL, NULL),
(111, 1, 16010197, 1, 50, 'd1f62f7417cadd8d28392540a69688a70d41b4606c15dcaefc', '2016-02-16 12:38:13', '2016-02-13 12:38:13', '2016-02-13 12:38:13', NULL, NULL),
(112, 1, 16010201, 1, 50, '96c609bc6ce473171c25a70cf402efb017b52156ea8ddcaefc', '2016-02-18 10:24:08', '2016-02-15 10:24:08', '2016-02-15 10:24:08', NULL, NULL),
(113, 1, 16010203, 1, 50, 'df242de6a556a69360252c59c8b64ea7519a4ca0637ddcaefc', '2016-02-18 19:31:00', '2016-02-15 19:31:00', '2016-02-15 19:31:00', NULL, NULL),
(114, 1, 16010204, 1, 50, 'c289c991f3e48a74a0254bb7ae50ab6687bfea86765cdcaefc', '2016-02-18 22:00:00', '2016-02-15 22:03:11', '2016-02-15 22:03:11', NULL, NULL),
(115, 1, 16010206, 1, 50, '460933a0cd5d55c04cb84bb7ae50ab6687bfe4290e17dcaefc', '2016-02-18 22:00:00', '2016-02-16 01:27:42', '2016-02-16 01:27:42', NULL, NULL),
(116, 1, 16010208, 1, 50, '1569393db85ba708cfb84bb7ae50ab6687bfe3c3bd33dcaefc', '2016-02-18 22:00:00', '2016-02-16 12:40:38', '2016-02-16 12:40:38', NULL, NULL),
(117, 1, 16010002, 1, 50, '736d88a364a8b4b8ee6d4bb7ae50ab6687bfe55ad6dfdcaefc', '2016-02-18 22:00:00', '2016-02-17 11:28:19', '2016-02-17 11:28:19', NULL, NULL),
(118, 1, 16010212, 1, 50, '80a3728add38ce4a7e6d4bb7ae50ab6687bfe818aca1dcaefc', '2016-02-18 22:00:00', '2016-02-17 14:05:20', '2016-02-17 14:05:20', NULL, NULL),
(119, 1, 16010213, 1, 50, '7ae225200d6fbeae996d4bb7ae50ab6687bfee2ab6f8dcaefc', '2016-02-18 22:00:00', '2016-02-17 15:15:32', '2016-02-17 15:15:32', NULL, NULL),
(120, 1, 16010215, 1, 50, '3df753cab47b5d67c26d3dfa9984fe1aee5af15c1294dcaefc', '2016-02-20 20:55:34', '2016-02-17 20:55:34', '2016-02-17 20:55:34', NULL, NULL),
(121, 1, 16010200, 1, 50, '980aa18e39942505a91106235f62f541aa78167159fadcaefc', '2016-02-21 11:07:14', '2016-02-18 11:07:14', '2016-02-18 11:07:14', NULL, NULL),
(122, 1, 16010216, 1, 50, '3f9f33f931109271c5119688e3b55314c99ea05bde5adcaefc', '2016-02-21 12:00:00', '2016-02-18 14:42:07', '2016-02-18 14:42:07', NULL, NULL),
(123, 1, 16010186, 1, 50, '587c3f4fd6a2bf8205119688e3b55314c99ea8d4feb5dcaefc', '2016-02-21 12:00:00', '2016-02-18 18:56:08', '2016-02-18 18:56:08', NULL, NULL),
(124, 1, 16010220, 1, 50, '69f054c5e1c938b710c69688e3b55314c99eac976c90dcaefc', '2016-02-21 12:00:00', '2016-02-19 20:22:10', '2016-02-19 20:22:10', NULL, NULL),
(125, 2, 16500002, 3, 50, '58b50d9a3633a78449415b8d64f0733a0ba24044da4bdcaefc', '2016-06-25 19:24:31', '2016-06-06 14:49:15', '2016-06-22 19:24:31', NULL, NULL),
(126, 2, 16500004, 2, 50, '4f070fc2c3fc6aa5214170c68a85b6d57837e12cd476dcaefc', '2016-06-13 10:52:04', '2016-06-06 18:07:57', '2016-06-10 10:52:04', NULL, NULL),
(127, 2, 16500008, 1, 50, 'd1ca52d24e569c74f864584ffa155d3e71e4d985fdc7dcaefc', '2016-06-10 17:17:53', '2016-06-07 17:17:53', '2016-06-07 17:17:53', NULL, NULL),
(128, 2, 16500011, 1, 50, '5c9d329f35594d2f7209995746e904d909b83a297ddbdcaefc', '2016-06-12 04:34:08', '2016-06-09 04:34:08', '2016-06-09 04:34:08', NULL, NULL),
(129, 2, 16500012, 1, 50, '195d9b50c985c7a8d509599e4520aa78519cac1a9c36dcaefc', '2016-06-12 10:42:08', '2016-06-09 10:42:08', '2016-06-09 10:42:08', NULL, NULL),
(130, 2, 16500013, 1, 50, 'acb62c7e814188e180898182c2d3ee1b851f5a4efb8adcaefc', '2016-06-13 11:48:18', '2016-06-10 11:48:18', '2016-06-10 11:48:18', NULL, NULL),
(131, 2, 16500014, 1, 50, 'e8b2123aa7c52cd05d894aa96d4589d714aceb5c0c62dcaefc', '2016-06-13 13:02:26', '2016-06-10 13:02:26', '2016-06-10 13:02:26', NULL, NULL),
(132, 2, 16500006, 2, 50, '88b5ebd5a26b625e6f8912cd54f8bc8b3d78519d306bdcaefc', '2016-06-16 16:09:07', '2016-06-10 13:36:25', '2016-06-13 16:09:07', NULL, NULL),
(133, 2, 16500015, 1, 50, '518ca1ab431b69a6f8d928ba5ce0fc7a98baaa10c57edcaefc', '2016-06-17 11:24:02', '2016-06-14 11:24:02', '2016-06-14 11:24:02', NULL, NULL),
(134, 2, 16500016, 1, 50, '5cff8ab8f963f75582d98309058b486fb81d81e02297dcaefc', '2016-06-17 21:39:41', '2016-06-14 21:39:41', '2016-06-14 21:39:41', NULL, NULL),
(135, 2, 16500017, 1, 50, '5875c0cbd8e6741d5baa344b8d74cedb0921a66ad1c7dcaefc', '2016-06-19 17:20:00', '2016-06-16 17:20:00', '2016-06-16 17:20:00', NULL, NULL),
(136, 2, 16500018, 1, 50, 'd68a2f852a183499b71d72f61fdcdd49cd2f7fde9af4dcaefc', '2016-06-20 13:10:58', '2016-06-17 13:10:58', '2016-06-17 13:10:58', NULL, NULL),
(137, 2, 16500019, 1, 50, '106f1d767a49d8bddc19dbb27474da58bbe23d45b72cdcaefc', '2016-06-23 11:36:59', '2016-06-20 11:36:59', '2016-06-20 11:36:59', NULL, NULL),
(138, 2, 16500020, 1, 50, '565707ac048c16c9fc1fd3271159d9ec7b20da3489d5dcaefc', '2016-06-24 16:31:49', '2016-06-21 16:31:49', '2016-06-21 16:31:49', NULL, NULL),
(139, 2, 16500021, 1, 50, 'ad6a8c8bcf6860596ec3375b8b2d16a402f9dd8781c8dcaefc', '2016-07-04 02:11:18', '2016-07-01 02:11:18', '2016-07-01 02:11:18', NULL, NULL),
(140, 2, 16500023, 1, 50, '3dce01bbf314a882f6c30fd969b44ca866d9aa235282dcaefc', '2016-07-04 17:42:14', '2016-07-01 17:42:14', '2016-07-01 17:42:14', NULL, NULL),
(141, 2, 16500031, 1, 50, '2faec366a8c9d6b9cc0442cda0c10ba2266600a668a4dcaefc', '2016-07-09 17:42:06', '2016-07-06 17:42:06', '2016-07-06 17:42:06', NULL, NULL),
(142, 2, 16500037, 1, 50, '73207ffb06161918eb1db3dc517b9e8477a7be509a0adcaefc', '2016-07-15 20:10:08', '2016-07-12 20:10:08', '2016-07-12 20:10:08', NULL, NULL),
(143, 2, 16500039, 1, 50, 'eff1bca28b429bf24aec2854187a6f4c6087aaa544fedcaefc', '2016-07-16 11:05:01', '2016-07-13 11:05:01', '2016-07-13 11:05:01', NULL, NULL),
(144, 2, 16500040, 1, 50, '4aa9593595427eb282ec00d0ce893e391e876e078266dcaefc', '2016-07-16 16:54:48', '2016-07-13 16:54:48', '2016-07-13 16:54:48', NULL, NULL),
(145, 2, 16500036, 1, 50, 'f1bd174bd8c8417467047d7f6b36ce48f346d0029d4cdcaefc', '2016-07-17 15:44:53', '2016-07-14 15:44:53', '2016-07-14 15:44:53', NULL, NULL),
(146, 2, 16500044, 1, 50, 'f02dce1602a4d0761e2ba60bbfe98badcac098688fc8dcaefc', '2016-07-19 14:09:51', '2016-07-16 14:09:51', '2016-07-16 14:09:51', NULL, NULL),
(147, 2, 16500047, 1, 50, 'e379e79b5cfa7598370a3a2e9069c6b6ac8010a1bd14dcaefc', '2016-07-20 15:11:09', '2016-07-17 15:11:09', '2016-07-17 15:11:09', NULL, NULL),
(148, 2, 16500049, 1, 50, '8fd4abcbeabe2129de2f8dd6e2066a897f10b2e3c9c2dcaefc', '2016-07-21 16:46:44', '2016-07-18 16:46:44', '2016-07-18 16:46:44', NULL, NULL),
(149, 2, 16500050, 1, 50, '5f9d79e991ac42eab27c00821e60b11e264f650d87a3dcaefc', '2016-07-22 18:08:42', '2016-07-19 18:08:42', '2016-07-19 18:08:42', NULL, NULL),
(150, 2, 16500051, 1, 50, '8553a72bf10c4263a129b1dc43cfb3219f092b866985dcaefc', '2016-07-23 08:06:03', '2016-07-20 08:06:03', '2016-07-20 08:06:03', NULL, NULL),
(151, 2, 16500003, 1, 50, '29be3e0c8ba5bac1ef13cd3676215f34e4efaeef5c7bdcaefc', '2016-07-26 14:26:38', '2016-07-23 14:26:38', '2016-07-23 14:26:38', NULL, NULL),
(152, 2, 16500058, 1, 50, 'c21b746b724358090b2d6957d4d88ebddc5252033aebdcaefc', '2016-07-27 23:59:00', '2016-07-26 15:38:32', '2016-07-26 15:38:32', NULL, NULL),
(153, 2, 16500054, 2, 50, '9a0381ee3ed1c9d73787e79a28206c437890cd2a2280dcaefc', '2016-08-20 23:59:00', '2016-07-30 17:51:33', '2016-08-19 17:07:45', NULL, NULL),
(154, 2, 16500062, 1, 50, '1889379ada18496e5e5122e6630be668748d168e0957dcaefc', '2016-08-03 12:41:52', '2016-07-31 12:41:52', '2016-07-31 12:41:52', NULL, NULL),
(155, 2, 16500065, 1, 50, 'd66e5e71ef0830dc2cfe2b3d55cb0171a1dc86b9a1afdcaefc', '2016-08-04 12:49:25', '2016-08-01 12:49:25', '2016-08-01 12:49:25', NULL, NULL),
(156, 2, 16500066, 1, 50, '1b3b54ec7f2ae5a2cbfe227aca6195c14434cd11a274dcaefc', '2016-08-04 19:40:28', '2016-08-01 19:40:28', '2016-08-01 19:40:28', NULL, NULL),
(157, 2, 16500068, 1, 50, '7d05c5bfdf1a5c8bd653d57cf4fe7c0b334bda2e4c58dcaefc', '2016-08-07 01:52:04', '2016-08-04 01:52:04', '2016-08-04 01:52:04', NULL, NULL),
(158, 2, 16500070, 1, 50, 'f8a244cbe7287465e962ae85459d8484daffcd8ef727dcaefc', '2016-08-12 14:23:08', '2016-08-09 14:23:08', '2016-08-09 14:23:08', NULL, NULL),
(159, 2, 16500072, 1, 50, 'c48ebf8e054a8f851e9c3aed38ca80309b36352d00b5dcaefc', '2016-08-13 20:34:37', '2016-08-10 20:34:37', '2016-08-10 20:34:37', NULL, NULL),
(160, 2, 16500073, 1, 50, '718e1cec8f36bbff20e2c104e2dbcf0e7eb17011dcf0dcaefc', '2016-08-15 10:33:34', '2016-08-12 10:33:34', '2016-08-12 10:33:34', NULL, NULL),
(161, 2, 16500074, 1, 50, '4d0b506492bdd78a48e21391896dc6e79bdafcbce3f7dcaefc', '2016-08-15 12:51:34', '2016-08-12 12:51:34', '2016-08-12 12:51:34', NULL, NULL),
(162, 2, 16500075, 1, 50, '0acef25eeffc22781ee0c6248b1a05818cc8239ff4cfdcaefc', '2016-08-18 10:55:18', '2016-08-15 10:55:18', '2016-08-15 10:55:18', NULL, NULL),
(163, 3, 17000001, 1, 50, 'd4241810de3b35205d1c984e76d7e4ccaf2bb84d23a3dcaefc', '2016-09-04 09:36:52', '2016-09-01 09:36:52', '2016-09-01 09:36:52', NULL, NULL),
(164, 3, 17000002, 1, 50, '39ac024ca0ebbdfdc91cabc96ef535d6c28159c3ac28dcaefc', '2016-09-04 10:30:44', '2016-09-01 10:30:44', '2016-09-01 10:30:44', NULL, NULL),
(165, 3, 17000003, 1, 50, 'bf65ae6b3da3ea25451cd05207a13163a663258e1092dcaefc', '2016-09-04 12:27:37', '2016-09-01 12:27:37', '2016-09-01 12:27:37', NULL, NULL),
(166, 3, 17000004, 1, 50, '78bb06e9ae11599edb1cbf654e35793e0b5c89dfa7f4dcaefc', '2016-09-04 21:04:30', '2016-09-01 21:04:30', '2016-09-01 21:04:30', NULL, NULL),
(167, 3, 17000007, 1, 50, '451d728373c69dca493e2d44e3733393ffdca0634476dcaefc', '2016-09-07 14:18:27', '2016-09-04 14:18:27', '2016-09-04 14:18:27', NULL, NULL),
(168, 3, 17000010, 1, 50, '0a2cc59f2fe00bbba18ea1e28de5e8076f958428e490dcaefc', '2016-09-10 16:00:25', '2016-09-07 16:00:25', '2016-09-07 16:00:25', NULL, NULL),
(169, 3, 17000012, 1, 50, '619ac134a5d6b86e915acf1bc2a0917ceddc6ad82dbedcaefc', '2016-09-15 19:14:34', '2016-09-12 19:14:34', '2016-09-12 19:14:34', NULL, NULL),
(170, 3, 17000015, 1, 50, '4aa672a04d507a13b8951b9a6376bf72aba62c441fb9dcaefc', '2016-09-18 22:07:46', '2016-09-15 22:07:46', '2016-09-15 22:07:46', NULL, NULL),
(171, 3, 17000017, 1, 50, 'd990912f5cdea1d823f3de9e2a590a314b5a3c8a1ffedcaefc', '2016-09-23 11:42:08', '2016-09-20 11:42:08', '2016-09-20 11:42:08', NULL, NULL),
(172, 3, 17000018, 2, 50, 'f5aa4a44ce0cc4165af3e76149da6ed40d2e66f67747dcaefc', '2016-10-03 13:47:28', '2016-09-20 13:23:16', '2016-09-30 13:47:28', NULL, NULL),
(173, 3, 17000021, 1, 50, 'e4ae3904a35428dfd3a4599715dbe84aaff72c4f72e7dcaefc', '2016-09-30 02:13:17', '2016-09-27 02:13:17', '2016-09-27 02:13:17', NULL, NULL),
(174, 3, 17000022, 1, 50, '8ffef09dea62c86647a4ec91c2c5a669cf6d99c14968dcaefc', '2016-09-30 14:19:35', '2016-09-27 14:19:35', '2016-09-27 14:19:35', NULL, NULL),
(175, 3, 17000022, 1, 50, '8ffef09dea62c86647a475a0486f84fcd92f7f89ba0ddcaefc', '2016-09-30 14:20:09', '2016-09-27 14:20:09', '2016-09-27 14:20:09', NULL, NULL),
(176, 3, 17000025, 1, 50, '359fde2aedc90f95ecf71e0e325797e84099e329248fdcaefc', '2016-10-01 00:54:41', '2016-09-28 00:54:41', '2016-09-28 00:54:41', NULL, NULL),
(177, 3, 17000030, 1, 50, '2e686644339351e8009d8292297821674e78f8eb1d91dcaefc', '2016-10-03 13:40:19', '2016-09-30 13:40:19', '2016-09-30 13:40:19', NULL, NULL),
(178, 3, 17000031, 1, 50, 'de78ec0137b0f9a0249d1eff45d03fd532d5cd0be6a4dcaefc', '2016-10-03 16:04:10', '2016-09-30 16:04:10', '2016-09-30 16:04:10', NULL, NULL),
(179, 3, 17000032, 1, 50, '2f1e27b06c5c96f7629dd8a5bc853fac19232a8a7533dcaefc', '2016-10-03 16:34:19', '2016-09-30 16:34:19', '2016-09-30 16:34:19', NULL, NULL),
(180, 3, 17000029, 1, 50, 'a4d2be52108fb506bb9d081f3971f07eb242e5118c30dcaefc', '2016-10-03 18:45:07', '2016-09-30 18:45:07', '2016-09-30 18:45:07', NULL, NULL),
(181, 3, 17000036, 1, 50, 'ef94012df4fd6c3c289d32ed037786496c382429165bdcaefc', '2016-10-03 22:31:11', '2016-09-30 22:31:11', '2016-09-30 22:31:11', NULL, NULL),
(182, 3, 17000037, 1, 50, '784939ecc6bb8e499cb447aa12480f8cacf0b739fb99dcaefc', '2016-10-04 20:53:07', '2016-10-01 20:53:07', '2016-10-01 20:53:07', NULL, NULL),
(183, 3, 17000038, 1, 50, 'd0eb776d1d82a59fb9abfc957168de1761221de5ddbadcaefc', '2016-10-05 11:48:43', '2016-10-02 11:48:43', '2016-10-02 11:48:43', NULL, NULL),
(184, 3, 17000039, 1, 50, '4e45be0aae7d06923cab9733c7f22c40208b918a332bdcaefc', '2016-10-05 19:51:58', '2016-10-02 19:51:58', '2016-10-02 19:51:58', NULL, NULL),
(185, 3, 17000040, 1, 50, 'bb7e9abbd348002ed3ab1bc3f4f67815212cc762d0dadcaefc', '2016-10-05 21:23:43', '2016-10-02 21:23:43', '2016-10-02 21:23:43', NULL, NULL),
(186, 3, 17000042, 1, 50, '48eaf2d02e942083ec3afa934103ce40e45726f130cadcaefc', '2016-10-06 13:55:47', '2016-10-03 13:55:47', '2016-10-03 13:55:47', NULL, NULL),
(187, 3, 17000027, 1, 50, 'bcdd9e903d1b52f1303a9a084cf2a1c22dafc71abdaddcaefc', '2016-10-06 14:42:16', '2016-10-03 14:42:16', '2016-10-03 14:42:16', NULL, NULL),
(188, 3, 17000044, 1, 50, 'f69ed7f715bd3277dd3a6537975791e091c944dda628dcaefc', '2016-10-06 20:16:52', '2016-10-03 20:16:52', '2016-10-03 20:16:52', NULL, NULL),
(189, 3, 17000045, 1, 50, '9dbfd97f6c05d4a5293a7725b52c38f2f93e7a958496dcaefc', '2016-10-06 21:12:03', '2016-10-03 21:12:03', '2016-10-03 21:12:03', NULL, NULL);

-- --------------------------------------------------------

--
-- Estrutura da tabela `proBoletosPagamentos`
--

CREATE TABLE `proBoletosPagamentos` (
  `id_pagamento` int(11) NOT NULL,
  `id_arquivoretorno` int(11) DEFAULT NULL,
  `id_boleto` int(11) DEFAULT NULL,
  `num_inscricao` int(11) DEFAULT NULL,
  `val_valor_pago` float DEFAULT NULL,
  `val_valor_credito` float DEFAULT NULL,
  `str_codigodoboleto` varchar(128) DEFAULT NULL COMMENT 'obsoleto',
  `str_banco_codigo` varchar(15) DEFAULT NULL,
  `str_banco_agencia` varchar(15) DEFAULT NULL,
  `str_banco_dac` varchar(15) DEFAULT NULL,
  `str_codigoliquidacao` varchar(150) DEFAULT NULL,
  `str_numerosequencial` varchar(12) DEFAULT NULL,
  `dt_pagamento` datetime DEFAULT NULL,
  `dt_identificado_em` datetime DEFAULT NULL,
  `transacao_codigo` int(11) DEFAULT NULL,
  `transacao_status` varchar(100) DEFAULT NULL
) ENGINE=InnoDB DEFAULT CHARSET=utf8;

--
-- Extraindo dados da tabela `proBoletosPagamentos`
--

INSERT INTO `proBoletosPagamentos` (`id_pagamento`, `id_arquivoretorno`, `id_boleto`, `num_inscricao`, `val_valor_pago`, `val_valor_credito`, `str_codigodoboleto`, `str_banco_codigo`, `str_banco_agencia`, `str_banco_dac`, `str_codigoliquidacao`, `str_numerosequencial`, `dt_pagamento`, `dt_identificado_em`, `transacao_codigo`, `transacao_status`) VALUES
(1, 3, 5, 16010009, 5000, 4835, NULL, '104', '4070', '9', 'B3', '000002', '2015-12-08 00:00:00', '2015-12-08 09:14:51', NULL, NULL),
(2, 3, 6, 16010011, 5000, 4835, NULL, '104', '3056', '9', 'B3', '000003', '2015-12-08 00:00:00', '2015-12-08 09:14:51', NULL, NULL),
(3, 3, 15, 16010024, 5000, 4835, NULL, '237', '2584', '1', 'B3', '000004', '2015-12-08 00:00:00', '2015-12-08 09:14:51', NULL, NULL),
(4, 4, 7, 16010010, 5000, 4835, NULL, '1', '1881', '2', 'B2', '000002', '2015-12-10 00:00:00', '2015-12-10 09:53:08', NULL, NULL),
(5, 4, 8, 16010017, 5000, 4835, NULL, '341', '3099', '9', 'Q0', '000003', '2015-12-10 00:00:00', '2015-12-10 09:53:08', NULL, NULL),
(6, 4, 22, 16010021, 5000, 4835, NULL, '104', '263', '4', 'B3', '000004', '2015-12-10 00:00:00', '2015-12-10 09:53:08', NULL, NULL),
(7, 4, 17, 16010027, 5000, 4835, NULL, '33', '188', '3', 'B1', '000005', '2015-12-10 00:00:00', '2015-12-10 09:53:08', NULL, NULL),
(8, 5, 20, 16010031, 5000, 4835, NULL, '1', '5803', '2', 'B3', '000002', '2015-12-11 00:00:00', '2015-12-11 09:15:08', NULL, NULL),
(9, 5, 21, 16010032, 5000, 4835, NULL, '341', '8636', '3', 'Q0', '000003', '2015-12-11 00:00:00', '2015-12-11 09:15:08', NULL, NULL),
(10, 5, 23, 16010034, 5000, 4835, NULL, '1', '4850', '4', 'B2', '000004', '2015-12-11 00:00:00', '2015-12-11 09:15:08', NULL, NULL),
(11, 5, 32, 16010048, 5000, 4835, NULL, '341', '5609', '3', 'BL', '000005', '2015-12-11 00:00:00', '2015-12-11 09:15:08', NULL, NULL),
(12, 6, 28, 16010039, 5000, 4835, NULL, '33', '115', '6', 'B2', '000002', '2015-12-14 00:00:00', '2015-12-14 09:49:47', NULL, NULL),
(13, 7, 11, 16010018, 5000, 4835, NULL, '341', '1517', '2', 'BL', '000002', '2015-12-15 00:00:00', '2015-12-15 11:03:03', NULL, NULL),
(14, 7, 30, 16010044, 5000, 4835, NULL, '341', '3741', '6', 'Q0', '000003', '2015-12-15 00:00:00', '2015-12-15 11:03:03', NULL, NULL),
(15, 7, 33, 16010050, 5000, 4835, NULL, '1', '8527', '4', 'B2', '000004', '2015-12-15 00:00:00', '2015-12-15 11:03:03', NULL, NULL),
(16, 7, 34, 16010051, 5000, 4835, NULL, '1', '8527', '4', 'B2', '000005', '2015-12-15 00:00:00', '2015-12-15 11:03:03', NULL, NULL),
(17, 8, 38, 16010059, 5000, 4835, NULL, '341', '3087', '4', 'AA', '000002', '2015-12-16 00:00:00', '2015-12-16 11:13:33', NULL, NULL),
(18, 9, 37, 16010058, 5000, 4835, NULL, '1', '4853', '8', 'B2', '000002', '2015-12-18 00:00:00', '2015-12-18 11:03:53', NULL, NULL),
(19, 11, 44, 16010070, 5000, 4835, NULL, '1', '4856', '1', 'B2', '000002', '2015-12-23 00:00:00', '2015-12-23 08:32:06', NULL, NULL),
(20, 12, 42, 16010068, 5000, 4835, NULL, '237', '91', '9', 'B3', '000002', '2015-12-28 00:00:00', '2015-12-28 08:33:20', NULL, NULL),
(21, 13, 47, 16010078, 5000, 4835, NULL, '33', '721', '1', 'B3', '000002', '2016-01-05 00:00:00', '2016-01-06 10:27:52', NULL, NULL),
(22, 14, 12, 16010019, 5000, 4835, NULL, '1', '4855', '3', 'B2', '000002', '2016-01-07 00:00:00', '2016-01-07 17:34:36', NULL, NULL),
(23, 14, 45, 16010075, 5000, 4835, NULL, '33', '1760', '8', 'B3', '000003', '2016-01-07 00:00:00', '2016-01-07 17:34:36', NULL, NULL),
(24, 15, 48, 16010081, 5000, 4835, NULL, '1', '7831', '1', 'B1', '000002', '2016-01-11 00:00:00', '2016-01-11 17:48:31', NULL, NULL),
(25, 15, 49, 16010082, 5000, 4835, NULL, '104', '1367', '2', 'B5', '000003', '2016-01-11 00:00:00', '2016-01-11 17:48:31', NULL, NULL),
(26, 16, 10, 16010015, 5000, 4835, NULL, '1', '4856', '1', 'B3', '000002', '2016-01-15 00:00:00', '2016-01-15 09:19:14', NULL, NULL),
(27, 17, 55, 16010091, 5000, 4835, NULL, '1', '7830', '3', 'B1', '000002', '2016-01-19 00:00:00', '2016-01-19 09:46:45', NULL, NULL),
(28, 18, 62, 16010104, 5000, 4835, NULL, '1', '1535', '4', 'B3', '000002', '2016-01-22 00:00:00', '2016-01-22 10:34:03', NULL, NULL),
(29, 19, 58, 16010096, 5000, 4835, NULL, '341', '8499', '6', 'BL', '000002', '2016-01-25 00:00:00', '2016-01-25 08:30:53', NULL, NULL),
(30, 19, 60, 16010100, 5000, 4835, NULL, '341', '252', '7', 'BL', '000003', '2016-01-25 00:00:00', '2016-01-25 08:30:53', NULL, NULL),
(31, 19, 64, 16010106, 5000, 4835, NULL, '104', '3019', '7', 'B5', '000004', '2016-01-25 00:00:00', '2016-01-25 08:30:53', NULL, NULL),
(32, 20, 66, 16010108, 5000, 4835, NULL, '104', '2953', '8', 'B3', '000002', '2016-01-26 00:00:00', '2016-01-26 09:59:02', NULL, NULL),
(33, 21, 69, 16010115, 5000, 4835, NULL, '1', '5809', '9', 'B2', '000002', '2016-01-27 00:00:00', '2016-01-27 09:59:57', NULL, NULL),
(34, 22, 73, 16010125, 5000, 4835, NULL, '33', '319', '4', 'B2', '000002', '2016-02-01 00:00:00', '2016-01-30 08:32:40', NULL, NULL),
(35, 22, 74, 16010127, 5000, 4835, NULL, '341', '9637', '0', 'BL', '000003', '2016-02-01 00:00:00', '2016-01-30 08:32:40', NULL, NULL),
(36, 23, 54, 16010090, 5000, 4835, NULL, '341', '844', '1', 'BL', '000002', '2016-02-02 00:00:00', '2016-02-02 12:00:29', NULL, NULL),
(37, 23, 75, 16010131, 5000, 4835, NULL, '1', '718', '7', 'B3', '000003', '2016-02-02 00:00:00', '2016-02-02 12:00:29', NULL, NULL),
(38, 23, 84, 16010146, 5000, 4835, NULL, '33', '3822', '4', 'B3', '000004', '2016-02-02 00:00:00', '2016-02-02 12:00:29', NULL, NULL),
(39, 24, 87, 16010152, 5000, 4835, NULL, '341', '775', '7', 'CP', '000002', '2016-02-03 00:00:00', '2016-02-03 10:02:04', NULL, NULL),
(40, 25, 25, 16010036, 38000, 37835, NULL, '237', '158', '6', 'B5', '000002', '2016-02-03 00:00:00', '2016-02-03 10:03:10', NULL, NULL),
(41, 26, 86, 16010151, 5000, 4835, NULL, '33', '3565', '9', 'B1', '000002', '2016-02-04 00:00:00', '2016-02-04 09:30:15', NULL, NULL),
(42, 26, 89, 16010154, 5000, 4835, NULL, '341', '8139', '8', 'CP', '000003', '2016-02-04 00:00:00', '2016-02-04 09:30:15', NULL, NULL),
(43, 26, 91, 16010161, 5000, 4835, NULL, '1', '4324', '0', 'B2', '000004', '2016-02-04 00:00:00', '2016-02-04 09:30:15', NULL, NULL),
(44, 27, 19, 16010029, 38000, 37835, NULL, '1', '65', '3', 'B5', '000002', '2016-02-04 00:00:00', '2016-02-04 09:32:57', NULL, NULL),
(45, 28, 95, 16010171, 5000, 4835, NULL, '1', '4855', '3', 'B3', '000002', '2016-02-05 00:00:00', '2016-02-05 09:49:14', NULL, NULL),
(46, 28, 96, 16010174, 5000, 4835, NULL, '341', '3809', '1', 'BL', '000003', '2016-02-05 00:00:00', '2016-02-05 09:49:14', NULL, NULL),
(47, 29, 98, 16010114, 5000, 4835, NULL, '33', '1207', '0', 'B1', '000002', '2016-02-10 00:00:00', '2016-02-10 09:04:51', NULL, NULL),
(48, 29, 70, 16010116, 5000, 4835, NULL, '33', '389', '7', 'B2', '000003', '2016-02-10 00:00:00', '2016-02-10 09:04:51', NULL, NULL),
(49, 29, 76, 16010132, 5000, 4835, NULL, '104', '976', '1', 'B5', '000004', '2016-02-10 00:00:00', '2016-02-10 09:04:51', NULL, NULL),
(50, 29, 99, 16010176, 5000, 4835, NULL, '237', '1702', '0', 'B3', '000005', '2016-02-10 00:00:00', '2016-02-10 09:04:51', NULL, NULL),
(51, 30, 97, 16010175, 5000, 4835, NULL, '422', '93', '5', 'B1', '000002', '2016-02-11 00:00:00', '2016-02-11 09:45:14', NULL, NULL),
(52, 30, 102, 16010181, 5000, 4835, NULL, '1', '4352', '1', 'B6', '000003', '2016-02-11 00:00:00', '2016-02-11 09:45:14', NULL, NULL),
(53, 30, 103, 16010182, 5000, 4835, NULL, '341', '6470', '9', 'BL', '000004', '2016-02-11 00:00:00', '2016-02-11 09:45:14', NULL, NULL),
(54, 30, 106, 16010189, 5000, 4835, NULL, '341', '3789', '5', 'BL', '000005', '2016-02-11 00:00:00', '2016-02-11 09:45:14', NULL, NULL),
(55, 30, 107, 16010190, 5000, 4835, NULL, '237', '354', '1', 'B2', '000006', '2016-02-11 00:00:00', '2016-02-11 09:45:14', NULL, NULL),
(56, 31, 104, 16010184, 5000, 4835, NULL, '399', '535', '5', 'B2', '000002', '2016-02-12 00:00:00', '2016-02-12 09:03:20', NULL, NULL),
(57, 32, 105, 16010188, 5000, 4835, NULL, '33', '3822', '4', 'B3', '000002', '2016-02-16 00:00:00', '2016-02-16 10:56:44', NULL, NULL),
(58, 32, 112, 16010201, 5000, 4835, NULL, '756', '4399', '2', 'B1', '000003', '2016-02-16 00:00:00', '2016-02-16 10:56:44', NULL, NULL),
(59, 33, 114, 16010204, 5000, 4835, NULL, '104', '689', '0', 'B3', '000002', '2016-02-18 00:00:00', '2016-02-18 09:09:55', NULL, NULL),
(60, 33, 118, 16010212, 5000, 4835, NULL, '237', '3245', '8', 'B3', '000003', '2016-02-18 00:00:00', '2016-02-18 09:09:55', NULL, NULL),
(61, 34, 18, 16010028, 38000, 37835, NULL, '237', '1497', '7', 'B3', '000002', '2016-02-19 00:00:00', '2016-02-19 09:14:07', NULL, NULL),
(62, 34, 123, 16010186, 5000, 4835, NULL, '33', '4199', '6', 'B2', '000003', '2016-02-19 00:00:00', '2016-02-19 09:14:07', NULL, NULL),
(63, 34, 121, 16010200, 5000, 4835, NULL, '745', '1', '8', 'B1', '000004', '2016-02-19 00:00:00', '2016-02-19 09:14:07', NULL, NULL),
(64, 34, 115, 16010206, 5000, 4835, NULL, '1', '301', '2', 'B6', '000005', '2016-02-19 00:00:00', '2016-02-19 09:14:07', NULL, NULL),
(65, 34, 116, 16010208, 5000, 4835, NULL, '341', '29', '9', 'AA', '000006', '2016-02-19 00:00:00', '2016-02-19 09:14:07', NULL, NULL),
(66, 35, 122, 16010216, 5000, 4835, NULL, '1', '7832', '9', 'B1', '000002', '2016-02-22 00:00:00', '2016-02-22 09:48:54', NULL, NULL),
(67, 43, 132, 16500006, 5000, 4686, NULL, '001', '6815', '5', 'B2', '000003', '2016-06-17 00:00:00', '2016-06-17 09:02:45', NULL, NULL),
(68, 44, 127, 16500008, 5000, 4686, NULL, '001', '7002', '9', 'B6', '000006', '2016-06-13 00:00:00', '2016-06-17 11:14:21', NULL, NULL),
(69, 44, 130, 16500013, 5000, 4686, NULL, '341', '9652', '9', 'CP', '000007', '2016-06-13 00:00:00', '2016-06-17 11:14:21', NULL, NULL),
(70, 45, 137, 16500019, 5000, 4686, NULL, '341', '9649', '5', 'AA', '000012', '2016-06-21 00:00:00', '2016-06-21 09:38:31', NULL, NULL),
(71, 46, 125, 16500002, 5000, 4686, NULL, '104', '0150', '3', 'B5', '000002', '2016-06-24 00:00:00', '2016-06-24 10:12:58', NULL, NULL),
(72, 48, 139, 16500021, 5000, 4686, NULL, '104', '2942', '1', 'B5', '000003', '2016-07-05 00:00:00', '2016-07-05 09:06:43', NULL, NULL),
(73, 48, 140, 16500023, 5000, 4686, NULL, '001', '5933', '7', 'B2', '000004', '2016-07-05 00:00:00', '2016-07-05 09:06:43', NULL, NULL),
(74, 49, 141, 16500031, 5000, 4686, NULL, '104', '3289', '6', 'B5', '000017', '2016-07-11 00:00:00', '2016-07-09 08:33:43', NULL, NULL),
(75, 50, 145, 16500036, 5000, 4686, NULL, '104', '3210', '2', 'B5', '000003', '2016-07-15 00:00:00', '2016-07-15 11:32:22', NULL, NULL),
(76, 50, 144, 16500040, 5000, 4686, NULL, '104', '3306', '8', 'B3', '000004', '2016-07-15 00:00:00', '2016-07-15 11:32:22', NULL, NULL),
(77, 51, 147, 16500047, 5000, 4686, NULL, '237', '2328', '3', 'B3', '000011', '2016-07-19 00:00:00', '2016-07-19 09:20:57', NULL, NULL),
(78, 53, 161, 16500074, 5000, 4686, NULL, '341', '6241', '4', 'BL', '000006', '2016-08-15 00:00:00', '2016-08-15 10:20:44', NULL, NULL),
(79, 55, 153, 16500054, 5000, 4686, NULL, '237', '6601', '9', 'B2', '000005', '2016-08-23 00:00:00', '2016-08-26 11:40:56', NULL, NULL),
(80, 56, 166, 17000004, 5000, 4686, NULL, '001', '5696', '0', 'B1', '000010', '2016-09-06 00:00:00', '2016-09-06 09:04:57', NULL, NULL),
(81, 57, 168, 17000010, 5000, 4686, NULL, '341', '8451', '7', 'BL', '000023', '2016-09-09 00:00:00', '2016-09-09 08:53:25', NULL, NULL),
(82, 58, 170, 17000015, 5000, 4686, NULL, '341', '6328', '9', 'BL', '000003', '2016-09-20 00:00:00', '2016-09-20 09:03:01', NULL, NULL),
(83, 60, 176, 17000025, 5000, 4686, NULL, '341', '6477', '4', 'BL', '000002', '2016-09-29 00:00:00', '2016-09-29 09:19:15', NULL, NULL),
(84, 61, 181, 17000036, 5000, 4686, NULL, '033', '0112', '3', 'B2', '000005', '2016-10-04 00:00:00', '2016-10-04 09:46:10', NULL, NULL),
(85, 61, 182, 17000037, 5000, 4686, NULL, '341', '9337', '7', 'BL', '000006', '2016-10-04 00:00:00', '2016-10-04 09:46:10', NULL, NULL);

-- --------------------------------------------------------

--
-- Estrutura da tabela `proBoletosRetorno`
--

CREATE TABLE `proBoletosRetorno` (
  `id_arquivoretorno` int(11) NOT NULL,
  `num_pagamentos` int(11) DEFAULT NULL,
  `str_arquivo` varchar(50) DEFAULT NULL,
  `dt_arquivo` datetime DEFAULT NULL,
  `dt_identificado_em` datetime DEFAULT NULL
) ENGINE=InnoDB DEFAULT CHARSET=utf8;

--
-- Extraindo dados da tabela `proBoletosRetorno`
--

INSERT INTO `proBoletosRetorno` (`id_arquivoretorno`, `num_pagamentos`, `str_arquivo`, `dt_arquivo`, `dt_identificado_em`) VALUES
(2, 2, 'CN30115B.RET', '2015-11-30 00:00:00', '2015-12-01 14:42:56'),
(3, 3, 'CN07125B.RET', '2015-12-07 00:00:00', '2015-12-08 09:14:51'),
(4, 4, 'CN09125B.RET', '2015-12-09 00:00:00', '2015-12-10 09:53:08'),
(5, 4, 'CN10125A.RET', '2015-12-10 00:00:00', '2015-12-11 09:15:08'),
(6, 1, 'CN11125B.RET', '2015-12-11 00:00:00', '2015-12-14 09:49:47'),
(7, 4, 'CN14125B.RET', '2015-12-14 00:00:00', '2015-12-15 11:03:03'),
(8, 1, 'CN15125B.RET', '2015-12-15 00:00:00', '2015-12-16 11:13:33'),
(9, 1, 'CN17125B.RET', '2015-12-17 00:00:00', '2015-12-18 11:03:53'),
(10, 1, 'CN18125B.RET', '2015-12-18 00:00:00', '2015-12-19 09:06:26'),
(11, 1, 'CN22125B.RET', '2015-12-22 00:00:00', '2015-12-23 08:32:06'),
(12, 1, 'CN24125B.RET', '2015-12-24 00:00:00', '2015-12-28 08:33:20'),
(13, 2, 'CN04016B.RET', '2016-01-04 00:00:00', '2016-01-06 10:27:52'),
(14, 4, 'CN06016B.RET', '2016-01-06 00:00:00', '2016-01-07 17:34:36'),
(15, 4, 'CN08016B.RET', '2016-01-08 00:00:00', '2016-01-11 17:48:31'),
(16, 1, 'CN14016B.RET', '2016-01-14 00:00:00', '2016-01-15 09:19:13'),
(17, 1, 'CN18016B.RET', '2016-01-18 00:00:00', '2016-01-19 09:46:44'),
(18, 1, 'CN21016B.RET', '2016-01-21 00:00:00', '2016-01-22 10:34:03'),
(19, 3, 'CN22016B.RET', '2016-01-22 00:00:00', '2016-01-25 08:30:53'),
(20, 1, 'CN25016B.RET', '2016-01-25 00:00:00', '2016-01-26 09:59:02'),
(21, 1, 'CN26016B.RET', '2016-01-26 00:00:00', '2016-01-27 09:59:57'),
(22, 2, 'CN29016B.RET', '2016-01-29 00:00:00', '2016-01-30 08:32:40'),
(23, 3, 'CN01026B.RET', '2016-02-01 00:00:00', '2016-02-02 12:00:29'),
(24, 1, 'CN02026B.RET', '2016-02-02 00:00:00', '2016-02-03 10:02:04'),
(25, 1, 'CN02026E.RET', '2016-02-02 00:00:00', '2016-02-03 10:03:10'),
(26, 3, 'CN03026B.RET', '2016-02-03 00:00:00', '2016-02-04 09:30:15'),
(27, 1, 'CN03026F.RET', '2016-02-03 00:00:00', '2016-02-04 09:32:57'),
(28, 2, 'CN04026B.RET', '2016-02-04 00:00:00', '2016-02-05 09:49:14'),
(29, 4, 'CN05026B.RET', '2016-02-05 00:00:00', '2016-02-10 09:04:51'),
(30, 5, 'CN10026B.RET', '2016-02-10 00:00:00', '2016-02-11 09:45:14'),
(31, 1, 'CN11026B.RET', '2016-02-11 00:00:00', '2016-02-12 09:03:20'),
(32, 2, 'CN15026B.RET', '2016-02-15 00:00:00', '2016-02-16 10:56:44'),
(33, 2, 'CN17026B.RET', '2016-02-17 00:00:00', '2016-02-18 09:09:55'),
(34, 5, 'CN18026B.RET', '2016-02-18 00:00:00', '2016-02-19 09:14:07'),
(35, 1, 'CN19026B.RET', '2016-02-19 00:00:00', '2016-02-22 09:48:54'),
(36, 1, 'CN29026B.RET', '2016-02-29 00:00:00', '2016-03-01 09:43:59'),
(37, 2, 'CN23036F.RET', '2016-03-23 00:00:00', '2016-03-24 09:01:50'),
(38, 1, 'CN20046E.RET', '2016-04-20 00:00:00', '2016-04-22 09:19:12'),
(39, 3, 'CN11056H.RET', '2016-05-11 00:00:00', '2016-05-12 10:36:10'),
(40, 4, 'CN12056H.RET', '2016-05-12 00:00:00', '2016-05-13 09:52:42'),
(41, 1, 'CN27056G.RET', '2016-05-27 00:00:00', '2016-05-28 09:08:46'),
(42, 2, 'CN03066I.RET', '2016-06-03 00:00:00', '2016-06-04 09:07:56'),
(43, 2, 'CN16066E.RET', '2016-06-16 00:00:00', '2016-06-17 09:02:45'),
(44, 6, 'CN10066I.RET', '2016-06-10 00:00:00', '2016-06-17 11:14:21'),
(45, 11, 'CN20066G.RET', '2016-06-20 00:00:00', '2016-06-21 09:38:31'),
(46, 1, 'CN23066G.RET', '2016-06-23 00:00:00', '2016-06-24 10:12:58'),
(47, 3, 'CN01046G.RET', '2016-04-01 00:00:00', '2016-07-02 09:17:48'),
(48, 3, 'CN04076H.RET', '2016-07-04 00:00:00', '2016-07-05 09:06:43'),
(49, 16, 'CN08076F.RET', '2016-07-08 00:00:00', '2016-07-09 08:33:43'),
(50, 3, 'CN14076G (1).RET', '2016-07-14 00:00:00', '2016-07-15 11:32:22'),
(51, 10, 'CN18076H.RET', '2016-07-18 00:00:00', '2016-07-19 09:20:57'),
(52, 7, 'CN12086G.RET', '2016-08-12 00:00:00', '2016-08-13 09:20:48'),
(53, 5, 'CN12086H.RET', '2016-08-12 00:00:00', '2016-08-15 10:20:44'),
(54, 2, 'CN24086H.RET', '2016-08-24 00:00:00', '2016-08-25 09:04:17'),
(55, 4, 'CN22086H.RET', '2016-08-22 00:00:00', '2016-08-26 11:40:56'),
(56, 9, 'CN05096H.RET', '2016-09-05 00:00:00', '2016-09-06 09:04:56'),
(57, 22, 'CN08096H.RET', '2016-09-08 00:00:00', '2016-09-09 08:53:24'),
(58, 2, 'CN19096H.RET', '2016-09-19 00:00:00', '2016-09-20 09:03:01'),
(59, 1, 'CN23096H.RET', '2016-09-23 00:00:00', '2016-09-24 08:43:50'),
(60, 1, 'CN28096G.RET', '2016-09-28 00:00:00', '2016-09-29 09:19:12'),
(61, 5, 'CN03106I.RET', '2016-10-03 00:00:00', '2016-10-04 09:46:09');

-- --------------------------------------------------------

--
-- Estrutura da tabela `proCursos`
--

CREATE TABLE `proCursos` (
  `id_curso` int(10) UNSIGNED NOT NULL,
  `id_processo` int(10) UNSIGNED DEFAULT NULL,
  `str_nome` varchar(50) COLLATE latin1_general_ci DEFAULT NULL,
  `int_valor` float DEFAULT NULL,
  `ch_situacao` char(1) CHARACTER SET utf8 NOT NULL DEFAULT 'A'
) ENGINE=MyISAM DEFAULT CHARSET=latin1 COLLATE=latin1_general_ci;

--
-- Extraindo dados da tabela `proCursos`
--

INSERT INTO `proCursos` (`id_curso`, `id_processo`, `str_nome`, `int_valor`, `ch_situacao`) VALUES
(1, 1, 'Direito - Diurno', 50, 'A'),
(2, 1, 'Direito - Noturno', 50, 'A'),
(3, 2, 'Direito', 50, 'A'),
(4, 3, 'Direito - Diurno', 50, 'A'),
(5, 3, 'Direito - Noturno', 50, 'A');

-- --------------------------------------------------------

--
-- Estrutura da tabela `proCursosGrupos`
--

CREATE TABLE `proCursosGrupos` (
  `id_grupo` int(10) UNSIGNED NOT NULL,
  `id_curso` int(10) UNSIGNED DEFAULT NULL,
  `str_nome` varchar(20) COLLATE latin1_general_ci DEFAULT NULL,
  `str_descricao` text COLLATE latin1_general_ci,
  `ch_situacao` char(1) COLLATE latin1_general_ci DEFAULT 'A'
) ENGINE=MyISAM DEFAULT CHARSET=latin1 COLLATE=latin1_general_ci;

--
-- Extraindo dados da tabela `proCursosGrupos`
--

INSERT INTO `proCursosGrupos` (`id_grupo`, `id_curso`, `str_nome`, `str_descricao`, `ch_situacao`) VALUES
(1, 3, 'Categoria 1', 'Portadores de Diploma', 'A'),
(2, 3, 'Categoria 2', 'Transferência externa de Curso de Direito de outra IES para o IDP', 'A'),
(3, 3, 'Categoria 3', 'Transferência externa de Cursos de áreas afins de outra IES para o IDP', 'A'),
(4, 3, 'Categoria 4', 'Processo Seletivo (ingresso de novos alunos na turma existente do Curso Matutino)', 'A');

-- --------------------------------------------------------

--
-- Estrutura da tabela `proEnem`
--

CREATE TABLE `proEnem` (
  `id_enem` int(11) NOT NULL,
  `id_processo` int(11) NOT NULL,
  `str_ano` varchar(30) NOT NULL
) ENGINE=InnoDB DEFAULT CHARSET=utf8;

--
-- Extraindo dados da tabela `proEnem`
--

INSERT INTO `proEnem` (`id_enem`, `id_processo`, `str_ano`) VALUES
(1, 1, '2014'),
(2, 1, '2015'),
(3, 0, '2014'),
(4, 0, '2015'),
(5, 3, '2015'),
(6, 3, '2016');

-- --------------------------------------------------------

--
-- Estrutura da tabela `proEstados`
--

CREATE TABLE `proEstados` (
  `id_estado` int(11) NOT NULL,
  `str_nome` varchar(60) NOT NULL,
  `str_sigla` varchar(2) NOT NULL
) ENGINE=MyISAM DEFAULT CHARSET=utf8;

--
-- Extraindo dados da tabela `proEstados`
--

INSERT INTO `proEstados` (`id_estado`, `str_nome`, `str_sigla`) VALUES
(1, 'Acre', 'AC'),
(2, 'Alagoas', 'AL'),
(3, 'Amazonas', 'AM'),
(4, 'Amapá', 'AP'),
(5, 'Bahia', 'BA'),
(6, 'Ceará', 'CE'),
(7, 'Distrito Federal', 'DF'),
(8, 'Espírito Santo', 'ES'),
(9, 'Goiás', 'GO'),
(10, 'Maranhão', 'MA'),
(11, 'Minas Gerais', 'MG'),
(12, 'Mato Grosso do Sul', 'MS'),
(13, 'Mato Grosso', 'MT'),
(14, 'Pará', 'PA'),
(15, 'Paraíba', 'PB'),
(16, 'Pernambuco', 'PE'),
(17, 'Piauí', 'PI'),
(18, 'Paraná', 'PR'),
(19, 'Rio de Janeiro', 'RJ'),
(20, 'Rio Grande do Norte', 'RN'),
(21, 'Roraima', 'RR'),
(22, 'Rondônia', 'RO'),
(23, 'Rio Grande do Sul', 'RS'),
(24, 'Santa Catarina', 'SC'),
(25, 'Sergipe', 'SE'),
(26, 'São Paulo', 'SP'),
(27, 'Tocantins', 'TO');

-- --------------------------------------------------------

--
-- Estrutura da tabela `proInscricoes`
--

CREATE TABLE `proInscricoes` (
  `id_inscricao` int(11) NOT NULL,
  `id_processo` int(11) DEFAULT NULL,
  `id_pessoafisica` int(11) DEFAULT NULL,
  `id_sala` int(11) NOT NULL DEFAULT '0',
  `num_inscricao` int(11) DEFAULT NULL,
  `id_curso` int(11) DEFAULT NULL,
  `id_grupo` int(11) NOT NULL DEFAULT '0',
  `num_opcao_2` tinyint(4) DEFAULT NULL,
  `num_classificacao` smallint(6) DEFAULT NULL,
  `str_periodoClassificado` varchar(255) DEFAULT NULL,
  `num_chamada` smallint(6) NOT NULL DEFAULT '0',
  `str_local` varchar(150) DEFAULT NULL,
  `str_prova_sala` varchar(50) DEFAULT NULL,
  `ch_enem` char(1) NOT NULL,
  `str_enem_ano` varchar(5) NOT NULL,
  `str_enem_inscricao` varchar(30) NOT NULL,
  `str_ensinomedio_local` varchar(150) DEFAULT NULL,
  `str_ensinomedio_conclusao` varchar(4) DEFAULT NULL,
  `str_necessidade_especial` varchar(150) DEFAULT NULL,
  `ch_comunicacao_outrafaculdade` char(1) NOT NULL,
  `str_comunicacao_qualcurso` varchar(255) DEFAULT NULL,
  `str_comunicacao_quaislocais` varchar(255) DEFAULT NULL,
  `str_comunicacao_ficousabendo` varchar(255) DEFAULT NULL,
  `dt_inscricao` datetime DEFAULT NULL,
  `ch_aprovado` char(1) DEFAULT NULL,
  `ch_necessidade_especial` char(1) DEFAULT NULL,
  `ch_necessidade_canhoto` char(1) DEFAULT NULL,
  `ch_concordo_termos` char(1) DEFAULT NULL,
  `ch_concordo_manual` char(1) DEFAULT NULL,
  `ch_visita` char(1) DEFAULT NULL,
  `ch_situacao` char(1) NOT NULL DEFAULT 'A',
  `num_nota_enem` double NOT NULL,
  `num_nota_npo` double DEFAULT NULL,
  `num_nota_nr` double DEFAULT NULL,
  `num_nota_nf` double DEFAULT NULL,
  `ch_facebook` char(1) DEFAULT '0',
  `ch_navegador` varchar(500) DEFAULT NULL,
  `int_etapa` int(11) DEFAULT '0',
  `int_aprovado` int(11) DEFAULT NULL
) ENGINE=InnoDB DEFAULT CHARSET=utf8;

--
-- Extraindo dados da tabela `proInscricoes`
--

INSERT INTO `proInscricoes` (`id_inscricao`, `id_processo`, `id_pessoafisica`, `id_sala`, `num_inscricao`, `id_curso`, `id_grupo`, `num_opcao_2`, `num_classificacao`, `str_periodoClassificado`, `num_chamada`, `str_local`, `str_prova_sala`, `ch_enem`, `str_enem_ano`, `str_enem_inscricao`, `str_ensinomedio_local`, `str_ensinomedio_conclusao`, `str_necessidade_especial`, `ch_comunicacao_outrafaculdade`, `str_comunicacao_qualcurso`, `str_comunicacao_quaislocais`, `str_comunicacao_ficousabendo`, `dt_inscricao`, `ch_aprovado`, `ch_necessidade_especial`, `ch_necessidade_canhoto`, `ch_concordo_termos`, `ch_concordo_manual`, `ch_visita`, `ch_situacao`, `num_nota_enem`, `num_nota_npo`, `num_nota_nr`, `num_nota_nf`, `ch_facebook`, `ch_navegador`, `int_etapa`, `int_aprovado`) VALUES
(2, 1, 2, 0, 16010002, 1, 0, NULL, NULL, NULL, 0, NULL, NULL, 'S', '2014', '1313145215', 'IFSULDEMINAS', '2010', '', 'S', 'Medicina', 'SLM', 'Revista', '2015-11-30 17:30:38', NULL, 'N', 'S', 'S', 'S', NULL, 'I', 0, NULL, NULL, NULL, '0', 'Mozilla/5.0 (Windows NT 6.1; WOW64) AppleWebKit/537.36 (KHTML, like Gecko) Chrome/46.0.2490.86 Safari/537.36', 4, NULL),
(3, 1, 3, 0, 16010003, 1, 0, NULL, NULL, NULL, 0, NULL, NULL, 'N', '', '', 'Colegio Joana', '1995', '', 'N', '', '', 'Outro', '2015-12-01 07:58:49', NULL, 'N', 'N', 'S', 'S', NULL, 'A', 0, NULL, NULL, NULL, '0', 'Mozilla/5.0 (iPhone; CPU iPhone OS 9_1 like Mac OS X) AppleWebKit/601.1.46 (KHTML, like Gecko) Version/9.0 Mobile/13B143 Safari/601.1', 4, NULL),
(4, 1, 4, 0, 16010004, 1, 0, NULL, NULL, NULL, 0, NULL, NULL, '', '', '', NULL, NULL, NULL, '', NULL, NULL, NULL, '2015-12-01 11:23:39', NULL, NULL, NULL, NULL, NULL, NULL, 'A', 0, NULL, NULL, NULL, '0', 'Mozilla/5.0 (Windows NT 6.1; WOW64) AppleWebKit/537.36 (KHTML, like Gecko) Chrome/46.0.2490.86 Safari/537.36', 0, NULL),
(5, 1, 5, 0, 16010005, 1, 0, NULL, NULL, NULL, 0, NULL, NULL, 'S', '2014', '123454321', 'Teste', '2000', '', 'N', '', '', 'Google', '2015-12-04 08:14:47', NULL, 'N', 'N', 'S', 'S', NULL, 'I', 0, NULL, NULL, NULL, '0', 'Mozilla/5.0 (iPad; CPU OS 8_2 like Mac OS X) AppleWebKit/600.1.4 (KHTML, like Gecko) Version/8.0 Mobile/12D508 Safari/600.1.4', 0, NULL),
(6, 1, 6, 0, 16010006, 1, 0, NULL, NULL, NULL, 0, NULL, NULL, '', '', '', NULL, NULL, NULL, '', NULL, NULL, NULL, '2015-12-04 13:31:57', NULL, NULL, NULL, NULL, NULL, NULL, 'A', 0, NULL, NULL, NULL, '0', 'Mozilla/5.0 (compatible; MSIE 10.0; Windows NT 6.1; Trident/6.0)', 0, NULL),
(7, 1, 7, 0, 16010007, 1, 0, NULL, NULL, NULL, 0, NULL, NULL, 'S', '2014', '123', '123', '123', '123,123', 'N', '', '', 'Youtube', '2015-12-04 15:56:32', NULL, 'S', 'N', NULL, NULL, NULL, 'A', 0, NULL, NULL, NULL, '0', 'Mozilla/5.0 (Windows NT 6.1; WOW64; rv:42.0) Gecko/20100101 Firefox/42.0', 1, NULL),
(8, 1, 8, 0, 16010008, 1, 0, NULL, NULL, NULL, 0, NULL, NULL, 'S', '2014', '123', '123', '123', '1233', 'N', '', '', 'Facebook', '2015-12-04 16:02:47', NULL, 'S', 'S', 'S', 'S', NULL, 'I', 0, NULL, NULL, NULL, '0', 'Mozilla/5.0 (Windows NT 6.1; WOW64; Trident/7.0; rv:11.0) like Gecko', 0, NULL),
(9, 1, 9, 0, 16010009, 1, 0, NULL, NULL, NULL, 0, NULL, NULL, 'S', '2014', '141018199848', 'Escola Estadual Agenor de Campos', '2015', '', 'N', '', '', 'Outro', '2015-12-04 22:42:54', NULL, 'N', 'N', 'S', 'S', NULL, 'A', 0, NULL, NULL, NULL, '0', 'Mozilla/5.0 (Windows NT 10.0) AppleWebKit/537.36 (KHTML, like Gecko) Chrome/47.0.2526.73 Safari/537.36', 4, NULL),
(10, 1, 10, 0, 16010010, 1, 0, NULL, NULL, NULL, 0, NULL, NULL, 'N', '', '', 'Colégio Bionatus', '2015', '', 'S', 'Direito', 'Puc/SP, UFMS', 'Jornal', '2015-12-06 09:15:25', NULL, 'N', 'N', 'S', 'S', NULL, 'A', 0, NULL, NULL, NULL, '0', 'Mozilla/5.0 (iPhone; CPU iPhone OS 8_4_1 like Mac OS X) AppleWebKit/600.1.4 (KHTML, like Gecko) Version/8.0 Mobile/12H321 Safari/600.1.4', 4, NULL),
(11, 1, 11, 0, 16010011, 1, 0, NULL, NULL, NULL, 0, NULL, NULL, 'N', '', '', 'ESCOLA ESTADUAL VINÍCIUS DE MORAES', '2001', '', 'N', '', '', 'Pesquisas na internet', '2015-12-06 09:17:53', NULL, 'N', 'N', 'S', 'S', NULL, 'A', 0, NULL, NULL, NULL, '0', 'Mozilla/5.0 (Windows NT 6.1) AppleWebKit/537.36 (KHTML, like Gecko) Chrome/47.0.2526.73 Safari/537.36', 4, NULL),
(12, 1, 12, 0, 16010012, 1, 0, NULL, NULL, NULL, 0, NULL, NULL, '', '', '', NULL, NULL, NULL, '', NULL, NULL, NULL, '2015-12-06 09:56:07', NULL, NULL, NULL, NULL, NULL, NULL, 'A', 0, NULL, NULL, NULL, '0', 'Mozilla/5.0 (Linux; Android 4.4.2; SM-T210 Build/KOT49H) AppleWebKit/537.36 (KHTML, like Gecko) Chrome/47.0.2526.76 Safari/537.36', 0, NULL),
(13, 1, 13, 0, 16010013, 1, 0, NULL, NULL, NULL, 0, NULL, NULL, '', '', '', NULL, NULL, NULL, '', NULL, NULL, NULL, '2015-12-06 10:39:12', NULL, NULL, NULL, NULL, NULL, NULL, 'A', 0, NULL, NULL, NULL, '0', 'Mozilla/5.0 (Windows NT 6.1; WOW64) AppleWebKit/537.36 (KHTML, like Gecko) Chrome/47.0.2526.73 Safari/537.36', 0, NULL),
(14, 1, 14, 0, 16010014, 1, 0, NULL, NULL, NULL, 0, NULL, NULL, '', '', '', NULL, NULL, NULL, '', NULL, NULL, NULL, '2015-12-06 10:54:16', NULL, NULL, NULL, NULL, NULL, NULL, 'A', 0, NULL, NULL, NULL, '0', 'Mozilla/5.0 (iPad; CPU OS 9_1 like Mac OS X) AppleWebKit/601.1.46 (KHTML, like Gecko) Version/9.0 Mobile/13B143 Safari/601.1', 0, NULL),
(15, 1, 15, 0, 16010015, 1, 0, NULL, NULL, NULL, 0, NULL, NULL, 'N', '', '', 'Escola Estadual de Primeiro e Segundo Grau João Cursino .', '1971', '', 'N', '', '', 'Jornal', '2015-12-06 10:55:58', NULL, 'N', 'N', 'S', 'S', NULL, 'A', 0, NULL, NULL, NULL, '0', 'Mozilla/5.0 (Linux; Android 4.4.2; LG-V500 Build/KOT49I.V50020f) AppleWebKit/537.36 (KHTML, like Gecko) Chrome/30.0.1599.103 Safari/537.36', 4, NULL),
(16, 1, 16, 0, 16010016, 1, 0, NULL, NULL, NULL, 0, NULL, NULL, 'N', '', '', 'E.E.P.S.G. Padre Saboia de Medeiros', '1999', '', 'N', '', '', 'Jornal', '2015-12-06 11:08:53', NULL, 'N', 'N', 'S', 'S', NULL, 'A', 0, NULL, NULL, NULL, '0', 'Mozilla/5.0 (Linux; Android 4.4.2; LG-D385 Build/KOT49I.A1405661439) AppleWebKit/537.36 (KHTML, like Gecko) Chrome/47.0.2526.76 Mobile Safari/537.36', 4, NULL),
(17, 1, 17, 0, 16010017, 1, 0, NULL, NULL, NULL, 0, NULL, NULL, 'N', '', '', 'Escola Estadual Jalcira Santos Valadao', '2007', '', 'S', 'Direito', 'Mackenzie', 'Revista', '2015-12-06 11:12:53', NULL, 'N', 'N', 'S', 'S', NULL, 'A', 0, NULL, NULL, NULL, '0', 'Mozilla/5.0 (iPhone; CPU iPhone OS 8_4 like Mac OS X) AppleWebKit/600.1.4 (KHTML, like Gecko) Version/8.0 Mobile/12H143 Safari/600.1.4', 4, NULL),
(18, 1, 18, 0, 16010018, 1, 0, NULL, NULL, NULL, 0, NULL, NULL, 'N', '', '', 'eesg lauro gomes de almeida', '1982', '', 'S', 'direito', 'mackenzie unicamp usp unip', 'Revista', '2015-12-06 11:55:53', NULL, 'N', 'N', 'S', 'S', NULL, 'A', 0, NULL, NULL, NULL, '0', 'Mozilla/5.0 (Windows NT 6.3; WOW64) AppleWebKit/537.36 (KHTML, like Gecko) Chrome/46.0.2490.86 Safari/537.36', 4, NULL),
(19, 1, 19, 0, 16010019, 1, 0, NULL, NULL, NULL, 0, NULL, NULL, 'N', '', '', 'instituto de educação Santa Teresa', '1973', '', 'S', 'direito', 'USP; PUC', 'Revista', '2015-12-06 12:02:57', NULL, 'N', 'N', 'S', 'S', NULL, 'A', 0, NULL, NULL, NULL, '0', 'Mozilla/5.0 (Windows NT 5.1) AppleWebKit/537.36 (KHTML, like Gecko) Chrome/46.0.2490.86 Safari/537.36', 4, NULL),
(20, 1, 20, 0, 16010020, 1, 0, NULL, NULL, NULL, 0, NULL, NULL, 'N', '', '', 'Centro Educacional Arminda de Araújo', '1987', '', 'N', '', '', 'Jornal', '2015-12-06 15:51:18', NULL, 'N', 'N', 'S', 'S', NULL, 'A', 0, NULL, NULL, NULL, '0', 'Mozilla/5.0 (Linux; Android 5.1; XT1033 Build/LPB23.13-56) AppleWebKit/537.36 (KHTML, like Gecko) Chrome/47.0.2526.76 Mobile Safari/537.36', 4, NULL),
(21, 1, 21, 0, 16010021, 1, 0, NULL, NULL, NULL, 0, NULL, NULL, 'N', '', '', 'Colegio das Bandeiras', '1984', '', 'N', '', '', 'Jornal', '2015-12-06 16:57:27', NULL, 'N', 'N', 'S', 'S', NULL, 'A', 0, NULL, NULL, NULL, '0', 'Mozilla/5.0 (Macintosh; Intel Mac OS X 10_11_1) AppleWebKit/601.2.7 (KHTML, like Gecko) Version/9.0.1 Safari/601.2.7', 4, NULL),
(22, 1, 22, 0, 16010022, 1, 0, NULL, NULL, NULL, 0, NULL, NULL, '', '', '', NULL, NULL, NULL, '', NULL, NULL, NULL, '2015-12-06 17:51:01', NULL, NULL, NULL, NULL, NULL, NULL, 'A', 0, NULL, NULL, NULL, '0', 'Mozilla/5.0 (Windows NT 6.1; WOW64; Trident/7.0; rv:11.0) like Gecko', 0, NULL),
(23, 1, 23, 0, 16010023, 1, 0, NULL, NULL, NULL, 0, NULL, NULL, 'N', '', '', 'Centro Educacional Edval Calasans', '2002', '', 'N', '', '', 'Jornal', '2015-12-06 18:31:57', NULL, 'N', 'N', 'S', 'S', NULL, 'A', 0, NULL, NULL, NULL, '0', 'Mozilla/5.0 (Macintosh; Intel Mac OS X 10_10_5) AppleWebKit/601.2.7 (KHTML, like Gecko) Version/9.0.1 Safari/601.2.7', 4, NULL),
(24, 1, 24, 0, 16010024, 1, 0, NULL, NULL, NULL, 0, NULL, NULL, 'N', '', '', 'Colégio Imperatriz Leopoldina', '2015', '', 'S', 'Direito', 'Puc-sp', 'Revista', '2015-12-06 18:54:51', NULL, 'N', 'N', 'S', 'S', NULL, 'A', 0, NULL, NULL, NULL, '0', 'Mozilla/5.0 (Windows NT 6.3; WOW64) AppleWebKit/537.36 (KHTML, like Gecko) Chrome/46.0.2490.86 Safari/537.36', 4, NULL),
(25, 1, 25, 0, 16010025, 1, 0, NULL, NULL, NULL, 0, NULL, NULL, 'N', '', '', 'Sedes Sapientae ', '1980', '', 'N', '', '', 'Revista', '2015-12-06 19:46:15', NULL, 'N', 'N', 'S', 'S', NULL, 'A', 0, NULL, NULL, NULL, '0', 'Mozilla/5.0 (Windows NT 6.3) AppleWebKit/537.36 (KHTML, like Gecko) Chrome/47.0.2526.73 Safari/537.36', 4, NULL),
(26, 1, 26, 0, 16010026, 1, 0, NULL, NULL, NULL, 0, NULL, NULL, '', '', '', NULL, NULL, NULL, '', NULL, NULL, NULL, '2015-12-06 22:25:18', NULL, NULL, NULL, NULL, NULL, NULL, 'A', 0, NULL, NULL, NULL, '0', 'Mozilla/5.0 (iPhone; CPU iPhone OS 9_1 like Mac OS X) AppleWebKit/601.1.46 (KHTML, like Gecko) Version/9.0 Mobile/13B143 Safari/601.1', 0, NULL),
(27, 1, 27, 0, 16010027, 1, 0, NULL, NULL, NULL, 0, NULL, NULL, 'S', '2014', '141067155824', 'colegio objetivo ipiranga', '2015', '', 'N', '', '', 'Jornal', '2015-12-06 22:31:08', NULL, 'N', 'N', 'S', 'S', NULL, 'A', 0, NULL, NULL, NULL, '0', 'Mozilla/5.0 (Windows NT 6.3) AppleWebKit/537.36 (KHTML, like Gecko) Chrome/46.0.2490.86 Safari/537.36', 4, NULL),
(28, 1, 28, 0, 16010028, 1, 0, NULL, NULL, NULL, 0, NULL, NULL, 'N', '', '', 'Visconde de Porto Seguro Unidade II', '2015', '', 'S', 'Direito', 'USP', 'Jornal', '2015-12-06 22:32:39', NULL, 'N', 'N', 'S', 'S', NULL, 'A', 0, NULL, NULL, NULL, '0', 'Mozilla/5.0 (Windows NT 6.1; WOW64) AppleWebKit/537.36 (KHTML, like Gecko) Chrome/47.0.2526.73 Safari/537.36', 4, NULL),
(29, 1, 29, 0, 16010029, 1, 0, NULL, NULL, NULL, 0, NULL, NULL, 'N', '', '', 'Liceu José de Alencar ', '2013', '', 'N', '', '', 'Facebook', '2015-12-07 00:17:17', NULL, 'N', 'N', 'S', 'S', NULL, 'A', 0, NULL, NULL, NULL, '0', 'Mozilla/5.0 (Linux; Android 4.4.2; GT-I9515L Build/KOT49H) AppleWebKit/537.36 (KHTML, like Gecko) Chrome/47.0.2526.76 Mobile Safari/537.36', 4, NULL),
(30, 1, 30, 0, 16010030, 1, 0, NULL, NULL, NULL, 0, NULL, NULL, 'N', '', '', 'Colegio Madre Alix', '2015', '', 'S', 'direito e publicidade', 'puc e mackenzie', 'Revista', '2015-12-07 10:54:51', NULL, 'N', 'N', NULL, NULL, NULL, 'A', 0, NULL, NULL, NULL, '0', 'Mozilla/5.0 (Macintosh; Intel Mac OS X 10_8_5) AppleWebKit/600.3.18 (KHTML, like Gecko) Version/6.2.3 Safari/537.85.12', 1, NULL),
(31, 1, 31, 0, 16010031, 1, 0, NULL, NULL, NULL, 0, NULL, NULL, 'N', '', '', 'Escola Alef', '2015', '', 'N', '', '', 'Jornal', '2015-12-07 12:46:07', NULL, 'N', 'N', 'S', 'S', NULL, 'A', 0, NULL, NULL, NULL, '0', 'Mozilla/5.0 (Windows NT 6.1; WOW64) AppleWebKit/537.36 (KHTML, like Gecko) Chrome/47.0.2526.73 Safari/537.36', 4, NULL),
(32, 1, 32, 0, 16010032, 1, 0, NULL, NULL, NULL, 0, NULL, NULL, 'N', '', '', 'Anglo Sorocaba', '2014', '', 'S', 'Direito', 'Mackenzie', 'Indicação', '2015-12-07 13:27:11', NULL, 'N', 'N', 'S', 'S', NULL, 'A', 0, NULL, NULL, NULL, '0', 'Mozilla/5.0 (iPhone; CPU iPhone OS 8_4 like Mac OS X) AppleWebKit/600.1.4 (KHTML, like Gecko) Version/8.0 Mobile/12H143 Safari/600.1.4', 4, NULL),
(33, 1, 33, 0, 16010033, 1, 0, NULL, NULL, NULL, 0, NULL, NULL, '', '', '', NULL, NULL, NULL, '', NULL, NULL, NULL, '2015-12-07 14:50:15', NULL, NULL, NULL, NULL, NULL, NULL, 'A', 0, NULL, NULL, NULL, '0', 'Mozilla/5.0 (Windows NT 6.1) AppleWebKit/537.36 (KHTML, like Gecko) Chrome/46.0.2490.86 Safari/537.36', 0, NULL),
(34, 1, 34, 0, 16010034, 1, 0, NULL, NULL, NULL, 0, NULL, NULL, 'S', '2014', '151000772363', 'Colégio Objetivo', '2015', '', 'N', '', '', 'Revista', '2015-12-07 17:12:49', NULL, 'N', 'N', 'S', 'S', NULL, 'A', 0, NULL, NULL, NULL, '0', 'Mozilla/5.0 (Windows NT 6.1) AppleWebKit/537.36 (KHTML, like Gecko) Chrome/47.0.2526.73 Safari/537.36', 4, NULL),
(35, 1, 35, 0, 16010035, 1, 0, NULL, NULL, NULL, 0, NULL, NULL, 'N', '', '', 'colegio CPV', '2015', '', 'S', 'direito ', 'PUC', 'Jornal', '2015-12-07 17:54:29', NULL, 'N', 'N', 'S', 'S', NULL, 'A', 0, NULL, NULL, NULL, '0', 'Mozilla/5.0 (Macintosh; Intel Mac OS X 10_5_8) AppleWebKit/537.1 (KHTML, like Gecko) Chrome/21.0.1180.90 Safari/537.1', 4, NULL),
(36, 1, 36, 0, 16010036, 1, 0, NULL, NULL, NULL, 0, NULL, NULL, 'N', '', '', 'Escola Pública ', '2005', '', 'N', '', '', 'Outro', '2015-12-07 20:12:00', NULL, 'N', 'N', 'S', 'S', NULL, 'A', 0, NULL, NULL, NULL, '0', 'Mozilla/5.0 (iPhone; CPU iPhone OS 9_1 like Mac OS X) AppleWebKit/601.1 (KHTML, like Gecko) CriOS/47.0.2526.70 Mobile/13B143 Safari/601.1.46', 4, NULL),
(37, 1, 37, 0, 16010037, 1, 0, NULL, NULL, NULL, 0, NULL, NULL, 'N', '', '', 'ESCOLA ESTADUAL CARLOS MOLTENI PROFESSOR ', '2008', '', 'N', '', '', 'Indicação', '2015-12-08 08:06:08', NULL, 'N', 'N', 'S', 'S', NULL, 'A', 0, NULL, NULL, NULL, '0', 'Mozilla/5.0 (Windows NT 6.1; WOW64) AppleWebKit/537.36 (KHTML, like Gecko) Chrome/47.0.2526.73 Safari/537.36', 4, NULL),
(38, 1, 38, 0, 16010038, 1, 0, NULL, NULL, NULL, 0, NULL, NULL, 'N', '', '', 'Centro de Ensino Universalizante Brasileiro CEUBRAS ', '2009', '', 'N', '', '', 'Indicação', '2015-12-08 14:13:32', NULL, 'N', 'N', 'S', 'S', NULL, 'A', 0, NULL, NULL, NULL, '0', 'Mozilla/5.0 (Windows NT 6.1) AppleWebKit/537.36 (KHTML, like Gecko) Chrome/47.0.2526.73 Safari/537.36', 4, NULL),
(39, 1, 39, 0, 16010039, 1, 0, NULL, NULL, NULL, 0, NULL, NULL, 'S', '2013', '131003320240', 'Cotil - Colegio Tecnico de Limeira da UNICAMP', '2013', '', 'S', 'Direito', 'FGV', 'Jornal', '2015-12-08 18:13:03', NULL, 'N', 'N', 'S', 'S', NULL, 'A', 0, NULL, NULL, NULL, '0', 'Mozilla/5.0 (Macintosh; Intel Mac OS X 10_7_4) AppleWebKit/534.57.2 (KHTML, like Gecko) Version/5.1.7 Safari/534.57.2', 4, NULL),
(40, 1, 40, 0, 16010040, 1, 0, NULL, NULL, NULL, 0, NULL, NULL, '', '', '', NULL, NULL, NULL, '', NULL, NULL, NULL, '2015-12-08 20:12:47', NULL, NULL, NULL, NULL, NULL, NULL, 'A', 0, NULL, NULL, NULL, '0', 'Mozilla/5.0 (Linux; Android 5.1.1; MotoG3 Build/LPI23.72-47.4) AppleWebKit/537.36 (KHTML, like Gecko) Chrome/47.0.2526.76 Mobile Safari/537.36', 0, NULL),
(41, 1, 41, 0, 16010041, 1, 0, NULL, NULL, NULL, 0, NULL, NULL, 'N', '', '', 'EE. AQUILINO RIBEIRO', '2015', '', 'N', '', '', 'Outro', '2015-12-09 10:37:32', NULL, 'N', 'N', NULL, NULL, NULL, 'A', 0, NULL, NULL, NULL, '0', 'Mozilla/5.0 (Windows NT 6.1; WOW64) AppleWebKit/537.36 (KHTML, like Gecko) Chrome/47.0.2526.73 Safari/537.36', 1, NULL),
(42, 1, 42, 0, 16010042, 1, 0, NULL, NULL, NULL, 0, NULL, NULL, '', '', '', NULL, NULL, NULL, '', NULL, NULL, NULL, '2015-12-09 11:02:30', NULL, NULL, NULL, NULL, NULL, NULL, 'A', 0, NULL, NULL, NULL, '0', 'Mozilla/5.0 (Windows NT 6.1; WOW64) AppleWebKit/537.36 (KHTML, like Gecko) Chrome/47.0.2526.73 Safari/537.36', 0, NULL),
(43, 1, 43, 0, 16010043, 1, 0, NULL, NULL, NULL, 0, NULL, NULL, 'N', '', '', 'ceeja', '2011', '', 'N', '', '', 'Pesquisas na internet', '2015-12-09 12:26:28', NULL, 'N', 'N', 'S', 'S', NULL, 'A', 0, NULL, NULL, NULL, '0', 'Mozilla/5.0 (Windows NT 6.3; Win64; x64; Trident/7.0; rv:11.0) like Gecko', 4, NULL),
(44, 1, 44, 0, 16010044, 1, 0, NULL, NULL, NULL, 0, NULL, NULL, 'N', '', '', 'COLÉGIO PENTÁGONO', '2000', '', 'N', '', '', 'Indicação', '2015-12-09 12:44:25', NULL, 'N', 'N', 'S', 'S', NULL, 'A', 0, NULL, NULL, NULL, '0', 'Mozilla/5.0 (Windows NT 10.0; WOW64) AppleWebKit/537.36 (KHTML, like Gecko) Chrome/46.0.2490.86 Safari/537.36', 4, NULL),
(45, 1, 45, 0, 16010045, 1, 0, NULL, NULL, NULL, 0, NULL, NULL, '', '', '', NULL, NULL, NULL, '', NULL, NULL, NULL, '2015-12-09 16:53:52', NULL, NULL, NULL, NULL, NULL, NULL, 'A', 0, NULL, NULL, NULL, '0', 'Mozilla/5.0 (Windows NT 10.0) AppleWebKit/537.36 (KHTML, like Gecko) Chrome/47.0.2526.73 Safari/537.36', 0, NULL),
(46, 1, 46, 0, 16010046, 1, 0, NULL, NULL, NULL, 0, NULL, NULL, '', '', '', NULL, NULL, NULL, '', NULL, NULL, NULL, '2015-12-09 20:22:47', NULL, NULL, NULL, NULL, NULL, NULL, 'A', 0, NULL, NULL, NULL, '0', 'Mozilla/5.0 (Linux; Android 4.1.2; GT-I8190L Build/JZO54K) AppleWebKit/537.36 (KHTML, like Gecko) Chrome/47.0.2526.76 Mobile Safari/537.36', 0, NULL),
(47, 1, 47, 0, 16010047, 1, 0, NULL, NULL, NULL, 0, NULL, NULL, 'N', '', '', 'E.E Plínio Negrão', '2015', '', 'N', '', '', 'Jornal', '2015-12-09 20:40:41', NULL, 'N', 'N', 'S', 'S', NULL, 'A', 0, NULL, NULL, NULL, '0', 'Mozilla/5.0 (iPhone; CPU iPhone OS 9_1 like Mac OS X) AppleWebKit/601.1.46 (KHTML, like Gecko) Version/9.0 Mobile/13B143 Safari/601.1', 4, NULL),
(48, 1, 48, 0, 16010048, 1, 0, NULL, NULL, NULL, 0, NULL, NULL, 'N', '', '', 'Colégio Marista ', '1986', '', 'N', '', '', 'Jornal', '2015-12-09 22:07:02', NULL, 'N', 'N', 'S', 'S', NULL, 'A', 0, NULL, NULL, NULL, '0', 'Mozilla/5.0 (iPhone; CPU iPhone OS 9_1 like Mac OS X) AppleWebKit/601.1.46 (KHTML, like Gecko) Version/9.0 Mobile/13B143 Safari/601.1', 4, NULL),
(49, 1, 49, 0, 16010049, 1, 0, NULL, NULL, NULL, 0, NULL, NULL, '', '', '', NULL, NULL, NULL, '', NULL, NULL, NULL, '2015-12-10 16:10:25', NULL, NULL, NULL, NULL, NULL, NULL, 'A', 0, NULL, NULL, NULL, '0', 'Mozilla/5.0 (Windows NT 6.1) AppleWebKit/537.36 (KHTML, like Gecko) Chrome/47.0.2526.80 Safari/537.36', 0, NULL),
(50, 1, 50, 0, 16010050, 1, 0, NULL, NULL, NULL, 0, NULL, NULL, 'N', '', '', 'INSTITUTO DE EDUCAÇÃO FIRMINO DE PROENÇA', '1973', '', 'N', '', '', 'Revista', '2015-12-10 18:39:35', NULL, 'N', 'N', 'S', 'S', NULL, 'A', 0, NULL, NULL, NULL, '0', 'Mozilla/5.0 (Windows NT 6.3; WOW64) AppleWebKit/537.36 (KHTML, like Gecko) Chrome/47.0.2526.80 Safari/537.36', 4, NULL),
(51, 1, 51, 0, 16010051, 1, 0, NULL, NULL, NULL, 0, NULL, NULL, 'N', '', '', 'ESCOLA TÉCNICA ESTADUAL PROF. CAMARGO ARANHA', '1978', '', 'N', '', '', 'Revista', '2015-12-10 18:52:08', NULL, 'N', 'N', 'S', 'S', NULL, 'A', 0, NULL, NULL, NULL, '0', 'Mozilla/5.0 (Windows NT 6.3; WOW64) AppleWebKit/537.36 (KHTML, like Gecko) Chrome/47.0.2526.80 Safari/537.36', 4, NULL),
(52, 1, 52, 0, 16010052, 1, 0, NULL, NULL, NULL, 0, NULL, NULL, '', '', '', NULL, NULL, NULL, '', NULL, NULL, NULL, '2015-12-10 20:10:12', NULL, NULL, NULL, NULL, NULL, NULL, 'A', 0, NULL, NULL, NULL, '0', 'Mozilla/5.0 (Windows NT 6.3; WOW64; rv:42.0) Gecko/20100101 Firefox/42.0', 0, NULL),
(53, 1, 53, 0, 16010053, 1, 0, NULL, NULL, NULL, 0, NULL, NULL, '', '', '', NULL, NULL, NULL, '', NULL, NULL, NULL, '2015-12-11 00:10:22', NULL, NULL, NULL, NULL, NULL, NULL, 'A', 0, NULL, NULL, NULL, '0', 'Mozilla/5.0 (iPhone; CPU iPhone OS 7_0_6 like Mac OS X) AppleWebKit/537.51.1 (KHTML, like Gecko) Version/7.0 Mobile/11B651 Safari/9537.53', 0, NULL),
(54, 1, 54, 0, 16010054, 1, 0, NULL, NULL, NULL, 0, NULL, NULL, 'S', '2014', '141016190746', 'Colégio Jardim São Paulo', '2013', '', 'N', '', '', 'Site da IDP/SP', '2015-12-11 10:32:09', NULL, 'N', 'N', 'S', 'S', NULL, 'A', 0, NULL, NULL, NULL, '0', 'Mozilla/5.0 (Windows NT 6.1) AppleWebKit/537.36 (KHTML, like Gecko) Chrome/46.0.2490.86 Safari/537.36', 4, NULL),
(55, 1, 55, 0, 16010055, 1, 0, NULL, NULL, NULL, 0, NULL, NULL, 'S', '2014', '151007698823', 'Colégio Pódio ', '2013', '', 'N', '', '', 'Notícia na internet', '2015-12-11 21:43:45', NULL, 'N', 'N', NULL, NULL, NULL, 'A', 0, NULL, NULL, NULL, '0', 'Mozilla/5.0 (Mobile; Windows Phone 8.1; Android 4.0; ARM; Trident/7.0; Touch; rv:11.0; IEMobile/11.0; Microsoft; RM-1109) like iPhone OS 7_0_3 Mac OS X AppleWebKit/537 (KHTML, like Gecko) Mobile Safari/537', 2, NULL),
(56, 1, 56, 0, 16010056, 1, 0, NULL, NULL, NULL, 0, NULL, NULL, 'N', '', '', 'Colégio Evolução', '2002', '', 'N', '', '', 'Site da IDP/SP', '2015-12-11 22:33:00', NULL, 'N', 'N', 'S', 'S', NULL, 'A', 0, NULL, NULL, NULL, '0', 'Mozilla/5.0 (X11; Linux i686) AppleWebKit/537.22 (KHTML, like Gecko) Chrome/25.0.1364.172 Safari/537.22', 4, NULL),
(57, 1, 57, 0, 16010057, 1, 0, NULL, NULL, NULL, 0, NULL, NULL, '', '', '', NULL, NULL, NULL, '', NULL, NULL, NULL, '2015-12-11 23:10:11', NULL, NULL, NULL, NULL, NULL, NULL, 'A', 0, NULL, NULL, NULL, '0', 'Mozilla/5.0 (Windows NT 6.1; WOW64) AppleWebKit/537.36 (KHTML, like Gecko) Chrome/47.0.2526.80 Safari/537.36', 0, NULL),
(58, 1, 58, 0, 16010058, 1, 0, NULL, NULL, NULL, 0, NULL, NULL, 'N', '', '', 'Escola Estadual Vitor Viana', '1973', '', 'N', '', '', 'Pesquisas na internet', '2015-12-12 09:31:40', NULL, 'N', 'N', 'S', 'S', NULL, 'A', 0, NULL, NULL, NULL, '0', 'Mozilla/5.0 (Windows NT 5.1) AppleWebKit/537.36 (KHTML, like Gecko) Chrome/30.0.1599.69 Safari/537.36', 4, NULL),
(59, 1, 59, 0, 16010059, 1, 0, NULL, NULL, NULL, 0, NULL, NULL, 'S', '2014', '141026444601', 'Instituto de Educação e Cultura de Carmo do Rio Claro MG', '2014', '', 'S', 'Direito', 'Mackenzie e FMU', 'Jornal', '2015-12-14 12:07:57', NULL, 'N', 'N', 'S', 'S', NULL, 'A', 0, NULL, NULL, NULL, '0', 'Mozilla/5.0 (Windows NT 5.1; rv:42.0) Gecko/20100101 Firefox/42.0', 4, NULL),
(60, 1, 60, 0, 16010060, 1, 0, NULL, NULL, NULL, 0, NULL, NULL, 'N', '', '', 'Colégio ímpar supletivo', '2001', '', 'N', '', '', 'Jornal', '2015-12-15 19:54:06', NULL, 'N', 'N', 'S', 'S', NULL, 'A', 0, NULL, NULL, NULL, '0', 'Mozilla/5.0 (iPhone; CPU iPhone OS 9_2 like Mac OS X) AppleWebKit/600.1.4 (KHTML, like Gecko) GSA/11.0.65374 Mobile/13C75 Safari/600.1.4', 4, NULL),
(61, 1, 61, 0, 16010061, 1, 0, NULL, NULL, NULL, 0, NULL, NULL, '', '', '', NULL, NULL, NULL, '', NULL, NULL, NULL, '2015-12-15 19:59:15', NULL, NULL, NULL, NULL, NULL, NULL, 'A', 0, NULL, NULL, NULL, '0', 'Mozilla/5.0 (iPhone; CPU iPhone OS 8_3 like Mac OS X) AppleWebKit/600.1.4 (KHTML, like Gecko) Version/8.0 Mobile/12F70 Safari/600.1.4', 0, NULL),
(62, 1, 62, 0, 16010062, 1, 0, NULL, NULL, NULL, 0, NULL, NULL, '', '', '', NULL, NULL, NULL, '', NULL, NULL, NULL, '2015-12-15 22:42:58', NULL, NULL, NULL, NULL, NULL, NULL, 'A', 0, NULL, NULL, NULL, '0', 'Mozilla/5.0 (Macintosh; Intel Mac OS X 10_11_1) AppleWebKit/537.36 (KHTML, like Gecko) Chrome/47.0.2526.80 Safari/537.36', 0, NULL),
(63, 1, 63, 0, 16010063, 1, 0, NULL, NULL, NULL, 0, NULL, NULL, 'N', '', '', 'E.E.  Caetano Zamitti Mammana', '2009', '', 'N', '', '', 'Site da IDP/SP', '2015-12-17 00:30:21', NULL, 'N', 'N', 'S', 'S', NULL, 'A', 0, NULL, NULL, NULL, '0', 'Mozilla/5.0 (Linux; Android 5.0.2; XT1069 Build/LXB22.99-16.3) AppleWebKit/537.36 (KHTML, like Gecko) Chrome/47.0.2526.83 Mobile Safari/537.36', 4, NULL),
(64, 1, 64, 0, 16010064, 1, 0, NULL, NULL, NULL, 0, NULL, NULL, '', '', '', NULL, NULL, NULL, '', NULL, NULL, NULL, '2015-12-17 00:44:37', NULL, NULL, NULL, NULL, NULL, NULL, 'A', 0, NULL, NULL, NULL, '0', 'Mozilla/5.0 (Linux; Android 5.1; XT1058 Build/LPA23.12-21.7) AppleWebKit/537.36 (KHTML, like Gecko) Chrome/47.0.2526.83 Mobile Safari/537.36', 0, NULL),
(65, 1, 65, 0, 16010065, 1, 0, NULL, NULL, NULL, 0, NULL, NULL, 'N', '', '', 'Colégio Salete', '1987', '', 'S', 'Direito', 'UNIP, EPD, UNICID', 'Facebook', '2015-12-17 19:57:52', NULL, 'N', 'N', 'S', 'S', NULL, 'A', 0, NULL, NULL, NULL, '0', 'Mozilla/5.0 (Windows NT 5.1) AppleWebKit/537.36 (KHTML, like Gecko) Chrome/47.0.2526.80 Safari/537.36', 4, NULL),
(66, 1, 66, 0, 16010066, 1, 0, NULL, NULL, NULL, 0, NULL, NULL, 'N', '', '', 'Colegio Agostiniano ', '2014', '', 'S', 'Direito', 'USP', 'Outro', '2015-12-18 18:17:57', NULL, 'N', 'N', 'S', 'S', NULL, 'A', 0, NULL, NULL, NULL, '0', 'Mozilla/4.0 (compatible; MSIE 8.0; Windows NT 6.1; Trident/4.0; SLCC2; .NET CLR 2.0.50727; .NET CLR 3.5.30729; .NET CLR 3.0.30729; Media Center PC 6.0; Tablet PC 2.0; .NET4.0C; .NET4.0E)', 4, NULL),
(67, 1, 67, 0, 16010067, 2, 0, NULL, NULL, NULL, 0, NULL, NULL, '', '', '', NULL, NULL, NULL, '', NULL, NULL, NULL, '2015-12-19 07:38:45', NULL, NULL, NULL, NULL, NULL, NULL, 'A', 0, NULL, NULL, NULL, '0', 'Mozilla/5.0 (Linux; Android 4.1.2; Y340-U081 Build/HuaweiY340-U081) AppleWebKit/537.36 (KHTML, like Gecko) Chrome/45.0.2454.94 Mobile Safari/537.36', 0, NULL),
(68, 1, 68, 0, 16010068, 1, 0, NULL, NULL, NULL, 0, NULL, NULL, 'N', '2015', '151005696873', 'Colégio Passionista São Paulo da Cruz', '2015', '', 'S', 'Direito', 'Mackenzie', 'Indicação', '2015-12-21 13:01:36', NULL, 'N', 'N', 'S', 'S', NULL, 'A', 0, NULL, NULL, NULL, '0', 'Mozilla/5.0 (Windows NT 6.1; WOW64; rv:43.0) Gecko/20100101 Firefox/43.0', 4, NULL),
(69, 1, 69, 0, 16010069, 2, 0, NULL, NULL, NULL, 0, NULL, NULL, 'N', '', '', 'Edina Alvares Barbosa', '2015', '', 'N', '', '', 'Site da IDP/SP', '2015-12-21 16:13:15', NULL, 'N', 'N', 'S', 'S', NULL, 'A', 0, NULL, NULL, NULL, '0', 'Mozilla/5.0 (Windows NT 6.3) AppleWebKit/537.36 (KHTML, like Gecko) Chrome/47.0.2526.106 Safari/537.36', 4, NULL),
(70, 1, 70, 0, 16010070, 1, 0, NULL, NULL, NULL, 0, NULL, NULL, 'N', '', '', 'Colégio Friburgo', '2014', '', 'S', 'Direito e Filosofia ', 'USP e UNICAMP', 'Indicação', '2015-12-21 18:16:29', NULL, 'N', 'S', 'S', 'S', NULL, 'A', 0, NULL, NULL, NULL, '0', 'Mozilla/5.0 (Windows NT 6.1; WOW64) AppleWebKit/537.36 (KHTML, like Gecko) Chrome/47.0.2526.106 Safari/537.36', 4, NULL),
(71, 1, 71, 0, 16010071, 2, 0, NULL, NULL, NULL, 0, NULL, NULL, '', '', '', NULL, NULL, NULL, '', NULL, NULL, NULL, '2015-12-25 16:30:41', NULL, NULL, NULL, NULL, NULL, NULL, 'A', 0, NULL, NULL, NULL, '0', 'Mozilla/5.0 (Windows NT 6.1; WOW64) AppleWebKit/537.36 (KHTML, like Gecko) Chrome/47.0.2526.106 Safari/537.36', 0, NULL),
(72, 1, 72, 0, 16010072, 1, 0, NULL, NULL, NULL, 0, NULL, NULL, '', '', '', NULL, NULL, NULL, '', NULL, NULL, NULL, '2015-12-28 12:52:39', NULL, NULL, NULL, NULL, NULL, NULL, 'A', 0, NULL, NULL, NULL, '0', 'Mozilla/5.0 (Windows NT 6.1; WOW64) AppleWebKit/537.36 (KHTML, like Gecko) Chrome/47.0.2526.106 Safari/537.36', 0, NULL),
(73, 1, 73, 0, 16010073, 2, 0, NULL, NULL, NULL, 0, NULL, NULL, 'S', '2014', '141075198693', 'Escola Estadual Senador João Galeão Carvalhal', '2014', '', 'N', '', '', 'Site da IDP/SP', '2015-12-28 15:06:10', NULL, 'N', 'N', NULL, NULL, NULL, 'A', 0, NULL, NULL, NULL, '0', 'Mozilla/5.0 (Windows NT 6.1; WOW64) AppleWebKit/537.36 (KHTML, like Gecko) Chrome/47.0.2526.106 Safari/537.36', 2, NULL),
(74, 1, 74, 0, 16010074, 1, 0, NULL, NULL, NULL, 0, NULL, NULL, '', '', '', NULL, NULL, NULL, '', NULL, NULL, NULL, '2015-12-31 08:29:31', NULL, NULL, NULL, NULL, NULL, NULL, 'A', 0, NULL, NULL, NULL, '0', 'Mozilla/5.0 (Windows NT 6.1; WOW64) AppleWebKit/537.36 (KHTML, like Gecko) Chrome/47.0.2526.106 Safari/537.36', 0, NULL),
(75, 1, 75, 0, 16010075, 2, 0, NULL, NULL, NULL, 0, NULL, NULL, 'N', '', '', 'Colégio Oswaldo Cruz', '2013', '', 'N', '', '', 'Indicação', '2016-01-03 14:44:18', NULL, 'N', 'N', 'S', 'S', NULL, 'A', 0, NULL, NULL, NULL, '0', 'Mozilla/5.0 (iPhone; CPU iPhone OS 9_2 like Mac OS X) AppleWebKit/601.1 (KHTML, like Gecko) CriOS/47.0.2526.107 Mobile/13C75 Safari/601.1.46', 4, NULL),
(76, 1, 76, 0, 16010076, 2, 0, NULL, NULL, NULL, 0, NULL, NULL, 'N', '', '', 'Colégio Serrano Guardia', '2015', '', 'S', 'Direito', 'Fig, unip, faap, mackenzie, puc ', 'Jornal', '2016-01-04 15:24:11', NULL, 'N', 'N', 'S', 'S', NULL, 'A', 0, NULL, NULL, NULL, '0', 'Mozilla/5.0 (Windows NT 5.1) AppleWebKit/537.36 (KHTML, like Gecko) Chrome/47.0.2526.106 Safari/537.36', 4, NULL),
(77, 1, 77, 0, 16010077, 2, 0, NULL, NULL, NULL, 0, NULL, NULL, '', '', '', NULL, NULL, NULL, '', NULL, NULL, NULL, '2016-01-04 17:58:59', NULL, NULL, NULL, NULL, NULL, NULL, 'A', 0, NULL, NULL, NULL, '0', 'Mozilla/5.0 (Windows NT 6.1) AppleWebKit/537.36 (KHTML, like Gecko) Chrome/47.0.2526.106 Safari/537.36', 0, NULL),
(78, 1, 78, 0, 16010078, 1, 0, NULL, NULL, NULL, 0, NULL, NULL, 'N', '', '', 'Colégio Visconde de Porto Seguro', '2006', '', 'N', '', '', 'Indicação', '2016-01-04 18:59:20', NULL, 'N', 'N', 'S', 'S', NULL, 'A', 0, NULL, NULL, NULL, '0', 'Mozilla/5.0 (Macintosh; Intel Mac OS X 10_10_5) AppleWebKit/537.36 (KHTML, like Gecko) Chrome/47.0.2526.106 Safari/537.36', 4, NULL),
(79, 1, 79, 0, 16010079, 2, 0, NULL, NULL, NULL, 0, NULL, NULL, '', '', '', NULL, NULL, NULL, '', NULL, NULL, NULL, '2016-01-05 08:03:09', NULL, NULL, NULL, NULL, NULL, NULL, 'A', 0, NULL, NULL, NULL, '0', 'Mozilla/5.0 (Windows NT 6.3; WOW64) AppleWebKit/537.36 (KHTML, like Gecko) Chrome/47.0.2526.106 Safari/537.36', 0, NULL),
(80, 1, 80, 0, 16010080, 2, 0, NULL, NULL, NULL, 0, NULL, NULL, 'N', '', '', 'E.E. Comendador Antônio Figueiredo Navas', '2015', '', 'N', '', '', 'Facebook', '2016-01-06 12:41:22', NULL, 'N', 'N', NULL, NULL, NULL, 'A', 0, NULL, NULL, NULL, '0', 'Mozilla/5.0 (Linux; Android 5.1.1; SM-J500M Build/LMY48B; wv) AppleWebKit/537.36 (KHTML, like Gecko) Version/4.0 Chrome/46.0.2490.76 Mobile Safari/537.36', 2, NULL),
(81, 1, 81, 0, 16010081, 2, 0, NULL, NULL, NULL, 0, NULL, NULL, 'N', '', '', 'Escola Estadual Augusto de Freitas Villalva Junior', '1983', '', 'N', '', '', 'Jornal', '2016-01-06 15:57:27', NULL, 'N', 'N', 'S', 'S', NULL, 'A', 0, NULL, NULL, NULL, '0', 'Mozilla/5.0 (Windows NT 6.1; WOW64; rv:43.0) Gecko/20100101 Firefox/43.0', 4, NULL),
(82, 1, 82, 0, 16010082, 1, 0, NULL, NULL, NULL, 0, NULL, NULL, 'N', '', '', 'Montessori Santa Terezinha', '2015', '', 'S', 'Direito', 'Mackenzie ', 'Jornal', '2016-01-06 17:02:16', NULL, 'N', 'N', 'S', 'S', NULL, 'A', 0, NULL, NULL, NULL, '0', 'Mozilla/5.0 (Windows NT 6.2; WOW64) AppleWebKit/537.36 (KHTML, like Gecko) Chrome/47.0.2526.106 Safari/537.36', 4, NULL),
(83, 1, 83, 0, 16010083, 1, 0, NULL, NULL, NULL, 0, NULL, NULL, 'N', '', '', 'Liceu', '2015', '', 'N', '', '', 'Indicação', '2016-01-06 19:07:46', NULL, 'N', 'N', 'S', 'S', NULL, 'A', 0, NULL, NULL, NULL, '0', 'Mozilla/5.0 (Macintosh; Intel Mac OS X 10_10_5) AppleWebKit/600.8.9 (KHTML, like Gecko) Version/8.0.8 Safari/600.8.9', 4, NULL),
(84, 1, 84, 0, 16010084, 2, 0, NULL, NULL, NULL, 0, NULL, NULL, 'N', '', '', 'E.E. JARDIM BEATRIZ', '2015', '', 'N', '', '', 'Outro', '2016-01-06 23:40:06', NULL, 'N', 'N', 'S', 'S', NULL, 'A', 0, NULL, NULL, NULL, '0', 'Mozilla/5.0 (Windows NT 6.1) AppleWebKit/537.36 (KHTML, like Gecko) Chrome/47.0.2526.106 Safari/537.36', 4, NULL),
(85, 1, 85, 0, 16010085, 1, 0, NULL, NULL, NULL, 0, NULL, NULL, '', '', '', NULL, NULL, NULL, '', NULL, NULL, NULL, '2016-01-08 07:06:12', NULL, NULL, NULL, NULL, NULL, NULL, 'A', 0, NULL, NULL, NULL, '0', 'Mozilla/5.0 (Windows NT 6.1) AppleWebKit/537.36 (KHTML, like Gecko) Chrome/47.0.2526.106 Safari/537.36', 0, NULL),
(86, 1, 86, 0, 16010086, 1, 0, NULL, NULL, NULL, 0, NULL, NULL, '', '', '', NULL, NULL, NULL, '', NULL, NULL, NULL, '2016-01-09 00:59:56', NULL, NULL, NULL, NULL, NULL, NULL, 'A', 0, NULL, NULL, NULL, '0', 'Mozilla/5.0 (Linux; Android 4.4.4; XT1068 Build/KXB21.85-24) AppleWebKit/537.36 (KHTML, like Gecko) Chrome/42.0.2311.111 Mobile Safari/537.36', 0, NULL),
(87, 1, 87, 0, 16010087, 2, 0, NULL, NULL, NULL, 0, NULL, NULL, '', '', '', NULL, NULL, NULL, '', NULL, NULL, NULL, '2016-01-11 22:04:14', NULL, NULL, NULL, NULL, NULL, NULL, 'A', 0, NULL, NULL, NULL, '0', 'Mozilla/5.0 (Windows NT 6.1; WOW64) AppleWebKit/537.36 (KHTML, like Gecko) Chrome/47.0.2526.106 Safari/537.36', 0, NULL),
(88, 1, 88, 0, 16010088, 2, 0, NULL, NULL, NULL, 0, NULL, NULL, 'N', '', '', 'Colegio London', '2015', '', 'N', '', '', 'Facebook', '2016-01-12 12:48:49', NULL, 'N', 'N', 'S', 'S', NULL, 'A', 0, NULL, NULL, NULL, '0', 'Mozilla/5.0 (Macintosh; Intel Mac OS X 10_9_5) AppleWebKit/600.5.17 (KHTML, like Gecko) Version/7.1.5 Safari/537.85.14', 4, NULL),
(89, 1, 89, 0, 16010089, 1, 0, NULL, NULL, NULL, 0, NULL, NULL, 'S', '2014', '151000277693', 'colegio atomo', '2013', '', 'N', '', '', 'Jornal', '2016-01-13 02:45:27', NULL, 'N', 'N', NULL, NULL, NULL, 'A', 0, NULL, NULL, NULL, '0', 'Mozilla/5.0 (Macintosh; Intel Mac OS X 10_11_1) AppleWebKit/537.36 (KHTML, like Gecko) Chrome/47.0.2526.106 Safari/537.36', 2, NULL),
(90, 1, 90, 0, 16010090, 1, 0, NULL, NULL, NULL, 0, NULL, NULL, 'N', '', '', 'Dr. José Maria Whitaker', '2004', '', 'N', '', '', 'Outro', '2016-01-13 09:05:06', NULL, 'N', 'N', 'S', 'S', NULL, 'A', 0, NULL, NULL, NULL, '0', 'Mozilla/5.0 (Windows NT 10.0; WOW64) AppleWebKit/537.36 (KHTML, like Gecko) Chrome/47.0.2526.106 Safari/537.36', 4, NULL),
(91, 1, 91, 0, 16010091, 1, 0, NULL, NULL, NULL, 0, NULL, NULL, 'S', '2015', '151003041416', 'Colégio Eduardo Gomes', '2015', '', 'N', '', '', 'Indicação', '2016-01-15 19:02:22', NULL, 'N', 'N', 'S', 'S', NULL, 'A', 0, NULL, NULL, NULL, '0', 'Mozilla/5.0 (Windows NT 6.1; WOW64) AppleWebKit/537.36 (KHTML, like Gecko) Chrome/47.0.2526.106 Safari/537.36', 4, NULL),
(92, 1, 92, 0, 16010092, 1, 0, NULL, NULL, NULL, 0, NULL, NULL, '', '', '', NULL, NULL, NULL, '', NULL, NULL, NULL, '2016-01-16 05:53:49', NULL, NULL, NULL, NULL, NULL, NULL, 'A', 0, NULL, NULL, NULL, '0', 'Mozilla/5.0 (Linux; Android 5.1.1; SAMSUNG SM-G920I Build/LMY47X) AppleWebKit/537.36 (KHTML, like Gecko) SamsungBrowser/3.2 Chrome/38.0.2125.102 Mobile Safari/537.36', 0, NULL),
(93, 1, 93, 0, 16010093, 1, 0, NULL, NULL, NULL, 0, NULL, NULL, 'N', '', '', 'Etec Uirapuru', '2015', '', 'N', '', '', 'Facebook', '2016-01-16 23:33:36', NULL, 'N', 'S', 'S', 'S', NULL, 'A', 0, NULL, NULL, NULL, '0', 'Mozilla/5.0 (Windows NT 6.1; WOW64) AppleWebKit/537.36 (KHTML, like Gecko) Chrome/47.0.2526.111 Safari/537.36', 4, NULL),
(94, 1, 94, 0, 16010094, 1, 0, NULL, NULL, NULL, 0, NULL, NULL, 'N', '', '', 'Bionatus', '2015', '', 'N', '', '', 'Indicação', '2016-01-18 15:23:22', NULL, 'N', 'N', 'S', 'S', NULL, 'A', 0, NULL, NULL, NULL, '0', 'Mozilla/5.0 (Macintosh; Intel Mac OS X 10_10_5) AppleWebKit/537.36 (KHTML, like Gecko) Chrome/47.0.2526.106 Safari/537.36', 4, NULL),
(95, 1, 95, 0, 16010095, 2, 0, NULL, NULL, NULL, 0, NULL, NULL, '', '', '', NULL, NULL, NULL, '', NULL, NULL, NULL, '2016-01-18 22:14:57', NULL, NULL, NULL, NULL, NULL, NULL, 'A', 0, NULL, NULL, NULL, '0', 'Mozilla/5.0 (Windows NT 6.3; WOW64) AppleWebKit/537.36 (KHTML, like Gecko) Chrome/47.0.2526.111 Safari/537.36', 0, NULL),
(96, 1, 96, 0, 16010096, 1, 0, NULL, NULL, NULL, 0, NULL, NULL, 'N', '', '', 'Faculdade Padre Anchieta', '1969', '', 'N', '', '', 'Pesquisas na internet', '2016-01-19 12:22:05', NULL, 'N', 'N', 'S', 'S', NULL, 'A', 0, NULL, NULL, NULL, '0', 'Mozilla/5.0 (Windows NT 6.1; WOW64; rv:43.0) Gecko/20100101 Firefox/43.0', 4, NULL),
(97, 1, 97, 0, 16010097, 1, 0, NULL, NULL, NULL, 0, NULL, NULL, '', '', '', NULL, NULL, NULL, '', NULL, NULL, NULL, '2016-01-19 19:27:01', NULL, NULL, NULL, NULL, NULL, NULL, 'A', 0, NULL, NULL, NULL, '0', 'Mozilla/5.0 (Windows NT 6.3; WOW64) AppleWebKit/537.36 (KHTML, like Gecko) Chrome/47.0.2526.111 Safari/537.36', 0, NULL),
(98, 1, 98, 0, 16010098, 1, 0, NULL, NULL, NULL, 0, NULL, NULL, 'N', '', '', 'APOMI', '1996', '', 'N', '', '', 'Outro', '2016-01-19 20:10:13', NULL, 'N', 'N', 'S', 'S', NULL, 'A', 0, NULL, NULL, NULL, '0', 'Mozilla/5.0 (Windows NT 6.1; WOW64) AppleWebKit/537.36 (KHTML, like Gecko) Chrome/47.0.2526.111 Safari/537.36', 4, NULL),
(99, 1, 99, 0, 16010099, 2, 0, NULL, NULL, NULL, 0, NULL, NULL, '', '', '', NULL, NULL, NULL, '', NULL, NULL, NULL, '2016-01-19 20:28:18', NULL, NULL, NULL, NULL, NULL, NULL, 'A', 0, NULL, NULL, NULL, '0', 'Mozilla/5.0 (Windows NT 6.3; WOW64) AppleWebKit/537.36 (KHTML, like Gecko) Chrome/47.0.2526.111 Safari/537.36', 0, NULL),
(100, 1, 100, 0, 16010100, 1, 0, NULL, NULL, NULL, 0, NULL, NULL, 'N', '', '', 'Anglo Sorocaba', '2015', '', 'N', '', '', 'Indicação', '2016-01-19 22:10:17', NULL, 'N', 'N', 'S', 'S', NULL, 'A', 0, NULL, NULL, NULL, '0', 'Mozilla/5.0 (Macintosh; Intel Mac OS X 10_11_2) AppleWebKit/537.36 (KHTML, like Gecko) Chrome/47.0.2526.111 Safari/537.36', 4, NULL),
(101, 1, 101, 0, 16010101, 1, 0, NULL, NULL, NULL, 0, NULL, NULL, '', '', '', NULL, NULL, NULL, '', NULL, NULL, NULL, '2016-01-20 09:00:12', NULL, NULL, NULL, NULL, NULL, NULL, 'A', 0, NULL, NULL, NULL, '0', 'Mozilla/5.0 (X11; CrOS x86_64 7520.67.0) AppleWebKit/537.36 (KHTML, like Gecko) Chrome/47.0.2526.110 Safari/537.36', 0, NULL),
(102, 1, 102, 0, 16010102, 2, 0, NULL, NULL, NULL, 0, NULL, NULL, 'N', '', '', 'ESTADUAL HUMBERTO MENDES', '1997', '', 'N', '', '', 'Outro', '2016-01-20 16:28:13', NULL, 'N', 'N', NULL, NULL, NULL, 'A', 0, NULL, NULL, NULL, '0', 'Mozilla/5.0 (Windows NT 6.1; WOW64) AppleWebKit/537.36 (KHTML, like Gecko) Chrome/47.0.2526.111 Safari/537.36', 1, NULL),
(103, 1, 103, 0, 16010103, 1, 0, NULL, NULL, NULL, 0, NULL, NULL, 'N', '', '', 'E.E PROF. DELCIO DE SOUZA CUNHA', '2011', '', 'N', '', '', 'Notícia na internet', '2016-01-21 11:12:26', NULL, 'N', 'N', 'S', 'S', NULL, 'A', 0, NULL, NULL, NULL, '0', 'Mozilla/5.0 (Windows NT 6.3; WOW64) AppleWebKit/537.36 (KHTML, like Gecko) Chrome/47.0.2526.111 Safari/537.36', 4, NULL),
(104, 1, 104, 0, 16010104, 2, 0, NULL, NULL, NULL, 0, NULL, NULL, 'N', '', '', 'Vital Brasil', '2011', '', 'N', '', '', 'Jornal', '2016-01-21 12:11:19', NULL, 'N', 'S', 'S', 'S', NULL, 'A', 0, NULL, NULL, NULL, '0', 'Mozilla/5.0 (Windows NT 10.0; WOW64) AppleWebKit/537.36 (KHTML, like Gecko) Chrome/47.0.2526.111 Safari/537.36', 4, NULL),
(105, 1, 105, 0, 16010105, 2, 0, NULL, NULL, NULL, 0, NULL, NULL, 'N', '', '', 'Faculdade COC - Uniseb', '2013', '', 'N', '', '', 'Outro', '2016-01-21 20:12:31', NULL, 'N', 'N', 'S', 'S', NULL, 'A', 0, NULL, NULL, NULL, '0', 'Mozilla/5.0 (iPhone; CPU iPhone OS 9_2 like Mac OS X) AppleWebKit/601.1.46 (KHTML, like Gecko) Version/9.0 Mobile/13C75 Safari/601.1', 4, NULL),
(106, 1, 76, 0, 16010106, 1, 0, NULL, NULL, NULL, 0, NULL, NULL, 'N', '', '', 'Cólegio Serrano Guardia', '2015', '', 'N', '', '', 'Jornal', '2016-01-22 09:52:42', NULL, 'N', 'N', 'S', 'S', NULL, 'A', 0, NULL, NULL, NULL, '0', 'Mozilla/5.0 (Windows NT 6.1; Win64; x64) AppleWebKit/537.36 (KHTML, like Gecko) Chrome/47.0.2526.111 Safari/537.36', 4, NULL),
(107, 1, 106, 0, 16010107, 2, 0, NULL, NULL, NULL, 0, NULL, NULL, 'N', '', '', 'INSTITUTO MONITOR - TECNICO CONTABIL', '2013', '', 'N', '', '', 'Site da IDP/SP', '2016-01-22 14:46:28', NULL, 'N', 'N', 'S', 'S', NULL, 'A', 0, NULL, NULL, NULL, '0', 'Mozilla/5.0 (Windows NT 6.3; WOW64) AppleWebKit/537.36 (KHTML, like Gecko) Chrome/47.0.2526.111 Safari/537.36', 4, NULL),
(108, 1, 107, 0, 16010108, 2, 0, NULL, NULL, NULL, 0, NULL, NULL, 'S', '2014', '141080649410', 'Centro Interescolar Objetivo', '2015', '', 'N', '', '', 'Site da IDP/SP', '2016-01-22 18:26:47', NULL, 'N', 'S', 'S', 'S', NULL, 'A', 0, NULL, NULL, NULL, '0', 'Mozilla/5.0 (Windows NT 6.1) AppleWebKit/537.36 (KHTML, like Gecko) Chrome/47.0.2526.111 Safari/537.36', 4, NULL),
(109, 1, 108, 0, 16010109, 1, 0, NULL, NULL, NULL, 0, NULL, NULL, '', '', '', NULL, NULL, NULL, '', NULL, NULL, NULL, '2016-01-24 05:24:51', NULL, NULL, NULL, NULL, NULL, NULL, 'A', 0, NULL, NULL, NULL, '0', 'Mozilla/5.0 (Linux; Android 4.4.2; GT-S5312C Build/KOT49H) AppleWebKit/537.36 (KHTML, like Gecko) Version/4.0 Chrome/30.0.0.0 Mobile Safari/537.36 [FB_IAB/FB4A;FBAV/59.0.0.15.313;]', 0, NULL),
(110, 1, 109, 0, 16010110, 1, 0, NULL, NULL, NULL, 0, NULL, NULL, 'N', '', '', 'COLÉGIO GETÚLIO VARGAS - JOÃO PESSOA/PN', '2014', '', 'S', 'Tecnologia em MARKETING - PASSEI E JÁ ESTOU MATRICULADO - R.A.: 3410072', 'UNISA', 'Google', '2016-01-24 12:28:26', NULL, 'N', 'S', 'S', 'S', NULL, 'A', 0, NULL, NULL, NULL, '0', 'Mozilla/5.0 (Linux; Android 5.0.2; XT1068 Build/LXB22.99-16.3) AppleWebKit/537.36 (KHTML, like Gecko) Chrome/47.0.2526.83 Mobile Safari/537.36', 4, NULL),
(111, 1, 110, 0, 16010111, 1, 0, NULL, NULL, NULL, 0, NULL, NULL, '', '', '', NULL, NULL, NULL, '', NULL, NULL, NULL, '2016-01-24 16:18:06', NULL, NULL, NULL, NULL, NULL, NULL, 'A', 0, NULL, NULL, NULL, '0', 'Mozilla/5.0 (Linux; Android 5.0.2; XT1068 Build/LXB22.99-16.3) AppleWebKit/537.36 (KHTML, like Gecko) Version/4.0 Chrome/37.0.0.0 Mobile Safari/537.36 Instagram 7.13.1 Android (21/5.0.2; 320dpi; 720x1184; motorola; XT1068; titan_umtsds; qcom; pt_BR)', 0, NULL),
(112, 1, 111, 0, 16010112, 2, 0, NULL, NULL, NULL, 0, NULL, NULL, 'N', '', '', 'Escola Técnica Estadual Professor Camargo Aranha', '1990', '', 'S', 'Direito', 'Anhembi Morumbi', 'Jornal', '2016-01-24 17:20:20', NULL, 'N', 'N', 'S', 'S', NULL, 'A', 0, NULL, NULL, NULL, '0', 'Mozilla/5.0 (Windows NT 6.1) AppleWebKit/537.36 (KHTML, like Gecko) Chrome/47.0.2526.106 Safari/537.36', 4, NULL),
(113, 1, 112, 0, 16010113, 2, 0, NULL, NULL, NULL, 0, NULL, NULL, 'S', '2014', '151003582033', 'iraci sartori vieira da silva', '2007', '', 'S', 'direito', 'facamp', 'Google', '2016-01-24 18:04:53', NULL, 'N', 'N', NULL, NULL, NULL, 'A', 0, NULL, NULL, NULL, '0', 'Mozilla/5.0 (Windows NT 6.2; WOW64) AppleWebKit/537.36 (KHTML, like Gecko) Chrome/47.0.2526.111 Safari/537.36', 1, NULL),
(114, 1, 113, 0, 16010114, 1, 0, NULL, NULL, NULL, 0, NULL, NULL, 'N', '', '', 'INSTITUTO ESTADUAL DE EDUCAÇÃO MARTIM AFONSO  (São Vicente - SP)', '1967', '', 'N', '', '', 'Outro', '2016-01-25 08:20:46', NULL, 'N', 'N', 'S', 'S', NULL, 'A', 0, NULL, NULL, NULL, '0', 'Mozilla/5.0 (Macintosh; U; Intel Mac OS X 10_4_11; en) AppleWebKit/533.19.4 (KHTML, like Gecko) Version/4.1.3 Safari/533.19.4', 4, NULL),
(115, 1, 114, 0, 16010115, 2, 0, NULL, NULL, NULL, 0, NULL, NULL, 'N', '', '', 'Escola de Segundo Grau Prudentina', '1986', '', 'S', 'Direito', 'PUC-SP', 'Revista', '2016-01-25 16:45:53', NULL, 'N', 'N', 'S', 'S', NULL, 'A', 0, NULL, NULL, NULL, '0', 'Mozilla/5.0 (compatible; MSIE 9.0; Windows NT 6.1; Trident/5.0)', 4, NULL),
(116, 1, 115, 0, 16010116, 2, 0, NULL, NULL, NULL, 0, NULL, NULL, 'N', '', '', 'intituto glay- lussac', '1977', '', 'N', '', '', 'Outro', '2016-01-25 20:11:40', NULL, 'N', 'N', 'S', 'S', NULL, 'A', 0, NULL, NULL, NULL, '0', 'Mozilla/5.0 (Windows NT 6.3; WOW64) AppleWebKit/537.36 (KHTML, like Gecko) Chrome/35.0.1916.153 Safari/537.36', 4, NULL),
(117, 1, 116, 0, 16010117, 2, 0, NULL, NULL, NULL, 0, NULL, NULL, 'N', '', '', 'instituto universal', '2004', '', 'N', '', '', 'Site da IDP/SP', '2016-01-25 20:14:30', NULL, 'N', 'N', 'S', 'S', NULL, 'A', 0, NULL, NULL, NULL, '0', 'Mozilla/5.0 (Windows NT 10.0; Win64; x64) AppleWebKit/537.36 (KHTML, like Gecko) Chrome/46.0.2486.0 Safari/537.36 Edge/13.10586', 4, NULL),
(118, 1, 117, 0, 16010118, 2, 0, NULL, NULL, NULL, 0, NULL, NULL, '', '', '', NULL, NULL, NULL, '', NULL, NULL, NULL, '2016-01-26 03:57:31', NULL, NULL, NULL, NULL, NULL, NULL, 'A', 0, NULL, NULL, NULL, '0', 'Mozilla/5.0 (Macintosh; Intel Mac OS X 10_6_8) AppleWebKit/537.36 (KHTML, like Gecko) Chrome/47.0.2526.111 Safari/537.36', 0, NULL),
(119, 1, 118, 0, 16010119, 2, 0, NULL, NULL, NULL, 0, NULL, NULL, 'N', '', '', 'e e jose gama de miranda', '2014', '', 'N', '', '', 'Outro', '2016-01-26 07:41:56', NULL, 'N', 'N', NULL, NULL, NULL, 'A', 0, NULL, NULL, NULL, '0', 'Mozilla/5.0 (Windows NT 6.1; Trident/7.0; rv:11.0) like Gecko', 1, NULL),
(120, 1, 20, 0, 16010120, 2, 0, NULL, NULL, NULL, 0, NULL, NULL, 'N', '', '', 'Centro Educacional Arminda de Araújo', '1987', '', 'N', '', '', 'Notícia na internet', '2016-01-26 09:27:19', NULL, 'N', 'N', 'S', 'S', NULL, 'A', 0, NULL, NULL, NULL, '0', 'Mozilla/5.0 (Windows NT 6.1; rv:43.0) Gecko/20100101 Firefox/43.0', 4, NULL),
(121, 1, 119, 0, 16010121, 2, 0, NULL, NULL, NULL, 0, NULL, NULL, 'N', '', '', 'Antonieta Borges Alves', '2015', '', 'N', '', '', 'Google', '2016-01-26 11:35:03', NULL, 'N', 'N', NULL, NULL, NULL, 'A', 0, NULL, NULL, NULL, '0', 'Mozilla/5.0 (Windows NT 6.1; WOW64; Trident/7.0; rv:11.0) like Gecko', 2, NULL),
(122, 1, 120, 0, 16010122, 2, 0, NULL, NULL, NULL, 0, NULL, NULL, 'N', '', '', 'CENTRO EDUCACIONAL ELEFANTE BRANCO', '1989', '', 'N', '', '', 'Jornal', '2016-01-26 15:52:58', NULL, 'N', 'N', 'S', 'S', NULL, 'A', 0, NULL, NULL, NULL, '0', 'Mozilla/5.0 (Windows NT 6.1; WOW64) AppleWebKit/537.36 (KHTML, like Gecko) Chrome/47.0.2526.111 Safari/537.36', 4, NULL),
(123, 1, 121, 0, 16010123, 1, 0, NULL, NULL, NULL, 0, NULL, NULL, '', '', '', NULL, NULL, NULL, '', NULL, NULL, NULL, '2016-01-26 20:39:40', NULL, NULL, NULL, NULL, NULL, NULL, 'A', 0, NULL, NULL, NULL, '0', 'Mozilla/5.0 (Windows NT 6.3; WOW64; Trident/7.0; MANMJS; rv:11.0) like Gecko', 0, NULL),
(124, 1, 122, 0, 16010124, 1, 0, NULL, NULL, NULL, 0, NULL, NULL, '', '', '', NULL, NULL, NULL, '', NULL, NULL, NULL, '2016-01-26 22:27:22', NULL, NULL, NULL, NULL, NULL, NULL, 'A', 0, NULL, NULL, NULL, '0', 'Mozilla/5.0 (Windows NT 6.1) AppleWebKit/537.36 (KHTML, like Gecko) Chrome/47.0.2526.111 Safari/537.36', 0, NULL),
(125, 1, 123, 0, 16010125, 2, 0, NULL, NULL, NULL, 0, NULL, NULL, 'N', '', '', 'SENAI Anchieta', '1996', '', 'N', '', '', 'Indicação', '2016-01-26 23:16:38', NULL, 'N', 'N', 'S', 'S', NULL, 'A', 0, NULL, NULL, NULL, '0', 'Mozilla/5.0 (Windows NT 10.0; WOW64) AppleWebKit/537.36 (KHTML, like Gecko) Chrome/47.0.2526.111 Safari/537.36', 4, NULL),
(126, 1, 124, 0, 16010126, 2, 0, NULL, NULL, NULL, 0, NULL, NULL, '', '', '', NULL, NULL, NULL, '', NULL, NULL, NULL, '2016-01-27 00:46:58', NULL, NULL, NULL, NULL, NULL, NULL, 'A', 0, NULL, NULL, NULL, '0', 'Mozilla/5.0 (Windows NT 6.2; WOW64) AppleWebKit/537.36 (KHTML, like Gecko) Chrome/47.0.2526.111 Safari/537.36', 0, NULL),
(127, 1, 125, 0, 16010127, 2, 0, NULL, NULL, NULL, 0, NULL, NULL, 'N', '', '', 'Praxis', '2009', '', 'N', '', '', 'Site da IDP/SP', '2016-01-27 18:00:01', NULL, 'N', 'N', 'S', 'S', NULL, 'A', 0, NULL, NULL, NULL, '0', 'Mozilla/5.0 (X11; CrOS armv7l 7520.67.0) AppleWebKit/537.36 (KHTML, like Gecko) Chrome/47.0.2526.110 Safari/537.36', 4, NULL),
(128, 1, 126, 0, 16010128, 1, 0, NULL, NULL, NULL, 0, NULL, NULL, '', '', '', NULL, NULL, NULL, '', NULL, NULL, NULL, '2016-01-28 10:35:32', NULL, NULL, NULL, NULL, NULL, NULL, 'A', 0, NULL, NULL, NULL, '0', 'Mozilla/5.0 (Windows NT 6.1; WOW64) AppleWebKit/537.36 (KHTML, like Gecko) Chrome/47.0.2526.111 Safari/537.36', 0, NULL),
(129, 1, 127, 0, 16010129, 2, 0, NULL, NULL, NULL, 0, NULL, NULL, '', '', '', NULL, NULL, NULL, '', NULL, NULL, NULL, '2016-01-28 11:00:29', NULL, NULL, NULL, NULL, NULL, NULL, 'A', 0, NULL, NULL, NULL, '0', 'Mozilla/5.0 (Windows NT 6.1; WOW64) AppleWebKit/537.36 (KHTML, like Gecko) Chrome/47.0.2526.111 Safari/537.36', 0, NULL),
(130, 1, 128, 0, 16010130, 2, 0, NULL, NULL, NULL, 0, NULL, NULL, '', '', '', NULL, NULL, NULL, '', NULL, NULL, NULL, '2016-01-28 11:40:15', NULL, NULL, NULL, NULL, NULL, NULL, 'A', 0, NULL, NULL, NULL, '0', 'Mozilla/5.0 (Windows NT 6.1; Trident/7.0; rv:11.0) like Gecko', 0, NULL),
(131, 0, 129, 0, 0, 0, 0, NULL, NULL, NULL, 0, NULL, NULL, '', '', '', NULL, NULL, NULL, '', NULL, NULL, NULL, '2016-01-28 12:01:36', NULL, NULL, NULL, NULL, NULL, NULL, 'A', 0, NULL, NULL, NULL, '0', 'Mozilla/5.0 (Windows NT 6.1; WOW64; Trident/7.0; rv:11.0) like Gecko', 0, NULL),
(132, 1, 130, 0, 16010131, 1, 0, NULL, NULL, NULL, 0, NULL, NULL, 'N', '', '', 'colegio objetivo', '1995', '', 'N', '', '', 'Pesquisas na internet', '2016-01-28 12:12:31', NULL, 'N', 'N', 'S', 'S', NULL, 'A', 0, NULL, NULL, NULL, '0', 'Mozilla/5.0 (Windows NT 6.0) AppleWebKit/537.36 (KHTML, like Gecko) Chrome/47.0.2526.111 Safari/537.36', 4, NULL),
(133, 1, 131, 0, 16010132, 2, 0, NULL, NULL, NULL, 0, NULL, NULL, 'N', '', '', 'e e Aristides José tolentino', '2010', '', 'N', '', '', 'Site da IDP/SP', '2016-01-28 12:35:01', NULL, 'N', 'N', 'S', 'S', NULL, 'A', 0, NULL, NULL, NULL, '0', 'Mozilla/5.0 (Windows NT 6.0) AppleWebKit/537.36 (KHTML, like Gecko) Chrome/47.0.2526.111 Safari/537.36', 4, NULL),
(134, 1, 132, 0, 16010133, 1, 0, NULL, NULL, NULL, 0, NULL, NULL, 'N', '', '', 'Escola Técnica Federal do Maranhão', '1987', '', 'N', '', '', 'Site da IDP/SP', '2016-01-28 20:16:46', NULL, 'N', 'N', 'S', 'S', NULL, 'A', 0, NULL, NULL, NULL, '0', 'Mozilla/5.0 (Windows NT 6.3; WOW64) AppleWebKit/537.36 (KHTML, like Gecko) Chrome/47.0.2526.111 Safari/537.36', 4, NULL),
(135, 1, 133, 0, 16010134, 2, 0, NULL, NULL, NULL, 0, NULL, NULL, '', '', '', NULL, NULL, NULL, '', NULL, NULL, NULL, '2016-01-28 20:56:36', NULL, NULL, NULL, NULL, NULL, NULL, 'A', 0, NULL, NULL, NULL, '0', 'Mozilla/5.0 (Linux; Android 5.0.2; XT1069 Build/LXB22.99-16.3) AppleWebKit/537.36 (KHTML, like Gecko) Chrome/48.0.2564.95 Mobile Safari/537.36', 0, NULL),
(136, 1, 134, 0, 16010135, 2, 0, NULL, NULL, NULL, 0, NULL, NULL, 'N', '', '', 'Prof: Aracy da Silva Freitas', '2015', '', 'N', '', '', 'Pesquisas na internet', '2016-01-28 21:32:18', NULL, 'N', 'N', 'S', 'S', NULL, 'A', 0, NULL, NULL, NULL, '0', 'Mozilla/5.0 (Windows NT 6.3; WOW64) AppleWebKit/537.36 (KHTML, like Gecko) Chrome/47.0.2526.111 Safari/537.36', 4, NULL),
(137, 1, 135, 0, 16010136, 1, 0, NULL, NULL, NULL, 0, NULL, NULL, 'N', '', '', 'E.E. Adhemar Antonio Prado', '2014', '', 'N', '', '', 'Facebook', '2016-01-28 23:33:07', NULL, 'N', 'N', NULL, NULL, NULL, 'A', 0, NULL, NULL, NULL, '0', 'Mozilla/5.0 (Windows NT 6.1) AppleWebKit/537.36 (KHTML, like Gecko) Chrome/48.0.2564.97 Safari/537.36', 1, NULL),
(138, 1, 136, 0, 16010137, 1, 0, NULL, NULL, NULL, 0, NULL, NULL, '', '', '', NULL, NULL, NULL, '', NULL, NULL, NULL, '2016-01-29 09:07:31', NULL, NULL, NULL, NULL, NULL, NULL, 'A', 0, NULL, NULL, NULL, '0', 'Mozilla/5.0 (Windows NT 6.1; WOW64) AppleWebKit/537.36 (KHTML, like Gecko) Chrome/47.0.2526.111 Safari/537.36', 0, NULL),
(139, 1, 137, 0, 16010138, 2, 0, NULL, NULL, NULL, 0, NULL, NULL, '', '', '', NULL, NULL, NULL, '', NULL, NULL, NULL, '2016-01-29 09:18:01', NULL, NULL, NULL, NULL, NULL, NULL, 'A', 0, NULL, NULL, NULL, '0', 'Mozilla/5.0 (Windows NT 6.1; WOW64) AppleWebKit/537.36 (KHTML, like Gecko) Chrome/48.0.2564.82 Safari/537.36', 0, NULL),
(140, 1, 138, 0, 16010139, 1, 0, NULL, NULL, NULL, 0, NULL, NULL, 'N', '', '', 'INSTITUTO BETEL DE ENSINO SUPERIOR', '1989', 'MOBILIDADE REDUZIDA', 'N', '', '', 'Facebook', '2016-01-29 11:41:00', NULL, 'S', 'N', 'S', 'S', NULL, 'A', 0, NULL, NULL, NULL, '0', 'Mozilla/5.0 (Windows NT 6.1) AppleWebKit/537.36 (KHTML, like Gecko) Chrome/48.0.2564.97 Safari/537.36', 4, NULL);
INSERT INTO `proInscricoes` (`id_inscricao`, `id_processo`, `id_pessoafisica`, `id_sala`, `num_inscricao`, `id_curso`, `id_grupo`, `num_opcao_2`, `num_classificacao`, `str_periodoClassificado`, `num_chamada`, `str_local`, `str_prova_sala`, `ch_enem`, `str_enem_ano`, `str_enem_inscricao`, `str_ensinomedio_local`, `str_ensinomedio_conclusao`, `str_necessidade_especial`, `ch_comunicacao_outrafaculdade`, `str_comunicacao_qualcurso`, `str_comunicacao_quaislocais`, `str_comunicacao_ficousabendo`, `dt_inscricao`, `ch_aprovado`, `ch_necessidade_especial`, `ch_necessidade_canhoto`, `ch_concordo_termos`, `ch_concordo_manual`, `ch_visita`, `ch_situacao`, `num_nota_enem`, `num_nota_npo`, `num_nota_nr`, `num_nota_nf`, `ch_facebook`, `ch_navegador`, `int_etapa`, `int_aprovado`) VALUES
(141, 1, 139, 0, 16010140, 1, 0, NULL, NULL, NULL, 0, NULL, NULL, 'S', '2015', '151001901654', 'Objetivo São Caetano', '2015', '', 'N', '', '', 'Pesquisas na internet', '2016-01-29 14:21:13', NULL, 'N', 'N', 'S', 'S', NULL, 'A', 0, NULL, NULL, NULL, '0', 'Mozilla/5.0 (Windows NT 6.1; WOW64) AppleWebKit/537.36 (KHTML, like Gecko) Chrome/48.0.2564.82 Safari/537.36', 4, NULL),
(142, 1, 140, 0, 16010141, 1, 0, NULL, NULL, NULL, 0, NULL, NULL, '', '', '', NULL, NULL, NULL, '', NULL, NULL, NULL, '2016-01-29 15:17:33', NULL, NULL, NULL, NULL, NULL, NULL, 'A', 0, NULL, NULL, NULL, '0', 'Mozilla/5.0 (Windows NT 6.1; WOW64; rv:44.0) Gecko/20100101 Firefox/44.0', 0, NULL),
(143, 1, 140, 0, 16010142, 2, 0, NULL, NULL, NULL, 0, NULL, NULL, 'N', '', '', 'Colégio Anglo Prudentino', '2014', '', 'N', '', '', 'Notícia na internet', '2016-01-29 15:36:51', NULL, 'N', 'N', 'S', 'S', NULL, 'A', 0, NULL, NULL, NULL, '0', 'Mozilla/5.0 (Windows NT 6.1; WOW64; rv:44.0) Gecko/20100101 Firefox/44.0', 4, NULL),
(144, 1, 141, 0, 16010143, 2, 0, NULL, NULL, NULL, 0, NULL, NULL, '', '', '', NULL, NULL, NULL, '', NULL, NULL, NULL, '2016-01-30 11:56:19', NULL, NULL, NULL, NULL, NULL, NULL, 'A', 0, NULL, NULL, NULL, '0', 'Mozilla/5.0 (Linux; Android 5.0.2; XT1069 Build/LXB22.99-16.3) AppleWebKit/537.36 (KHTML, like Gecko) Chrome/47.0.2526.83 Mobile Safari/537.36', 0, NULL),
(145, 1, 142, 0, 16010144, 2, 0, NULL, NULL, NULL, 0, NULL, NULL, 'N', '', '', 'telecurso 2000', '2015', '', 'N', '', '', 'Pesquisas na internet', '2016-01-30 19:24:26', NULL, 'N', 'N', 'S', 'S', NULL, 'A', 0, NULL, NULL, NULL, '0', 'Mozilla/5.0 (Mobile; Windows Phone 8.1; Android 4.0; ARM; Trident/7.0; Touch; rv:11.0; IEMobile/11.0; NOKIA; Lumia 630 Dual SIM) like iPhone OS 7_0_3 Mac OS X AppleWebKit/537 (KHTML, like Gecko) Mobile Safari/537', 4, NULL),
(146, 1, 143, 0, 16010145, 2, 0, NULL, NULL, NULL, 0, NULL, NULL, '', '', '', NULL, NULL, NULL, '', NULL, NULL, NULL, '2016-01-30 21:38:03', NULL, NULL, NULL, NULL, NULL, NULL, 'A', 0, NULL, NULL, NULL, '0', 'Mozilla/5.0 (Windows NT 6.3; WOW64) AppleWebKit/537.36 (KHTML, like Gecko) Chrome/48.0.2564.97 Safari/537.36', 0, NULL),
(147, 1, 143, 0, 16010146, 1, 0, NULL, NULL, NULL, 0, NULL, NULL, 'N', '', '', 'Maria de Oliveira Lellis Ito', '2015', '', 'N', '', '', 'Pesquisas na internet', '2016-01-30 21:39:42', NULL, 'N', 'N', 'S', 'S', NULL, 'A', 0, NULL, NULL, NULL, '0', 'Mozilla/5.0 (Windows NT 6.3; WOW64) AppleWebKit/537.36 (KHTML, like Gecko) Chrome/48.0.2564.97 Safari/537.36', 4, NULL),
(148, 1, 144, 0, 16010147, 2, 0, NULL, NULL, NULL, 0, NULL, NULL, 'N', '', '', 'objetivo', '1998', '', 'N', '', '', 'Outro', '2016-01-31 11:00:18', NULL, 'N', 'N', 'S', 'S', NULL, 'A', 0, NULL, NULL, NULL, '0', 'Mozilla/5.0 (Linux; Android 5.0.2; SAMSUNG SM-T805M Build/LRX22G) AppleWebKit/537.36 (KHTML, like Gecko) SamsungBrowser/3.0 Chrome/38.0.2125.102 Safari/537.36', 4, NULL),
(149, 1, 145, 0, 16010148, 1, 0, NULL, NULL, NULL, 0, NULL, NULL, '', '', '', NULL, NULL, NULL, '', NULL, NULL, NULL, '2016-01-31 21:22:21', NULL, NULL, NULL, NULL, NULL, NULL, 'A', 0, NULL, NULL, NULL, '0', 'Mozilla/5.0 (Macintosh; Intel Mac OS X 10_11_1) AppleWebKit/601.2.7 (KHTML, like Gecko) Version/9.0.1 Safari/601.2.7', 0, NULL),
(150, 1, 146, 0, 16010149, 1, 0, NULL, NULL, NULL, 0, NULL, NULL, '', '', '', NULL, NULL, NULL, '', NULL, NULL, NULL, '2016-02-01 18:38:13', NULL, NULL, NULL, NULL, NULL, NULL, 'A', 0, NULL, NULL, NULL, '0', 'Mozilla/5.0 (Windows NT 6.1) AppleWebKit/537.36 (KHTML, like Gecko) Chrome/48.0.2564.97 Safari/537.36', 0, NULL),
(151, 1, 147, 0, 16010150, 1, 0, NULL, NULL, NULL, 0, NULL, NULL, '', '', '', NULL, NULL, NULL, '', NULL, NULL, NULL, '2016-02-01 19:52:25', NULL, NULL, NULL, NULL, NULL, NULL, 'A', 0, NULL, NULL, NULL, '0', 'Mozilla/5.0 (Windows NT 10.0; Win64; x64) AppleWebKit/537.36 (KHTML, like Gecko) Chrome/49.0.2623.28 Safari/537.36', 0, NULL),
(152, 1, 148, 0, 16010151, 1, 0, NULL, NULL, NULL, 0, NULL, NULL, 'N', '', '', 'Colégio Adventista da Liberdade', '2015', '', 'N', '', '', 'Jornal', '2016-02-01 20:36:41', NULL, 'N', 'N', 'S', 'S', NULL, 'A', 0, NULL, NULL, NULL, '0', 'Mozilla/5.0 (Windows NT 6.3; WOW64) AppleWebKit/537.36 (KHTML, like Gecko) Chrome/48.0.2564.97 Safari/537.36', 4, NULL),
(153, 1, 149, 0, 16010152, 1, 0, NULL, NULL, NULL, 0, NULL, NULL, 'S', '2014', '141041510287', 'Colégio Bandeirantes', '2014', '', 'S', 'Direito', 'Mackenzie', 'Jornal', '2016-02-01 21:42:52', NULL, 'N', 'N', 'S', 'S', NULL, 'A', 0, NULL, NULL, NULL, '0', 'Mozilla/5.0 (compatible; MSIE 9.0; Windows NT 6.1; WOW64; Trident/5.0)', 4, NULL),
(154, 1, 150, 0, 16010153, 1, 0, NULL, NULL, NULL, 0, NULL, NULL, 'N', '', '', 'Luiz Gonzaga Righini Prof', '2015', '', 'S', 'Direito', 'Universidade Paulista ', 'Facebook', '2016-02-02 15:10:58', NULL, 'N', 'S', 'S', 'S', NULL, 'A', 0, NULL, NULL, NULL, '0', 'Mozilla/5.0 (Linux; Android 5.1.1; SM-G531BT Build/LMY48B; wv) AppleWebKit/537.36 (KHTML, like Gecko) Version/4.0 Chrome/43.0.2357.121 Mobile Safari/537.36 [FB_IAB/FB4A;FBAV/60.0.0.16.76;]', 4, NULL),
(155, 1, 151, 0, 16010154, 2, 0, NULL, NULL, NULL, 0, NULL, NULL, 'N', '', '', 'Colégio Estadual Presidente Roosevelt', '1963', '', 'N', '', '', 'Jornal', '2016-02-02 18:04:03', NULL, 'N', 'N', 'S', 'S', NULL, 'A', 0, NULL, NULL, NULL, '0', 'Mozilla/5.0 (Windows NT 10.0; WOW64) AppleWebKit/537.36 (KHTML, like Gecko) Chrome/48.0.2564.97 Safari/537.36', 4, NULL),
(156, 1, 152, 0, 16010155, 2, 0, NULL, NULL, NULL, 0, NULL, NULL, '', '', '', NULL, NULL, NULL, '', NULL, NULL, NULL, '2016-02-02 20:17:03', NULL, NULL, NULL, NULL, NULL, NULL, 'A', 0, NULL, NULL, NULL, '0', 'Mozilla/5.0 (Windows NT 6.1) AppleWebKit/537.36 (KHTML, like Gecko) Chrome/48.0.2564.97 Safari/537.36', 0, NULL),
(157, 1, 153, 0, 16010156, 2, 0, NULL, NULL, NULL, 0, NULL, NULL, '', '', '', NULL, NULL, NULL, '', NULL, NULL, NULL, '2016-02-02 20:23:32', NULL, NULL, NULL, NULL, NULL, NULL, 'A', 0, NULL, NULL, NULL, '0', 'Mozilla/5.0 (Mobile; Windows Phone 8.1; Android 4.0; ARM; Trident/7.0; Touch; rv:11.0; IEMobile/11.0; NOKIA; Lumia 930) like iPhone OS 7_0_3 Mac OS X AppleWebKit/537 (KHTML, like Gecko) Mobile Safari/537', 0, NULL),
(158, 1, 154, 0, 16010157, 2, 0, NULL, NULL, NULL, 0, NULL, NULL, '', '', '', NULL, NULL, NULL, '', NULL, NULL, NULL, '2016-02-02 21:39:40', NULL, NULL, NULL, NULL, NULL, NULL, 'A', 0, NULL, NULL, NULL, '0', 'Mozilla/5.0 (Macintosh; Intel Mac OS X 10_11_1) AppleWebKit/601.2.7 (KHTML, like Gecko) Version/9.0.1 Safari/601.2.7', 0, NULL),
(159, 1, 155, 0, 16010158, 1, 0, NULL, NULL, NULL, 0, NULL, NULL, '', '', '', NULL, NULL, NULL, '', NULL, NULL, NULL, '2016-02-03 02:12:53', NULL, NULL, NULL, NULL, NULL, NULL, 'A', 0, NULL, NULL, NULL, '0', 'Mozilla/5.0 (Windows NT 6.1) AppleWebKit/537.36 (KHTML, like Gecko) Chrome/48.0.2564.97 Safari/537.36', 0, NULL),
(160, 1, 156, 0, 16010159, 1, 0, NULL, NULL, NULL, 0, NULL, NULL, 'N', '', '', 'Prof.Francisco de Assis P. Correa', '1981', '', 'N', '', '', 'Pesquisas na internet', '2016-02-03 09:03:36', NULL, 'N', 'N', 'S', 'S', NULL, 'A', 0, NULL, NULL, NULL, '0', 'Mozilla/5.0 (Windows NT 6.1) AppleWebKit/537.36 (KHTML, like Gecko) Chrome/48.0.2564.97 Safari/537.36', 4, NULL),
(161, 1, 157, 0, 16010160, 2, 0, NULL, NULL, NULL, 0, NULL, NULL, 'N', '', '', 'E.E.PROF. JOAQUIM LUIS DE BRITO', '2014', '', 'N', '', '', 'Indicação', '2016-02-03 11:22:19', NULL, 'N', 'N', 'S', 'S', NULL, 'A', 0, NULL, NULL, NULL, '0', 'Mozilla/5.0 (Windows NT 6.1; WOW64) AppleWebKit/537.36 (KHTML, like Gecko) Chrome/48.0.2564.97 Safari/537.36', 4, NULL),
(162, 1, 158, 0, 16010161, 1, 0, NULL, NULL, NULL, 0, NULL, NULL, 'N', '', '', 'Italo Betarello', '1998', '', 'S', 'Direito', 'UNIP', 'Outro', '2016-02-03 11:22:41', NULL, 'N', 'N', 'S', 'S', NULL, 'A', 0, NULL, NULL, NULL, '0', 'Mozilla/5.0 (Windows NT 6.1) AppleWebKit/537.36 (KHTML, like Gecko) Chrome/48.0.2564.97 Safari/537.36', 4, NULL),
(163, 1, 159, 0, 16010162, 1, 0, NULL, NULL, NULL, 0, NULL, NULL, 'N', '', '', 'Etec Professor Camargo Aranha', '2015', '', 'N', '', '', 'Google', '2016-02-03 12:15:54', NULL, 'N', 'N', 'S', 'S', NULL, 'A', 0, NULL, NULL, NULL, '0', 'Mozilla/5.0 (Windows NT 6.1) AppleWebKit/537.36 (KHTML, like Gecko) Chrome/48.0.2564.97 Safari/537.36', 4, NULL),
(164, 1, 160, 0, 16010163, 2, 0, NULL, NULL, NULL, 0, NULL, NULL, '', '', '', NULL, NULL, NULL, '', NULL, NULL, NULL, '2016-02-03 13:02:17', NULL, NULL, NULL, NULL, NULL, NULL, 'A', 0, NULL, NULL, NULL, '0', 'Mozilla/5.0 (Windows NT 6.1; WOW64) AppleWebKit/537.36 (KHTML, like Gecko) Chrome/44.0.2403.157 Safari/537.36', 0, NULL),
(165, 1, 161, 0, 16010164, 1, 0, NULL, NULL, NULL, 0, NULL, NULL, '', '', '', NULL, NULL, NULL, '', NULL, NULL, NULL, '2016-02-03 13:35:46', NULL, NULL, NULL, NULL, NULL, NULL, 'A', 0, NULL, NULL, NULL, '0', 'Mozilla/5.0 (Windows NT 5.1) AppleWebKit/537.36 (KHTML, like Gecko) Chrome/48.0.2564.97 Safari/537.36', 0, NULL),
(166, 1, 162, 0, 16010165, 1, 0, NULL, NULL, NULL, 0, NULL, NULL, '', '', '', NULL, NULL, NULL, '', NULL, NULL, NULL, '2016-02-03 14:03:12', NULL, NULL, NULL, NULL, NULL, NULL, 'A', 0, NULL, NULL, NULL, '0', 'Mozilla/5.0 (Windows NT 6.1; WOW64) AppleWebKit/537.36 (KHTML, like Gecko) Chrome/48.0.2564.97 Safari/537.36', 0, NULL),
(167, 1, 163, 0, 16010166, 2, 0, NULL, NULL, NULL, 0, NULL, NULL, '', '', '', NULL, NULL, NULL, '', NULL, NULL, NULL, '2016-02-03 14:39:06', NULL, NULL, NULL, NULL, NULL, NULL, 'A', 0, NULL, NULL, NULL, '0', 'Mozilla/5.0 (Windows NT 10.0; WOW64) AppleWebKit/537.36 (KHTML, like Gecko) Chrome/48.0.2564.97 Safari/537.36', 0, NULL),
(168, 1, 164, 0, 16010167, 2, 0, NULL, NULL, NULL, 0, NULL, NULL, '', '', '', NULL, NULL, NULL, '', NULL, NULL, NULL, '2016-02-03 16:40:06', NULL, NULL, NULL, NULL, NULL, NULL, 'A', 0, NULL, NULL, NULL, '0', 'Mozilla/5.0 (Windows NT 10.0; WOW64) AppleWebKit/537.36 (KHTML, like Gecko) Chrome/48.0.2564.97 Safari/537.36', 0, NULL),
(169, 1, 165, 0, 16010168, 1, 0, NULL, NULL, NULL, 0, NULL, NULL, '', '', '', NULL, NULL, NULL, '', NULL, NULL, NULL, '2016-02-03 22:27:28', NULL, NULL, NULL, NULL, NULL, NULL, 'A', 0, NULL, NULL, NULL, '0', 'Mozilla/5.0 (Linux; Android 4.4.2; LG-D325 Build/KOT49I) AppleWebKit/537.36 (KHTML, like Gecko) Chrome/47.0.2526.83 Mobile Safari/537.36', 0, NULL),
(170, 1, 166, 0, 16010169, 2, 0, NULL, NULL, NULL, 0, NULL, NULL, 'N', '', '', 'COLEGIO OBJETIVO', '1985', '', 'N', '', '', 'Site da IDP/SP', '2016-02-03 22:52:17', NULL, 'N', 'N', 'S', 'S', NULL, 'A', 0, NULL, NULL, NULL, '0', 'Mozilla/5.0 (iPad; CPU OS 9_2 like Mac OS X) AppleWebKit/601.1.46 (KHTML, like Gecko) Version/9.0 Mobile/13C75 Safari/601.1', 4, NULL),
(171, 1, 167, 0, 16010170, 2, 0, NULL, NULL, NULL, 0, NULL, NULL, '', '', '', NULL, NULL, NULL, '', NULL, NULL, NULL, '2016-02-04 01:52:39', NULL, NULL, NULL, NULL, NULL, NULL, 'A', 0, NULL, NULL, NULL, '0', 'Mozilla/5.0 (Windows NT 6.1; WOW64) AppleWebKit/537.36 (KHTML, like Gecko) Chrome/48.0.2564.97 Safari/537.36', 0, NULL),
(172, 1, 168, 0, 16010171, 1, 0, NULL, NULL, NULL, 0, NULL, NULL, 'N', '', '', 'Colégio Rio Branco', '1990', '', 'N', '', '', 'Outro', '2016-02-04 08:35:15', NULL, 'N', 'N', 'S', 'S', NULL, 'A', 0, NULL, NULL, NULL, '0', 'Mozilla/5.0 (Windows NT 6.1; WOW64) AppleWebKit/537.36 (KHTML, like Gecko) Chrome/48.0.2564.97 Safari/537.36', 4, NULL),
(173, 1, 169, 0, 16010172, 2, 0, NULL, NULL, NULL, 0, NULL, NULL, '', '', '', NULL, NULL, NULL, '', NULL, NULL, NULL, '2016-02-04 09:40:01', NULL, NULL, NULL, NULL, NULL, NULL, 'A', 0, NULL, NULL, NULL, '0', 'Mozilla/5.0 (Windows NT 5.1) AppleWebKit/537.36 (KHTML, like Gecko) Chrome/48.0.2564.97 Safari/537.36', 0, NULL),
(174, 1, 170, 0, 16010173, 2, 0, NULL, NULL, NULL, 0, NULL, NULL, '', '', '', NULL, NULL, NULL, '', NULL, NULL, NULL, '2016-02-04 12:07:56', NULL, NULL, NULL, NULL, NULL, NULL, 'A', 0, NULL, NULL, NULL, '0', 'Mozilla/5.0 (compatible; MSIE 9.0; Windows NT 6.1; WOW64; Trident/5.0; MANMJS)', 0, NULL),
(175, 1, 171, 0, 16010174, 1, 0, NULL, NULL, NULL, 0, NULL, NULL, 'N', '', '', 'colegio mater amabilis', '2014', '', 'N', '', '', 'Notícia na internet', '2016-02-04 13:10:33', NULL, 'N', 'N', 'S', 'S', NULL, 'A', 0, NULL, NULL, NULL, '0', 'Mozilla/5.0 (Windows NT 6.1; rv:43.0) Gecko/20100101 Firefox/43.0', 4, NULL),
(176, 1, 172, 0, 16010175, 1, 0, NULL, NULL, NULL, 0, NULL, NULL, 'N', '', '', 'Colégio Visconde de Porto Seguro', '2015', '', 'N', '', '', 'Notícia na internet', '2016-02-04 17:30:05', NULL, 'N', 'N', 'S', 'S', NULL, 'A', 0, NULL, NULL, NULL, '0', 'Mozilla/5.0 (iPad; CPU OS 9_2 like Mac OS X) AppleWebKit/601.1.46 (KHTML, like Gecko) Version/9.0 Mobile/13C75 Safari/601.1', 4, NULL),
(177, 1, 173, 0, 16010176, 1, 0, NULL, NULL, NULL, 0, NULL, NULL, 'N', '', '', 'CEEJA', '2014', '', 'N', '', '', 'Indicação', '2016-02-05 12:53:14', NULL, 'N', 'N', 'S', 'S', NULL, 'A', 0, NULL, NULL, NULL, '0', 'Mozilla/5.0 (iPad; CPU OS 8_4_1 like Mac OS X) AppleWebKit/600.1.4 (KHTML, like Gecko) Version/8.0 Mobile/12H321 Safari/600.1.4', 4, NULL),
(178, 1, 174, 0, 16010177, 2, 0, NULL, NULL, NULL, 0, NULL, NULL, 'N', '', '', 'ESCOLA NORMAL SANTA TERESA DE JESUS', '1973', '', 'N', '', '', 'Site da IDP/SP', '2016-02-05 15:29:38', NULL, 'N', 'N', NULL, NULL, NULL, 'A', 0, NULL, NULL, NULL, '0', 'Mozilla/5.0 (Windows NT 6.1; WOW64) AppleWebKit/537.36 (KHTML, like Gecko) Chrome/48.2.2564.88 Safari/537.36', 2, NULL),
(179, 1, 175, 0, 16010178, 1, 0, NULL, NULL, NULL, 0, NULL, NULL, 'S', '2014', '141005356095', 'Colégio Joaquim Maria Machado de Assis ', '2013', '', 'N', '', '', 'Outro', '2016-02-05 19:52:55', NULL, 'N', 'N', 'S', 'S', NULL, 'A', 0, NULL, NULL, NULL, '0', 'Mozilla/5.0 (Windows NT 6.1) AppleWebKit/537.36 (KHTML, like Gecko) Chrome/47.0.2526.80 Safari/537.36', 4, NULL),
(180, 1, 176, 0, 16010179, 1, 0, NULL, NULL, NULL, 0, NULL, NULL, '', '', '', NULL, NULL, NULL, '', NULL, NULL, NULL, '2016-02-05 21:30:45', NULL, NULL, NULL, NULL, NULL, NULL, 'A', 0, NULL, NULL, NULL, '0', 'Mozilla/5.0 (iPhone; CPU iPhone OS 8_3 like Mac OS X) AppleWebKit/600.1.4 (KHTML, like Gecko) Version/8.0 Mobile/12F70 Safari/600.1.4', 0, NULL),
(181, 1, 177, 0, 16010180, 2, 0, NULL, NULL, NULL, 0, NULL, NULL, 'S', '2014', '151.004.761.070', 'enem', '2015', '', 'N', '', '', 'Google', '2016-02-05 21:52:14', NULL, 'N', 'N', 'S', 'S', NULL, 'A', 0, NULL, NULL, NULL, '0', 'Mozilla/5.0 (Windows NT 6.1; Trident/7.0; rv:11.0) like Gecko', 4, NULL),
(182, 1, 178, 0, 16010181, 2, 0, NULL, NULL, NULL, 0, NULL, NULL, 'N', '', '', 'Colégio Sagrado Coração de Jesus - Belo Horizonte', '2001', '', 'N', '', '', 'Outro', '2016-02-06 16:28:06', NULL, 'N', 'N', 'S', 'S', NULL, 'A', 0, NULL, NULL, NULL, '0', 'Mozilla/5.0 (Windows NT 6.1) AppleWebKit/537.36 (KHTML, like Gecko) Chrome/47.0.2526.111 Safari/537.36', 4, NULL),
(183, 1, 179, 0, 16010182, 1, 0, NULL, NULL, NULL, 0, NULL, NULL, 'N', '', '', 'Colégio Anglo Leonardo da Vinci', '2008', '', 'N', '', '', 'Notícia na internet', '2016-02-07 19:36:11', NULL, 'N', 'N', 'S', 'S', NULL, 'A', 0, NULL, NULL, NULL, '0', 'Mozilla/5.0 (Macintosh; Intel Mac OS X 10_10_5) AppleWebKit/601.2.7 (KHTML, like Gecko) Version/9.0.1 Safari/601.2.7', 4, NULL),
(184, 1, 180, 0, 16010183, 2, 0, NULL, NULL, NULL, 0, NULL, NULL, '', '', '', NULL, NULL, NULL, '', NULL, NULL, NULL, '2016-02-08 02:12:23', NULL, NULL, NULL, NULL, NULL, NULL, 'A', 0, NULL, NULL, NULL, '0', 'Mozilla/5.0 (Android 4.4.2; Mobile; rv:44.0) Gecko/44.0 Firefox/44.0', 0, NULL),
(185, 1, 181, 0, 16010184, 2, 0, NULL, NULL, NULL, 0, NULL, NULL, 'N', '', '', 'Já sou graduado em Administração de Empresas pela Universidade Estácio de Sá', '2000', 'Preciso sentar nas primeiras fileiras, pois tenho visão comprometida (mono-ocular)', 'S', 'Direito', 'FMU', 'Outro', '2016-02-08 18:23:12', NULL, 'S', 'N', 'S', 'S', NULL, 'A', 0, NULL, NULL, NULL, '0', 'Mozilla/5.0 (Windows NT 10.0; WOW64) AppleWebKit/537.36 (KHTML, like Gecko) Chrome/48.0.2564.103 Safari/537.36', 4, NULL),
(186, 1, 182, 0, 16010185, 2, 0, NULL, NULL, NULL, 0, NULL, NULL, '', '', '', NULL, NULL, NULL, '', NULL, NULL, NULL, '2016-02-08 21:09:40', NULL, NULL, NULL, NULL, NULL, NULL, 'A', 0, NULL, NULL, NULL, '0', 'Mozilla/5.0 (Linux; Android 4.4.2; SM-T230NT Build/KOT49H) AppleWebKit/537.36 (KHTML, like Gecko) Chrome/48.0.2564.95 Safari/537.36', 0, NULL),
(187, 1, 183, 0, 16010186, 1, 0, NULL, NULL, NULL, 0, NULL, NULL, 'N', '', '', 'E.E.P.S.G Tarcísio Alvares Lobo', '1990', '', 'N', '', '', 'Site da IDP/SP', '2016-02-09 00:38:12', NULL, 'N', 'S', 'S', 'S', NULL, 'A', 0, NULL, NULL, NULL, '0', 'Mozilla/5.0 (Windows NT 5.1) AppleWebKit/537.36 (KHTML, like Gecko) Chrome/48.0.2564.103 Safari/537.36', 4, NULL),
(188, 1, 184, 0, 16010187, 1, 0, NULL, NULL, NULL, 0, NULL, NULL, '', '', '', NULL, NULL, NULL, '', NULL, NULL, NULL, '2016-02-09 10:29:13', NULL, NULL, NULL, NULL, NULL, NULL, 'A', 0, NULL, NULL, NULL, '0', 'Mozilla/5.0 (Windows NT 6.2; WOW64) AppleWebKit/537.36 (KHTML, like Gecko) Chrome/48.0.2564.103 Safari/537.36', 0, NULL),
(189, 1, 185, 0, 16010188, 2, 0, NULL, NULL, NULL, 0, NULL, NULL, 'N', '', '', 'Colegio Salete', '1987', '', 'N', '', '', 'Indicação', '2016-02-09 16:29:27', NULL, 'N', 'N', 'S', 'S', NULL, 'A', 0, NULL, NULL, NULL, '0', 'Mozilla/5.0 (Windows NT 10.0; WOW64) AppleWebKit/537.36 (KHTML, like Gecko) Chrome/48.0.2564.103 Safari/537.36', 4, NULL),
(190, 1, 186, 0, 16010189, 1, 0, NULL, NULL, NULL, 0, NULL, NULL, 'N', '', '', 'Colégio Loyola', '1991', '', 'N', '', '', 'Outro', '2016-02-09 21:53:01', NULL, 'N', 'N', 'S', 'S', NULL, 'A', 0, NULL, NULL, NULL, '0', 'Mozilla/5.0 (iPhone; CPU iPhone OS 9_2_1 like Mac OS X) AppleWebKit/601.1.46 (KHTML, like Gecko) Version/9.0 Mobile/13D15 Safari/601.1', 4, NULL),
(191, 1, 187, 0, 16010190, 2, 0, NULL, NULL, NULL, 0, NULL, NULL, 'S', '2014', '141042709923', 'E.E Prof Willian Rodrigues Rebuá', '2013', '', 'N', '', '', 'Indicação', '2016-02-10 16:58:13', NULL, 'N', 'N', 'S', 'S', NULL, 'A', 0, NULL, NULL, NULL, '0', 'Mozilla/5.0 (Windows NT 6.3; WOW64) AppleWebKit/537.36 (KHTML, like Gecko) Chrome/48.0.2564.103 Safari/537.36', 4, NULL),
(192, 1, 188, 0, 16010191, 1, 0, NULL, NULL, NULL, 0, NULL, NULL, '', '', '', NULL, NULL, NULL, '', NULL, NULL, NULL, '2016-02-11 08:45:12', NULL, NULL, NULL, NULL, NULL, NULL, 'A', 0, NULL, NULL, NULL, '0', 'Mozilla/5.0 (Windows NT 6.1; WOW64) AppleWebKit/537.36 (KHTML, like Gecko) Chrome/44.0.2403.107 Safari/537.36', 0, NULL),
(193, 1, 189, 0, 16010192, 2, 0, NULL, NULL, NULL, 0, NULL, NULL, 'S', '2015', '151003493522', 'Objetivo Campinas', '2015', '', 'S', 'Direito', 'UEL; Unesp; Puccamp', 'Outro', '2016-02-11 15:26:17', NULL, 'N', 'N', 'S', 'S', NULL, 'A', 0, NULL, NULL, NULL, '0', 'Mozilla/5.0 (Windows NT 10.0) AppleWebKit/537.36 (KHTML, like Gecko) Chrome/48.0.2564.109 Safari/537.36', 4, NULL),
(194, 1, 190, 0, 16010193, 2, 0, NULL, NULL, NULL, 0, NULL, NULL, 'N', '', '', 'EEPSG CASTRO ALVES', '1998', '', 'N', '', '', 'Indicação', '2016-02-11 20:21:10', NULL, 'N', 'N', 'S', 'S', NULL, 'A', 0, NULL, NULL, NULL, '0', 'Mozilla/5.0 (Linux; Android 5.1.1; SM-G531BT Build/LMY48B) AppleWebKit/537.36 (KHTML, like Gecko) Chrome/48.0.2564.95 Mobile Safari/537.36', 4, NULL),
(195, 1, 191, 0, 16010194, 2, 0, NULL, NULL, NULL, 0, NULL, NULL, '', '', '', NULL, NULL, NULL, '', NULL, NULL, NULL, '2016-02-11 20:32:58', NULL, NULL, NULL, NULL, NULL, NULL, 'A', 0, NULL, NULL, NULL, '0', 'Mozilla/5.0 (Windows NT 6.1; WOW64) AppleWebKit/537.36 (KHTML, like Gecko) Chrome/48.0.2564.103 Safari/537.36', 0, NULL),
(196, 1, 192, 0, 16010195, 2, 0, NULL, NULL, NULL, 0, NULL, NULL, '', '', '', NULL, NULL, NULL, '', NULL, NULL, NULL, '2016-02-12 16:43:53', NULL, NULL, NULL, NULL, NULL, NULL, 'A', 0, NULL, NULL, NULL, '0', 'Mozilla/5.0 (Windows NT 6.0) AppleWebKit/537.36 (KHTML, like Gecko) Chrome/48.0.2564.109 Safari/537.36', 0, NULL),
(197, 1, 193, 0, 16010196, 2, 0, NULL, NULL, NULL, 0, NULL, NULL, 'N', '', '', 'E.E Professora Zuleica de Barros Martins Ferreira', '2011', '', 'N', '', '', 'Indicação', '2016-02-12 21:08:04', NULL, 'N', 'N', 'S', 'S', NULL, 'A', 0, NULL, NULL, NULL, '0', 'Mozilla/5.0 (Windows NT 6.3; WOW64) AppleWebKit/537.36 (KHTML, like Gecko) Chrome/48.0.2564.97 Safari/537.36', 4, NULL),
(198, 1, 194, 0, 16010197, 1, 0, NULL, NULL, NULL, 0, NULL, NULL, 'N', '', '', 'Jean Piaget Santos ', '2014', '', 'N', '', '', 'Pesquisas na internet', '2016-02-12 21:42:29', NULL, 'N', 'N', 'S', 'S', NULL, 'A', 0, NULL, NULL, NULL, '0', 'Mozilla/5.0 (Linux; Android 5.1.1; SM-J700M Build/LMY48B) AppleWebKit/537.36 (KHTML, like Gecko) Chrome/48.0.2564.95 Mobile Safari/537.36', 4, NULL),
(199, 1, 195, 0, 16010198, 2, 0, NULL, NULL, NULL, 0, NULL, NULL, '', '', '', NULL, NULL, NULL, '', NULL, NULL, NULL, '2016-02-13 11:23:19', NULL, NULL, NULL, NULL, NULL, NULL, 'A', 0, NULL, NULL, NULL, '0', 'Mozilla/5.0 (Android 4.4.2; Mobile; rv:43.0) Gecko/43.0 Firefox/43.0', 0, NULL),
(200, 1, 196, 0, 16010199, 1, 0, NULL, NULL, NULL, 0, NULL, NULL, '', '', '', NULL, NULL, NULL, '', NULL, NULL, NULL, '2016-02-13 13:03:20', NULL, NULL, NULL, NULL, NULL, NULL, 'A', 0, NULL, NULL, NULL, '0', 'Mozilla/5.0 (Linux; Android 5.1; XT1033 Build/LPB23.13-56) AppleWebKit/537.36 (KHTML, like Gecko) Chrome/47.0.2526.83 Mobile Safari/537.36', 0, NULL),
(201, 1, 197, 0, 16010200, 2, 0, NULL, NULL, NULL, 0, NULL, NULL, 'N', '', '', '2009', '2009', '', 'N', '', '', 'Jornal', '2016-02-15 08:58:10', NULL, 'N', 'N', 'S', 'S', NULL, 'A', 0, NULL, NULL, NULL, '0', 'Mozilla/5.0 (Windows NT 6.1; WOW64) AppleWebKit/537.36 (KHTML, like Gecko) Chrome/44.0.2403.130 Safari/537.36', 4, NULL),
(202, 1, 198, 0, 16010201, 1, 0, NULL, NULL, NULL, 0, NULL, NULL, 'N', '', '', 'COLEGIO DRUMOND ANGLO', '2014', '', 'S', 'DIREITO', 'PUC SP ,', 'Jornal', '2016-02-15 10:12:30', NULL, 'N', 'N', 'S', 'S', NULL, 'A', 0, NULL, NULL, NULL, '0', 'Mozilla/5.0 (Windows NT 6.1) AppleWebKit/537.36 (KHTML, like Gecko) Chrome/48.0.2564.109 Safari/537.36', 4, NULL),
(203, 1, 199, 0, 16010202, 2, 0, NULL, NULL, NULL, 0, NULL, NULL, '', '', '', NULL, NULL, NULL, '', NULL, NULL, NULL, '2016-02-15 15:07:04', NULL, NULL, NULL, NULL, NULL, NULL, 'A', 0, NULL, NULL, NULL, '0', 'Mozilla/5.0 (Windows NT 6.1) AppleWebKit/537.36 (KHTML, like Gecko) Chrome/48.0.2564.97 Safari/537.36', 0, NULL),
(204, 1, 200, 0, 16010203, 1, 0, NULL, NULL, NULL, 0, NULL, NULL, 'S', '2015', '151001318376', 'Colégio Sidarta', '2014', '', 'S', 'Direito', 'PUC', 'Notícia na internet', '2016-02-15 19:22:38', NULL, 'N', 'N', 'S', 'S', NULL, 'A', 0, NULL, NULL, NULL, '0', 'Mozilla/5.0 (Windows NT 10.0; WOW64) AppleWebKit/537.36 (KHTML, like Gecko) Chrome/48.0.2564.109 Safari/537.36', 4, NULL),
(205, 1, 201, 0, 16010204, 1, 0, NULL, NULL, NULL, 0, NULL, NULL, 'N', '', '', 'Objetivo', '2001', '', 'N', '', '', 'Indicação', '2016-02-15 21:54:26', NULL, 'N', 'N', 'S', 'S', NULL, 'A', 0, NULL, NULL, NULL, '0', 'Mozilla/5.0 (Macintosh; Intel Mac OS X 10_11_3) AppleWebKit/537.36 (KHTML, like Gecko) Chrome/48.0.2564.109 Safari/537.36', 4, NULL),
(206, 1, 202, 0, 16010205, 2, 0, NULL, NULL, NULL, 0, NULL, NULL, 'N', '', '', 'Colégio Alfaville ', '2004', '', 'N', '', '', 'Site da IDP/SP', '2016-02-15 23:00:07', NULL, 'N', 'N', NULL, NULL, NULL, 'A', 0, NULL, NULL, NULL, '0', 'Mozilla/5.0 (Windows NT 10.0) AppleWebKit/537.36 (KHTML, like Gecko) Chrome/48.0.2564.109 Safari/537.36', 1, NULL),
(207, 1, 203, 0, 16010206, 1, 0, NULL, NULL, NULL, 0, NULL, NULL, 'N', '', '', 'EE Alexandre de Gusmão ', '1980', '', 'N', '', '', 'Notícia na internet', '2016-02-16 01:14:45', NULL, 'N', 'N', 'S', 'S', NULL, 'A', 0, NULL, NULL, NULL, '0', 'Mozilla/5.0 (iPad; CPU OS 9_2_1 like Mac OS X) AppleWebKit/601.1.46 (KHTML, like Gecko) Version/9.0 Mobile/13D15 Safari/601.1', 4, NULL),
(208, 1, 204, 0, 16010207, 2, 0, NULL, NULL, NULL, 0, NULL, NULL, 'N', '', '', 'Centro de Ensino Fundamental 02 do Paranoá', '2013', '', 'N', '', '', 'Indicação', '2016-02-16 10:25:52', NULL, 'N', 'N', NULL, NULL, NULL, 'A', 0, NULL, NULL, NULL, '0', 'Mozilla/5.0 (Linux; Android 5.0.2; SM-A500M Build/LRX22G) AppleWebKit/537.36 (KHTML, like Gecko) Chrome/48.0.2564.95 Mobile Safari/537.36', 1, NULL),
(209, 1, 205, 0, 16010208, 2, 0, NULL, NULL, NULL, 0, NULL, NULL, 'N', '', '', 'EEPSG PROFESSOR TIMOTEO SILVA', '2012', '', 'N', '', '', 'Indicação', '2016-02-16 12:30:42', NULL, 'N', 'S', 'S', 'S', NULL, 'A', 0, NULL, NULL, NULL, '0', 'Mozilla/5.0 (Windows NT 10.0; WOW64) AppleWebKit/537.36 (KHTML, like Gecko) Chrome/48.0.2564.109 Safari/537.36', 4, NULL),
(210, 1, 204, 0, 16010209, 1, 0, NULL, NULL, NULL, 0, NULL, NULL, '', '', '', NULL, NULL, NULL, '', NULL, NULL, NULL, '2016-02-16 19:20:08', NULL, NULL, NULL, NULL, NULL, NULL, 'A', 0, NULL, NULL, NULL, '0', 'Mozilla/5.0 (Linux; Android 5.0.2; SM-A500M Build/LRX22G) AppleWebKit/537.36 (KHTML, like Gecko) Chrome/48.0.2564.95 Mobile Safari/537.36', 0, NULL),
(211, 1, 206, 0, 16010210, 1, 0, NULL, NULL, NULL, 0, NULL, NULL, '', '', '', NULL, NULL, NULL, '', NULL, NULL, NULL, '2016-02-16 20:11:35', NULL, NULL, NULL, NULL, NULL, NULL, 'A', 0, NULL, NULL, NULL, '0', 'Mozilla/5.0 (iPhone; CPU iPhone OS 7_1_2 like Mac OS X) AppleWebKit/537.51.2 (KHTML, like Gecko) Version/7.0 Mobile/11D257 Safari/9537.53', 0, NULL),
(212, 1, 207, 0, 16010211, 1, 0, NULL, NULL, NULL, 0, NULL, NULL, '', '', '', NULL, NULL, NULL, '', NULL, NULL, NULL, '2016-02-16 20:31:41', NULL, NULL, NULL, NULL, NULL, NULL, 'A', 0, NULL, NULL, NULL, '0', 'Mozilla/5.0 (Linux; Android 5.0; SAMSUNG SM-G900M Build/LRX21T) AppleWebKit/537.36 (KHTML, like Gecko) SamsungBrowser/2.1 Chrome/34.0.1847.76 Mobile Safari/537.36', 0, NULL),
(213, 1, 208, 0, 16010212, 2, 0, NULL, NULL, NULL, 0, NULL, NULL, 'N', '', '', 'John I Leobar H.S.', '1993', '', 'N', '', '', 'Site da IDP/SP', '2016-02-17 13:59:52', NULL, 'N', 'N', 'S', 'S', NULL, 'A', 0, NULL, NULL, NULL, '0', 'Mozilla/5.0 (Windows NT 6.1; WOW64; Trident/7.0; rv:11.0) like Gecko', 4, NULL),
(214, 1, 209, 0, 16010213, 2, 0, NULL, NULL, NULL, 0, NULL, NULL, 'N', '', '', 'Colégio Equipe', '1991', '', 'S', 'Direito', 'Mackenzie, Damásio', 'Outro', '2016-02-17 15:00:57', NULL, 'N', 'N', 'S', 'S', NULL, 'A', 0, NULL, NULL, NULL, '0', 'Mozilla/5.0 (Windows NT 6.1; WOW64) AppleWebKit/537.36 (KHTML, like Gecko) Chrome/48.0.2564.109 Safari/537.36', 4, NULL),
(215, 1, 210, 0, 16010214, 2, 0, NULL, NULL, NULL, 0, NULL, NULL, '', '', '', NULL, NULL, NULL, '', NULL, NULL, NULL, '2016-02-17 20:39:57', NULL, NULL, NULL, NULL, NULL, NULL, 'A', 0, NULL, NULL, NULL, '0', 'Mozilla/5.0 (iPhone; CPU iPhone OS 9_2_1 like Mac OS X) AppleWebKit/601.1.46 (KHTML, like Gecko) Version/9.0 Mobile/13D15 Safari/601.1', 0, NULL),
(216, 1, 211, 0, 16010215, 2, 0, NULL, NULL, NULL, 0, NULL, NULL, 'N', '', '', 'futura  ', '2013', '', 'N', '', '', 'Outro', '2016-02-17 20:43:18', NULL, 'N', 'N', 'S', 'S', NULL, 'A', 0, NULL, NULL, NULL, '0', 'Mozilla/5.0 (Windows NT 10.0; Trident/7.0; Touch; rv:11.0) like Gecko', 4, NULL),
(217, 1, 212, 0, 16010216, 2, 0, NULL, NULL, NULL, 0, NULL, NULL, 'S', '2015', '151003477719', 'Anglo Morumbi', '2015', '', 'N', '', '', 'Indicação', '2016-02-17 22:11:48', NULL, 'N', 'N', 'S', 'S', NULL, 'A', 0, NULL, NULL, NULL, '0', 'Mozilla/5.0 (Windows NT 6.1; WOW64) AppleWebKit/537.36 (KHTML, like Gecko) Chrome/48.0.2564.109 Safari/537.36', 4, NULL),
(218, 1, 213, 0, 16010217, 1, 0, NULL, NULL, NULL, 0, NULL, NULL, '', '', '', NULL, NULL, NULL, '', NULL, NULL, NULL, '2016-02-18 11:35:28', NULL, NULL, NULL, NULL, NULL, NULL, 'A', 0, NULL, NULL, NULL, '0', 'Mozilla/5.0 (Windows NT 6.0) AppleWebKit/537.36 (KHTML, like Gecko) Chrome/39.0.2171.7 Safari/537.36', 0, NULL),
(219, 1, 214, 0, 16010218, 2, 0, NULL, NULL, NULL, 0, NULL, NULL, '', '', '', NULL, NULL, NULL, '', NULL, NULL, NULL, '2016-02-19 03:10:07', NULL, NULL, NULL, NULL, NULL, NULL, 'A', 0, NULL, NULL, NULL, '0', 'Mozilla/5.0 (Windows NT 6.1; WOW64) AppleWebKit/537.36 (KHTML, like Gecko) Chrome/48.0.2564.109 Safari/537.36', 0, NULL),
(220, 1, 215, 0, 16010219, 2, 0, NULL, NULL, NULL, 0, NULL, NULL, '', '', '', NULL, NULL, NULL, '', NULL, NULL, NULL, '2016-02-19 19:59:26', NULL, NULL, NULL, NULL, NULL, NULL, 'A', 0, NULL, NULL, NULL, '0', 'Mozilla/5.0 (Windows NT 6.1; WOW64) AppleWebKit/537.36 (KHTML, like Gecko) Chrome/47.0.2526.106 Safari/537.36', 0, NULL),
(221, 1, 216, 0, 16010220, 2, 0, NULL, NULL, NULL, 0, NULL, NULL, 'N', '', '', 'Eepsg alexandre lopes oliveira', '2001', '', 'N', '', '', 'Pesquisas na internet', '2016-02-19 20:03:46', NULL, 'N', 'N', 'S', 'S', NULL, 'A', 0, NULL, NULL, NULL, '0', 'Mozilla/5.0 (Linux; Android 4.1.2; GT-N7100 Build/JZO54K) AppleWebKit/537.36 (KHTML, like Gecko) Chrome/48.0.2564.95 Mobile Safari/537.36', 4, NULL),
(222, 1, 217, 0, 16010221, 1, 0, NULL, NULL, NULL, 0, NULL, NULL, '', '', '', NULL, NULL, NULL, '', NULL, NULL, NULL, '2016-02-19 21:40:01', NULL, NULL, NULL, NULL, NULL, NULL, 'A', 0, NULL, NULL, NULL, '0', 'Mozilla/5.0 (Windows NT 6.1; WOW64) AppleWebKit/537.36 (KHTML, like Gecko) Chrome/48.0.2564.109 Safari/537.36', 0, NULL),
(223, 1, 218, 0, 16010222, 1, 0, NULL, NULL, NULL, 0, NULL, NULL, '', '', '', NULL, NULL, NULL, '', NULL, NULL, NULL, '2016-02-19 22:46:28', NULL, NULL, NULL, NULL, NULL, NULL, 'A', 0, NULL, NULL, NULL, '0', 'Mozilla/5.0 (iPad; CPU OS 9_2_1 like Mac OS X) AppleWebKit/601.1.46 (KHTML, like Gecko) Version/9.0 Mobile/13D15 Safari/601.1', 0, NULL),
(226, 2, 106, 0, 16500001, 3, 0, NULL, NULL, NULL, 0, NULL, NULL, '', '', '', NULL, NULL, NULL, '', NULL, NULL, NULL, '2016-06-03 14:55:05', NULL, NULL, NULL, NULL, NULL, NULL, 'A', 0, NULL, NULL, NULL, '0', 'Mozilla/5.0 (Windows NT 10.0; WOW64) AppleWebKit/537.36 (KHTML, like Gecko) Chrome/50.0.2661.102 Safari/537.36', 0, NULL),
(227, 2, 220, 0, 16500002, 3, 4, NULL, NULL, NULL, 0, NULL, NULL, 'N', '', '', 'centro de formação aplicação e cultura', '2014', '', 'N', '', '', 'Indicação', '2016-06-06 14:42:36', NULL, 'N', 'N', 'S', 'S', NULL, 'A', 0, NULL, NULL, NULL, '0', 'Mozilla/5.0 (Windows NT 10.0; WOW64) AppleWebKit/537.36 (KHTML, like Gecko) Chrome/50.0.2661.102 Safari/537.36', 4, NULL),
(228, 2, 221, 0, 16500003, 3, 3, NULL, NULL, NULL, 0, NULL, NULL, 'N', '', '', 'SETA', '2006', '', 'N', '', '', 'Site da IDP/SP', '2016-06-06 17:02:47', NULL, 'N', 'N', 'S', 'S', NULL, 'A', 0, NULL, NULL, NULL, '0', 'Mozilla/5.0 (Windows NT 10.0; WOW64) AppleWebKit/537.36 (KHTML, like Gecko) Chrome/50.0.2661.102 Safari/537.36', 4, NULL),
(229, 2, 222, 0, 16500004, 3, 3, NULL, NULL, NULL, 0, NULL, NULL, 'N', '', '', 'Colégio FECAP', '2014', '', 'N', '', '', 'Site da IDP/SP', '2016-06-06 18:03:39', NULL, 'N', 'N', 'S', 'S', NULL, 'A', 0, NULL, NULL, NULL, '0', 'Mozilla/5.0 (Macintosh; Intel Mac OS X 10.9; rv:46.0) Gecko/20100101 Firefox/46.0', 4, NULL),
(230, 2, 223, 0, 16500005, 3, 1, NULL, NULL, NULL, 0, NULL, NULL, 'N', '', '', 'Escola Estadual de SEgundo Grau Virgília Rodrigues de Carvalho Pinto.', '1999', '', 'N', '', '', 'Facebook', '2016-06-06 20:10:47', NULL, 'N', 'N', NULL, NULL, NULL, 'A', 0, NULL, NULL, NULL, '0', 'Mozilla/5.0 (iPhone; CPU iPhone OS 9_3_2 like Mac OS X) AppleWebKit/601.1.46 (KHTML, like Gecko) Mobile/13F69 [FBAN/FBIOS;FBAV/56.0.0.58.135;FBBV/30582859;FBRV/0;FBDV/iPhone5,4;FBMD/iPhone;FBSN/iPhone OS;FBSV/9.3.2;FBSS/2;FBCR/VIVO;FBID/phone;FBLC/pt_BR;FBOP/5]', 1, NULL),
(231, 2, 148, 0, 16500006, 3, 4, NULL, NULL, NULL, 0, NULL, NULL, 'N', '', '', 'Adventista da Liberdade', '2015', '', 'N', '', '', 'Site da IDP/SP', '2016-06-06 20:36:57', NULL, 'N', 'N', 'S', 'S', NULL, 'A', 0, NULL, NULL, NULL, '0', 'Mozilla/5.0 (Linux; Android 5.0.1; GT-I9505 Build/LRX22C) AppleWebKit/537.36 (KHTML, like Gecko) Chrome/50.0.2661.89 Mobile Safari/537.36', 4, NULL),
(232, 2, 3, 0, 16500007, 3, 1, NULL, NULL, NULL, 0, NULL, NULL, '', '', '', NULL, NULL, NULL, '', NULL, NULL, NULL, '2016-06-07 08:39:51', NULL, NULL, NULL, NULL, NULL, NULL, 'A', 0, NULL, NULL, NULL, '0', 'Mozilla/5.0 (iPhone; CPU iPhone OS 9_3_2 like Mac OS X) AppleWebKit/601.1.46 (KHTML, like Gecko) Version/9.0 Mobile/13F69 Safari/601.1', 0, NULL),
(233, 2, 224, 0, 16500008, 3, 1, NULL, NULL, NULL, 0, NULL, NULL, 'N', '', '', 'Agostiniano Mendel', '1995', '', 'N', '', '', 'Indicação', '2016-06-07 17:05:44', NULL, 'N', 'N', 'S', 'S', NULL, 'A', 0, NULL, NULL, NULL, '0', 'Mozilla/5.0 (iPhone; CPU iPhone OS 9_3_2 like Mac OS X) AppleWebKit/600.1.4 (KHTML, like Gecko) GSA/15.1.122860578 Mobile/13F69 Safari/600.1.4', 4, NULL),
(234, 2, 225, 0, 16500009, 3, 1, NULL, NULL, NULL, 0, NULL, NULL, '', '', '', NULL, NULL, NULL, '', NULL, NULL, NULL, '2016-06-07 20:12:42', NULL, NULL, NULL, NULL, NULL, NULL, 'A', 0, NULL, NULL, NULL, '0', 'Mozilla/5.0 (iPhone; CPU iPhone OS 9_3_2 like Mac OS X) AppleWebKit/601.1.46 (KHTML, like Gecko) Version/9.0 Mobile/13F69 Safari/601.1', 0, NULL),
(235, 2, 226, 0, 16500010, 3, 4, NULL, NULL, NULL, 0, NULL, NULL, 'N', '', '', 'E.E. Prof. Hadla Feres', '2015', '', 'S', 'Direito', 'Universidade Presbiteriana Mackenzie', 'Indicação', '2016-06-08 11:25:54', NULL, 'N', 'N', NULL, NULL, NULL, 'A', 0, NULL, NULL, NULL, '0', 'Mozilla/5.0 (Windows NT 6.3; Win64; x64) AppleWebKit/537.36 (KHTML, like Gecko) Chrome/52.0.2743.24 Safari/537.36', 2, NULL),
(236, 2, 227, 0, 16500011, 3, 2, NULL, NULL, NULL, 0, NULL, NULL, 'N', '', '', 'COLEGIO DROMOS', '2015', '', 'N', '', '', 'Outro', '2016-06-09 04:24:52', NULL, 'N', 'N', 'S', 'S', NULL, 'A', 0, NULL, NULL, NULL, '0', 'Mozilla/5.0 (iPhone; CPU iPhone OS 9_3_2 like Mac OS X) AppleWebKit/601.1.46 (KHTML, like Gecko) Version/9.0 Mobile/13F69 Safari/601.1', 4, NULL),
(237, 2, 228, 0, 16500012, 3, 4, NULL, NULL, NULL, 0, NULL, NULL, 'N', '', '', 'Mandic', '2000', '', 'N', '', '', 'Site da IDP/SP', '2016-06-09 10:34:07', NULL, 'N', 'N', 'S', 'S', NULL, 'A', 0, NULL, NULL, NULL, '0', 'Mozilla/5.0 (Windows NT 6.1; WOW64) AppleWebKit/537.36 (KHTML, like Gecko) Chrome/51.0.2704.84 Safari/537.36', 4, NULL),
(238, 2, 229, 0, 16500013, 3, 1, NULL, NULL, NULL, 0, NULL, NULL, 'N', '', '', 'Colégio Renascença', '1987', '', 'N', '', '', 'Outro', '2016-06-10 11:42:28', NULL, 'N', 'N', 'S', 'S', NULL, 'A', 0, NULL, NULL, NULL, '0', 'Mozilla/5.0 (Windows NT 6.1) AppleWebKit/537.36 (KHTML, like Gecko) Chrome/51.0.2704.84 Safari/537.36', 4, NULL),
(239, 2, 230, 0, 16500014, 3, 4, NULL, NULL, NULL, 0, NULL, NULL, 'N', '', '', 'COLÉGIO BANDEIRANTES', '2012', '', 'S', 'DIREITO', 'MACKENZIE, FMU', 'Indicação', '2016-06-10 12:48:28', NULL, 'N', 'N', 'S', 'S', NULL, 'A', 0, NULL, NULL, NULL, '0', 'Mozilla/5.0 (Windows NT 6.1; WOW64) AppleWebKit/537.36 (KHTML, like Gecko) Chrome/44.0.2403.125 Safari/537.36', 4, NULL),
(240, 2, 231, 0, 16500015, 3, 4, NULL, NULL, NULL, 0, NULL, NULL, 'N', '', '', 'Colegio Dom Bosco', '2014', '', 'N', '', '', 'Site da IDP/SP', '2016-06-14 11:08:22', NULL, 'N', 'N', 'S', 'S', NULL, 'A', 0, NULL, NULL, NULL, '0', 'Mozilla/5.0 (Windows NT 6.1; WOW64; rv:45.0) Gecko/20100101 Firefox/45.0', 4, NULL),
(241, 2, 232, 0, 16500016, 3, 4, NULL, NULL, NULL, 0, NULL, NULL, 'N', '', '', 'Vargem Grande II', '2015', '', 'N', '', '', 'Facebook', '2016-06-14 21:36:35', NULL, 'N', 'N', 'S', 'S', NULL, 'A', 0, NULL, NULL, NULL, '0', 'Mozilla/5.0 (Windows NT 5.1) AppleWebKit/537.36 (KHTML, like Gecko) Chrome/49.0.2623.112 Safari/537.36', 4, NULL),
(242, 2, 233, 0, 16500017, 3, 1, NULL, NULL, NULL, 0, NULL, NULL, 'N', '', '', 'ESCOLA POETA MANOEL BANDEIRA ', '2015', '', 'N', '', '', 'Notícia na internet', '2016-06-16 17:07:07', NULL, 'N', 'N', 'S', 'S', NULL, 'A', 0, NULL, NULL, NULL, '0', 'Mozilla/5.0 (Windows NT 6.1; WOW64) AppleWebKit/537.36 (KHTML, like Gecko) Chrome/46.0.2490.86 Safari/537.36', 4, NULL),
(243, 2, 109, 0, 16500018, 3, 2, NULL, NULL, NULL, 0, NULL, NULL, 'N', '', '', 'COLÉGIO GETÚLIO VARGAS', '2014', '', 'S', 'ESTOU CURSANDO DIREITO - 1º SEMESTRE/2016', 'ESTÁCIO DE SÁ - UNIRADIAL ', 'Google', '2016-06-17 13:03:46', NULL, 'N', 'S', 'S', 'S', NULL, 'A', 0, NULL, NULL, NULL, '0', 'Mozilla/5.0 (Windows NT 6.1; WOW64) AppleWebKit/537.36 (KHTML, like Gecko) Chrome/51.0.2704.84 Safari/537.36', 4, NULL),
(244, 2, 234, 0, 16500019, 3, 1, NULL, NULL, NULL, 0, NULL, NULL, 'N', '', '', 'Colegio Comercial Padre Giordanno', '1984', '', 'N', '', '', 'Notícia na internet', '2016-06-20 11:30:47', NULL, 'N', 'N', 'S', 'S', NULL, 'A', 0, NULL, NULL, NULL, '0', 'Mozilla/5.0 (Windows NT 6.1; WOW64) AppleWebKit/537.36 (KHTML, like Gecko) Chrome/51.0.2704.79 Safari/537.36', 4, NULL),
(245, 2, 235, 0, 16500020, 3, 1, NULL, NULL, NULL, 0, NULL, NULL, 'N', '', '', 'Colegio Diocesano do Crato - CE', '1978', '', 'N', '', '', 'Notícia na internet', '2016-06-21 16:15:50', NULL, 'N', 'N', 'S', 'S', NULL, 'A', 0, NULL, NULL, NULL, '0', 'Mozilla/5.0 (Windows NT 6.1; WOW64; rv:47.0) Gecko/20100101 Firefox/47.0', 4, NULL),
(246, 2, 236, 0, 16500021, 3, 2, NULL, NULL, NULL, 0, NULL, NULL, 'N', '', '', 'Escola Nossa Senhora das Graças', '2011', '', 'N', '', '', 'Site da IDP/SP', '2016-06-28 00:49:27', NULL, 'N', 'N', 'S', 'S', NULL, 'A', 0, NULL, NULL, NULL, '0', 'Mozilla/5.0 (Windows NT 10.0; WOW64) AppleWebKit/537.36 (KHTML, like Gecko) Chrome/51.0.2704.103 Safari/537.36', 4, NULL),
(247, 2, 237, 0, 16500022, 3, 0, NULL, NULL, NULL, 0, NULL, NULL, '', '', '', NULL, NULL, NULL, '', NULL, NULL, NULL, '2016-06-30 17:01:48', NULL, NULL, NULL, NULL, NULL, NULL, 'A', 0, NULL, NULL, NULL, '0', 'Mozilla/5.0 (Windows NT 6.1; WOW64) AppleWebKit/537.36 (KHTML, like Gecko) Chrome/51.0.2704.103 Safari/537.36', 0, NULL),
(248, 2, 238, 0, 16500023, 3, 1, NULL, NULL, NULL, 0, NULL, NULL, 'N', '', '', 'Externato Casa Pia São Vicente de Paulo', '2005', '', 'N', '', '', 'Site da IDP/SP', '2016-07-01 17:17:45', NULL, 'N', 'N', 'S', 'S', NULL, 'A', 0, NULL, NULL, NULL, '0', 'Mozilla/5.0 (Windows NT 6.0) AppleWebKit/537.36 (KHTML, like Gecko) Chrome/49.0.2623.112 Safari/537.36', 4, NULL),
(249, 2, 239, 0, 16500024, 3, 0, NULL, NULL, NULL, 0, NULL, NULL, '', '', '', NULL, NULL, NULL, '', NULL, NULL, NULL, '2016-07-04 09:20:37', NULL, NULL, NULL, NULL, NULL, NULL, 'A', 0, NULL, NULL, NULL, '0', 'Mozilla/5.0 (Windows NT 6.1; WOW64) AppleWebKit/537.36 (KHTML, like Gecko) Chrome/51.0.2704.103 Safari/537.36', 0, NULL),
(250, 2, 240, 0, 16500025, 3, 0, NULL, NULL, NULL, 0, NULL, NULL, '', '', '', NULL, NULL, NULL, '', NULL, NULL, NULL, '2016-07-04 10:08:18', NULL, NULL, NULL, NULL, NULL, NULL, 'A', 0, NULL, NULL, NULL, '0', 'Mozilla/5.0 (iPad; CPU OS 8_4_1 like Mac OS X) AppleWebKit/600.1.4 (KHTML, like Gecko) GSA/16.0.124986583 Mobile/12H321 Safari/600.1.4', 0, NULL),
(251, 2, 125, 0, 16500026, 3, 4, NULL, NULL, NULL, 0, NULL, NULL, '', '', '', NULL, NULL, NULL, '', NULL, NULL, NULL, '2016-07-04 14:21:52', NULL, NULL, NULL, NULL, NULL, NULL, 'A', 0, NULL, NULL, NULL, '0', 'Mozilla/5.0 (Windows NT 10.0; WOW64) AppleWebKit/537.36 (KHTML, like Gecko) Chrome/51.0.2704.103 Safari/537.36', 0, NULL),
(252, 2, 241, 0, 16500027, 3, 4, NULL, NULL, NULL, 0, NULL, NULL, '', '', '', NULL, NULL, NULL, '', NULL, NULL, NULL, '2016-07-05 15:16:04', NULL, NULL, NULL, NULL, NULL, NULL, 'A', 0, NULL, NULL, NULL, '0', 'Mozilla/5.0 (Windows NT 6.1; WOW64) AppleWebKit/537.36 (KHTML, like Gecko) Chrome/51.0.2704.103 Safari/537.36', 0, NULL),
(253, 2, 242, 0, 16500028, 3, 4, NULL, NULL, NULL, 0, NULL, NULL, '', '', '', NULL, NULL, NULL, '', NULL, NULL, NULL, '2016-07-05 19:43:30', NULL, NULL, NULL, NULL, NULL, NULL, 'A', 0, NULL, NULL, NULL, '0', 'Mozilla/5.0 (Windows NT 10.0; WOW64; rv:47.0) Gecko/20100101 Firefox/47.0', 0, NULL),
(254, 2, 243, 0, 16500029, 3, 4, NULL, NULL, NULL, 0, NULL, NULL, '', '', '', NULL, NULL, NULL, '', NULL, NULL, NULL, '2016-07-05 22:47:21', NULL, NULL, NULL, NULL, NULL, NULL, 'A', 0, NULL, NULL, NULL, '0', 'Mozilla/5.0 (Windows NT 6.3; WOW64) AppleWebKit/537.36 (KHTML, like Gecko) Chrome/51.0.2704.103 Safari/537.36', 0, NULL),
(255, 2, 244, 0, 16500030, 3, 4, NULL, NULL, NULL, 0, NULL, NULL, '', '', '', NULL, NULL, NULL, '', NULL, NULL, NULL, '2016-07-06 16:02:11', NULL, NULL, NULL, NULL, NULL, NULL, 'A', 0, NULL, NULL, NULL, '0', 'Mozilla/5.0 (Windows NT 5.1) AppleWebKit/537.36 (KHTML, like Gecko) Chrome/49.0.2623.112 Safari/537.36', 0, NULL),
(256, 2, 245, 0, 16500031, 3, 4, NULL, NULL, NULL, 0, NULL, NULL, 'N', '', '', 'EEB Dom Gregorio Warmeling', '2010', '', 'N', '', '', 'Indicação', '2016-07-06 17:31:10', NULL, 'N', 'N', 'S', 'S', NULL, 'A', 0, NULL, NULL, NULL, '0', 'Mozilla/5.0 (Linux; Android 5.1.1; SAMSUNG SM-J500M Build/LMY48B) AppleWebKit/537.36 (KHTML, like Gecko) SamsungBrowser/3.3 Chrome/38.0.2125.102 Mobile Safari/537.36', 4, NULL),
(257, 2, 183, 0, 16500032, 3, 4, NULL, NULL, NULL, 0, NULL, NULL, 'N', '', '', 'E.E.P.S.G Tarcísio Alvares Lobo', '1990', '', 'N', '', '', 'Site da IDP/SP', '2016-07-08 01:19:30', NULL, 'N', 'S', NULL, NULL, NULL, 'A', 0, NULL, NULL, NULL, '0', 'Mozilla/5.0 (Windows NT 6.1) AppleWebKit/537.36 (KHTML, like Gecko) Chrome/51.0.2704.103 Safari/537.36', 2, NULL),
(258, 2, 246, 0, 16500033, 3, 0, NULL, NULL, NULL, 0, NULL, NULL, '', '', '', NULL, NULL, NULL, '', NULL, NULL, NULL, '2016-07-10 09:09:37', NULL, NULL, NULL, NULL, NULL, NULL, 'A', 0, NULL, NULL, NULL, '0', 'Mozilla/5.0 (Windows NT 6.3; WOW64) AppleWebKit/537.36 (KHTML, like Gecko) Chrome/51.0.2704.103 Safari/537.36', 0, NULL),
(259, 2, 247, 0, 16500034, 3, 0, NULL, NULL, NULL, 0, NULL, NULL, '', '', '', NULL, NULL, NULL, '', NULL, NULL, NULL, '2016-07-10 14:59:42', NULL, NULL, NULL, NULL, NULL, NULL, 'A', 0, NULL, NULL, NULL, '0', 'Mozilla/5.0 (Linux; Android 5.0.1; LG-H342 Build/LRX21Y) AppleWebKit/537.36 (KHTML, like Gecko) Chrome/51.0.2704.81 Mobile Safari/537.36', 0, NULL),
(260, 2, 248, 0, 16500035, 3, 4, NULL, NULL, NULL, 0, NULL, NULL, '', '', '', NULL, NULL, NULL, '', NULL, NULL, NULL, '2016-07-10 16:57:57', NULL, NULL, NULL, NULL, NULL, NULL, 'A', 0, NULL, NULL, NULL, '0', 'Mozilla/5.0 (Linux; Android 4.4.4; SAMSUNG SM-G318ML Build/KTU84P) AppleWebKit/537.36 (KHTML, like Gecko) SamsungBrowser/2.0 Chrome/34.0.1847.76 Mobile Safari/537.36', 0, NULL),
(261, 2, 249, 0, 16500036, 3, 4, NULL, NULL, NULL, 0, NULL, NULL, 'N', '', '', 'E.E Pedro Malozze', '2012', '', 'N', '', '', 'Indicação', '2016-07-11 16:28:44', NULL, 'N', 'N', 'S', 'S', NULL, 'A', 0, NULL, NULL, NULL, '0', 'Mozilla/5.0 (Windows NT 10.0; WOW64) AppleWebKit/537.36 (KHTML, like Gecko) Chrome/51.0.2704.103 Safari/537.36', 4, NULL),
(262, 2, 250, 0, 16500037, 3, 2, NULL, NULL, NULL, 0, NULL, NULL, 'N', '', '', 'ETE Getúlio Vargas', '2000', '', 'N', '', '', 'Outro', '2016-07-12 20:02:23', NULL, 'N', 'N', 'S', 'S', NULL, 'A', 0, NULL, NULL, NULL, '0', 'Mozilla/5.0 (Linux; Android 5.1.1; SM-J700M Build/LMY48B; wv) AppleWebKit/537.36 (KHTML, like Gecko) Version/4.0 Chrome/46.0.2490.76 Mobile Safari/537.36', 4, NULL),
(263, 2, 251, 0, 16500038, 3, 1, NULL, NULL, NULL, 0, NULL, NULL, '', '', '', NULL, NULL, NULL, '', NULL, NULL, NULL, '2016-07-13 10:23:31', NULL, NULL, NULL, NULL, NULL, NULL, 'A', 0, NULL, NULL, NULL, '0', 'Mozilla/5.0 (Linux; Android 4.4.2; LG-D227 Build/KOT49I) AppleWebKit/537.36 (KHTML, like Gecko) Chrome/48.0.2564.95 Mobile Safari/537.36', 0, NULL),
(264, 2, 209, 0, 16500039, 3, 4, NULL, NULL, NULL, 0, NULL, NULL, 'N', '', '', 'Colegio Equipe', '1991', '', 'N', '', '', 'Site da IDP/SP', '2016-07-13 11:01:47', NULL, 'N', 'N', 'S', 'S', NULL, 'A', 0, NULL, NULL, NULL, '0', 'Mozilla/5.0 (Windows NT 6.1; WOW64) AppleWebKit/537.36 (KHTML, like Gecko) Chrome/51.0.2704.103 Safari/537.36', 4, NULL),
(265, 2, 252, 0, 16500040, 3, 1, NULL, NULL, NULL, 0, NULL, NULL, 'N', '', '', 'EESG Augusto Meirelles Reis Filho', '1997', '', 'N', '', '', 'Site da IDP/SP', '2016-07-13 16:47:09', NULL, 'N', 'N', 'S', 'S', NULL, 'A', 0, NULL, NULL, NULL, '0', 'Mozilla/5.0 (Windows NT 6.1; WOW64; rv:47.0) Gecko/20100101 Firefox/47.0', 4, NULL),
(266, 2, 253, 0, 16500041, 3, 4, NULL, NULL, NULL, 0, NULL, NULL, 'N', '', '', 'Dona Maria Mantelli', '2004', '', 'N', '', '', 'Google', '2016-07-14 09:26:39', NULL, 'N', 'N', NULL, NULL, NULL, 'A', 0, NULL, NULL, NULL, '0', 'Mozilla/5.0 (compatible; MSIE 9.0; Windows NT 6.1; Trident/5.0)', 2, NULL),
(267, 2, 254, 0, 16500042, 3, 2, NULL, NULL, NULL, 0, NULL, NULL, '', '', '', NULL, NULL, NULL, '', NULL, NULL, NULL, '2016-07-14 15:46:46', NULL, NULL, NULL, NULL, NULL, NULL, 'A', 0, NULL, NULL, NULL, '0', 'Mozilla/5.0 (Windows NT 6.1; WOW64) AppleWebKit/537.36 (KHTML, like Gecko) Chrome/51.0.2704.103 Safari/537.36', 0, NULL),
(268, 2, 255, 0, 16500043, 3, 2, NULL, NULL, NULL, 0, NULL, NULL, '', '', '', NULL, NULL, NULL, '', NULL, NULL, NULL, '2016-07-15 06:50:42', NULL, NULL, NULL, NULL, NULL, NULL, 'A', 0, NULL, NULL, NULL, '0', 'Mozilla/5.0 (Linux; Android 5.1.1; SM-J700M Build/LMY48B; wv) AppleWebKit/537.36 (KHTML, like Gecko) Version/4.0 Chrome/51.0.2704.81 Mobile Safari/537.36', 0, NULL),
(269, 2, 256, 0, 16500044, 3, 4, NULL, NULL, NULL, 0, NULL, NULL, 'N', '', '', 'eepg luis simione sobrinho', '2010', '', 'N', '', '', 'Pesquisas na internet', '2016-07-16 13:51:36', NULL, 'N', 'N', 'S', 'S', NULL, 'A', 0, NULL, NULL, NULL, '0', 'Mozilla/4.0 (compatible; MSIE 8.0; Windows NT 6.1; WOW64; Trident/4.0; SLCC2; .NET CLR 2.0.50727; .NET CLR 3.5.30729; .NET CLR 3.0.30729; .NET4.0C; .NET4.0E; BRI/1; InfoPath.2)', 4, NULL),
(270, 2, 257, 0, 16500045, 3, 4, NULL, NULL, NULL, 0, NULL, NULL, 'N', '', '', 'Centro do ensino SESI Taguatinga-Norte ', '2016', '', 'N', '', '', 'Pesquisas na internet', '2016-07-16 19:57:45', NULL, 'N', 'N', NULL, NULL, NULL, 'A', 0, NULL, NULL, NULL, '0', 'Mozilla/5.0 (Windows NT 6.1) AppleWebKit/537.36 (KHTML, like Gecko) Chrome/36.0.1985.143 Safari/537.36', 1, NULL),
(271, 2, 258, 0, 16500046, 3, 1, NULL, NULL, NULL, 0, NULL, NULL, '', '', '', NULL, NULL, NULL, '', NULL, NULL, NULL, '2016-07-16 22:19:11', NULL, NULL, NULL, NULL, NULL, NULL, 'A', 0, NULL, NULL, NULL, '0', 'Mozilla/5.0 (Windows NT 6.1; WOW64) AppleWebKit/537.36 (KHTML, like Gecko) Chrome/51.0.2704.103 Safari/537.36', 0, NULL),
(272, 2, 100, 0, 16500047, 3, 4, NULL, NULL, NULL, 0, NULL, NULL, 'N', '', '', 'Anglo Sorocaba', '2015', '', 'N', '', '', 'Indicação', '2016-07-17 15:07:56', NULL, 'N', 'N', 'S', 'S', NULL, 'A', 0, NULL, NULL, NULL, '0', 'Mozilla/5.0 (Macintosh; Intel Mac OS X 10_11_5) AppleWebKit/601.6.17 (KHTML, like Gecko) Version/9.1.1 Safari/601.6.17', 4, NULL),
(273, 2, 259, 0, 16500048, 3, 4, NULL, NULL, NULL, 0, NULL, NULL, '', '', '', NULL, NULL, NULL, '', NULL, NULL, NULL, '2016-07-17 19:51:04', NULL, NULL, NULL, NULL, NULL, NULL, 'A', 0, NULL, NULL, NULL, '0', 'Mozilla/5.0 (Windows NT 6.1) AppleWebKit/537.36 (KHTML, like Gecko) Chrome/51.0.2704.103 Safari/537.36', 0, NULL),
(274, 2, 260, 0, 16500049, 3, 4, NULL, NULL, NULL, 0, NULL, NULL, 'N', '', '', 'escola estadual rodrigues alves', '1995', '', 'N', '', '', 'Google', '2016-07-18 15:55:46', NULL, 'N', 'N', 'S', 'S', NULL, 'A', 0, NULL, NULL, NULL, '0', 'Mozilla/5.0 (Windows NT 6.3; WOW64) AppleWebKit/537.36 (KHTML, like Gecko) Chrome/51.0.2704.103 Safari/537.36', 4, NULL),
(275, 2, 261, 0, 16500050, 3, 4, NULL, NULL, NULL, 0, NULL, NULL, 'N', '', '', 'Colegio Anglo sorocaba', '2015', '', 'N', '', '', 'Indicação', '2016-07-19 17:49:19', NULL, 'N', 'N', 'S', 'S', NULL, 'A', 0, NULL, NULL, NULL, '0', 'Mozilla/5.0 (Windows NT 6.1; WOW64) AppleWebKit/537.36 (KHTML, like Gecko) Chrome/51.0.2704.103 Safari/537.36', 4, NULL),
(276, 2, 262, 0, 16500051, 3, 1, NULL, NULL, NULL, 0, NULL, NULL, 'N', '', '', 'Teodoro Correia Cintra', '2014', '', 'N', '', '', 'Facebook', '2016-07-20 07:55:58', NULL, 'N', 'S', 'S', 'S', NULL, 'A', 0, NULL, NULL, NULL, '0', 'Mozilla/5.0 (Linux; U; Android 4.2.2; pt-br; GT-I9082C Build/JDQ39) AppleWebKit/534.30 (KHTML, like Gecko) Version/4.0 Mobile Safari/534.30', 4, NULL),
(277, 2, 263, 0, 16500052, 3, 4, NULL, NULL, NULL, 0, NULL, NULL, '', '', '', NULL, NULL, NULL, '', NULL, NULL, NULL, '2016-07-20 11:16:12', NULL, NULL, NULL, NULL, NULL, NULL, 'A', 0, NULL, NULL, NULL, '0', 'Mozilla/5.0 (Macintosh; Intel Mac OS X 10_10_2) AppleWebKit/600.4.8 (KHTML, like Gecko) Version/8.0.3 Safari/600.4.8', 0, NULL),
(278, 2, 264, 0, 16500053, 3, 1, NULL, NULL, NULL, 0, NULL, NULL, '', '', '', NULL, NULL, NULL, '', NULL, NULL, NULL, '2016-07-21 15:22:20', NULL, NULL, NULL, NULL, NULL, NULL, 'A', 0, NULL, NULL, NULL, '0', 'Mozilla/5.0 (Linux; Android 5.0.2; SM-A500M Build/LRX22G; wv) AppleWebKit/537.36 (KHTML, like Gecko) Version/4.0 Chrome/51.0.2704.81 Mobile Safari/537.36 [FB_IAB/FB4A;FBAV/85.0.0.15.70;]', 0, NULL),
(279, 2, 265, 0, 16500054, 3, 4, NULL, NULL, NULL, 0, NULL, NULL, 'N', '', '', 'Dona Clara Mantelli', '2014', '', 'N', '', '', 'Site da IDP/SP', '2016-07-21 21:55:48', NULL, 'N', 'N', 'S', 'S', NULL, 'A', 0, NULL, NULL, NULL, '0', 'Mozilla/5.0 (iPad; CPU OS 9_3_1 like Mac OS X) AppleWebKit/600.1.4 (KHTML, like Gecko) GSA/16.0.124986583 Mobile/13E238 Safari/600.1.4', 4, NULL),
(280, 2, 266, 0, 16500055, 3, 0, NULL, NULL, NULL, 0, NULL, NULL, '', '', '', NULL, NULL, NULL, '', NULL, NULL, NULL, '2016-07-22 12:54:31', NULL, NULL, NULL, NULL, NULL, NULL, 'A', 0, NULL, NULL, NULL, '0', 'Mozilla/5.0 (Windows NT 6.1; WOW64; rv:47.0) Gecko/20100101 Firefox/47.0', 0, NULL),
(281, 2, 267, 0, 16500056, 3, 2, NULL, NULL, NULL, 0, NULL, NULL, '', '', '', NULL, NULL, NULL, '', NULL, NULL, NULL, '2016-07-23 21:04:43', NULL, NULL, NULL, NULL, NULL, NULL, 'A', 0, NULL, NULL, NULL, '0', 'Mozilla/5.0 (Linux; Android 4.4.4; XT1025 Build/KXC21.5-40) AppleWebKit/537.36 (KHTML, like Gecko) Chrome/47.0.2526.83 Mobile Safari/537.36', 0, NULL);
INSERT INTO `proInscricoes` (`id_inscricao`, `id_processo`, `id_pessoafisica`, `id_sala`, `num_inscricao`, `id_curso`, `id_grupo`, `num_opcao_2`, `num_classificacao`, `str_periodoClassificado`, `num_chamada`, `str_local`, `str_prova_sala`, `ch_enem`, `str_enem_ano`, `str_enem_inscricao`, `str_ensinomedio_local`, `str_ensinomedio_conclusao`, `str_necessidade_especial`, `ch_comunicacao_outrafaculdade`, `str_comunicacao_qualcurso`, `str_comunicacao_quaislocais`, `str_comunicacao_ficousabendo`, `dt_inscricao`, `ch_aprovado`, `ch_necessidade_especial`, `ch_necessidade_canhoto`, `ch_concordo_termos`, `ch_concordo_manual`, `ch_visita`, `ch_situacao`, `num_nota_enem`, `num_nota_npo`, `num_nota_nr`, `num_nota_nf`, `ch_facebook`, `ch_navegador`, `int_etapa`, `int_aprovado`) VALUES
(282, 2, 268, 0, 16500057, 3, 1, NULL, NULL, NULL, 0, NULL, NULL, '', '', '', NULL, NULL, NULL, '', NULL, NULL, NULL, '2016-07-25 23:35:00', NULL, NULL, NULL, NULL, NULL, NULL, 'A', 0, NULL, NULL, NULL, '0', 'Mozilla/5.0 (Windows NT 10.0; WOW64) AppleWebKit/537.36 (KHTML, like Gecko) Chrome/51.0.2704.103 Safari/537.36', 0, NULL),
(283, 2, 269, 0, 16500058, 3, 4, NULL, NULL, NULL, 0, NULL, NULL, 'N', '', '', 'EE ERNANI CALBUCCI', '1998', '', 'N', '', '', 'Outro', '2016-07-26 12:39:40', NULL, 'N', 'N', 'S', 'S', NULL, 'A', 0, NULL, NULL, NULL, '0', 'Mozilla/5.0 (Windows NT 5.1) AppleWebKit/537.36 (KHTML, like Gecko) Chrome/49.0.2623.112 Safari/537.36', 4, NULL),
(284, 2, 270, 0, 16500059, 3, 4, NULL, NULL, NULL, 0, NULL, NULL, 'N', '', '', 'Colégio Mary Ward', '2016', '', 'S', 'Direito', 'USP, Mackenzie', 'Site da IDP/SP', '2016-07-27 21:27:02', NULL, 'N', 'N', NULL, NULL, NULL, 'A', 0, NULL, NULL, NULL, '0', 'Mozilla/5.0 (Linux; Android 6.0.1; SM-J500M Build/MMB29M) AppleWebKit/537.36 (KHTML, like Gecko) Chrome/51.0.2704.81 Mobile Safari/537.36', 1, NULL),
(285, 2, 271, 0, 16500060, 3, 3, NULL, NULL, NULL, 0, NULL, NULL, '', '', '', NULL, NULL, NULL, '', NULL, NULL, NULL, '2016-07-28 20:20:43', NULL, NULL, NULL, NULL, NULL, NULL, 'A', 0, NULL, NULL, NULL, '0', 'Mozilla/5.0 (Linux; Android 5.0; ASUS_Z00AD Build/LRX21V) AppleWebKit/537.36 (KHTML, like Gecko) Chrome/51.0.2704.81 Mobile Safari/537.36', 0, NULL),
(286, 2, 272, 0, 16500061, 3, 0, NULL, NULL, NULL, 0, NULL, NULL, '', '', '', NULL, NULL, NULL, '', NULL, NULL, NULL, '2016-07-30 12:18:46', NULL, NULL, NULL, NULL, NULL, NULL, 'A', 0, NULL, NULL, NULL, '0', 'Mozilla/5.0 (iPhone; CPU iPhone OS 9_3_2 like Mac OS X) AppleWebKit/601.1.46 (KHTML, like Gecko) Version/9.0 Mobile/13F69 Safari/601.1', 0, NULL),
(287, 2, 273, 0, 16500062, 3, 1, NULL, NULL, NULL, 0, NULL, NULL, 'N', '', '', 'EE Professor Santos Amaro da Cru', '1998', '', 'N', '', '', 'Site da IDP/SP', '2016-07-31 12:35:41', NULL, 'N', 'N', 'S', 'S', NULL, 'A', 0, NULL, NULL, NULL, '0', 'Mozilla/5.0 (Windows NT 10.0; WOW64) AppleWebKit/537.36 (KHTML, like Gecko) Chrome/51.0.2704.103 Safari/537.36', 4, NULL),
(288, 2, 274, 0, 16500063, 3, 0, NULL, NULL, NULL, 0, NULL, NULL, '', '', '', NULL, NULL, NULL, '', NULL, NULL, NULL, '2016-07-31 22:24:44', NULL, NULL, NULL, NULL, NULL, NULL, 'A', 0, NULL, NULL, NULL, '0', 'Mozilla/5.0 (Linux; Android 4.0.4; GT-S7560M Build/IMM76I) AppleWebKit/537.36 (KHTML, like Gecko) Chrome/42.0.2311.111 Mobile Safari/537.36', 0, NULL),
(289, 2, 275, 0, 16500064, 3, 0, NULL, NULL, NULL, 0, NULL, NULL, '', '', '', NULL, NULL, NULL, '', NULL, NULL, NULL, '2016-08-01 07:14:07', NULL, NULL, NULL, NULL, NULL, NULL, 'A', 0, NULL, NULL, NULL, '0', 'Mozilla/5.0 (Macintosh; Intel Mac OS X 10_11_5) AppleWebKit/537.36 (KHTML, like Gecko) Chrome/52.0.2743.82 Safari/537.36', 0, NULL),
(290, 2, 276, 0, 16500065, 3, 1, NULL, NULL, NULL, 0, NULL, NULL, 'N', '', '', 'E.E Isabel Lucci de Oliveira', '2011', '', 'S', 'DIREITO', 'DAMASIO , SÃO JUDAS', 'Site da IDP/SP', '2016-08-01 12:39:57', NULL, 'N', 'N', 'S', 'S', NULL, 'A', 0, NULL, NULL, NULL, '0', 'Mozilla/5.0 (Windows NT 6.1; WOW64; Trident/7.0; rv:11.0) like Gecko', 4, NULL),
(291, 2, 277, 0, 16500066, 3, 2, NULL, NULL, NULL, 0, NULL, NULL, 'N', '', '', 'E.E Joaquim Eugênio Lima Neto', '2012', '', 'N', '', '', 'Google', '2016-08-01 19:30:46', NULL, 'N', 'N', 'S', 'S', NULL, 'A', 0, NULL, NULL, NULL, '0', 'Mozilla/5.0 (Windows NT 6.1; WOW64) AppleWebKit/537.36 (KHTML, like Gecko) Chrome/51.0.2704.103 Safari/537.36', 4, NULL),
(292, 2, 278, 0, 16500067, 3, 4, NULL, NULL, NULL, 0, NULL, NULL, '', '', '', NULL, NULL, NULL, '', NULL, NULL, NULL, '2016-08-02 13:22:54', NULL, NULL, NULL, NULL, NULL, NULL, 'A', 0, NULL, NULL, NULL, '0', 'Mozilla/5.0 (Windows NT 10.0; WOW64) AppleWebKit/537.36 (KHTML, like Gecko) Chrome/51.0.2704.103 Safari/537.36', 0, NULL),
(293, 2, 279, 0, 16500068, 3, 4, NULL, NULL, NULL, 0, NULL, NULL, 'N', '', '', 'Dona claramantele', '2016', '', 'N', '', '', 'Google', '2016-08-04 01:32:53', NULL, 'N', 'N', 'S', 'S', NULL, 'A', 0, NULL, NULL, NULL, '0', 'Mozilla/5.0 (Linux; Android 4.4.4; E2124 Build/24.0.B.5.14) AppleWebKit/537.36 (KHTML, like Gecko) Chrome/49.0.2623.105 Mobile Safari/537.36', 4, NULL),
(294, 2, 280, 0, 16500069, 3, 1, NULL, NULL, NULL, 0, NULL, NULL, '', '', '', NULL, NULL, NULL, '', NULL, NULL, NULL, '2016-08-08 15:31:01', NULL, NULL, NULL, NULL, NULL, NULL, 'A', 0, NULL, NULL, NULL, '0', 'Mozilla/5.0 (Windows NT 10.0; WOW64) AppleWebKit/537.36 (KHTML, like Gecko) Chrome/51.0.2704.103 Safari/537.36', 0, NULL),
(295, 2, 281, 0, 16500070, 3, 4, NULL, NULL, NULL, 0, NULL, NULL, 'N', '', '', 'EEPS Dona Pilar Garcia Vidal', '2000', '', 'N', '', '', 'Facebook', '2016-08-09 14:14:53', NULL, 'N', 'N', 'S', 'S', NULL, 'A', 0, NULL, NULL, NULL, '0', 'Mozilla/5.0 (Windows NT 10.0; WOW64) AppleWebKit/537.36 (KHTML, like Gecko) Chrome/52.0.2743.82 Safari/537.36 OPR/39.0.2256.48 (Edition Campaign 69)', 4, NULL),
(296, 2, 282, 0, 16500071, 3, 4, NULL, NULL, NULL, 0, NULL, NULL, '', '', '', NULL, NULL, NULL, '', NULL, NULL, NULL, '2016-08-10 13:39:12', NULL, NULL, NULL, NULL, NULL, NULL, 'A', 0, NULL, NULL, NULL, '0', 'Mozilla/5.0 (Linux; Android 4.3; C2004 Build/15.5.A.1.5) AppleWebKit/537.36 (KHTML, like Gecko) Chrome/52.0.2743.91 Mobile Safari/537.36', 0, NULL),
(297, 2, 283, 0, 16500072, 3, 4, NULL, NULL, NULL, 0, NULL, NULL, 'N', '', '', 'EME Professora Alcina Dantas Feijão', '2016', '', 'S', 'Direito', 'Faculdade de Direito de São Bernardo do campo e Universidade de São Caetano do Sul', 'Notícia na internet', '2016-08-10 20:22:08', NULL, 'N', 'N', 'S', 'S', NULL, 'A', 0, NULL, NULL, NULL, '0', 'Mozilla/5.0 (Windows NT 10.0; WOW64) AppleWebKit/537.36 (KHTML, like Gecko) Chrome/52.0.2743.116 Safari/537.36', 4, NULL),
(298, 2, 284, 0, 16500073, 3, 4, NULL, NULL, NULL, 0, NULL, NULL, 'N', '', '', 'Escola Estadual Henrique Fernando Gomes Estudante', '2014', '', 'N', '', '', 'Pesquisas na internet', '2016-08-12 08:51:12', NULL, 'N', 'N', 'S', 'S', NULL, 'A', 0, NULL, NULL, NULL, '0', 'Mozilla/5.0 (X11; Ubuntu; Linux i686; rv:41.0) Gecko/20100101 Firefox/41.0', 4, NULL),
(299, 2, 285, 0, 16500074, 3, 1, NULL, NULL, NULL, 0, NULL, NULL, 'N', '', '', 'Colégio Rodrigues Alves', '1998', '', 'N', '', '', 'Site da IDP/SP', '2016-08-12 12:38:57', NULL, 'N', 'N', 'S', 'S', NULL, 'A', 0, NULL, NULL, NULL, '0', 'Mozilla/5.0 (Windows NT 10.0; WOW64) AppleWebKit/537.36 (KHTML, like Gecko) Chrome/52.0.2743.116 Safari/537.36', 4, NULL),
(300, 2, 286, 0, 16500075, 3, 1, NULL, NULL, NULL, 0, NULL, NULL, 'N', '', '', 'Colégio Nove de Julho', '1997', '', 'N', '', '', 'Outro', '2016-08-15 10:46:20', NULL, 'N', 'N', 'S', 'S', NULL, 'A', 0, NULL, NULL, NULL, '0', 'Mozilla/5.0 (Windows NT 10.0; Win64; x64) AppleWebKit/537.36 (KHTML, like Gecko) Chrome/46.0.2486.0 Safari/537.36 Edge/13.10586', 4, NULL),
(301, 2, 287, 0, 16500076, 3, 4, NULL, NULL, NULL, 0, NULL, NULL, '', '', '', NULL, NULL, NULL, '', NULL, NULL, NULL, '2016-08-17 13:27:36', NULL, NULL, NULL, NULL, NULL, NULL, 'A', 0, NULL, NULL, NULL, '0', 'Mozilla/5.0 (Windows NT 6.3; Win64; x64) AppleWebKit/537.36 (KHTML, like Gecko) Chrome/52.0.2743.116 Safari/537.36', 0, NULL),
(302, 2, 288, 0, 16500077, 3, 0, NULL, NULL, NULL, 0, NULL, NULL, '', '', '', NULL, NULL, NULL, '', NULL, NULL, NULL, '2016-08-17 16:42:37', NULL, NULL, NULL, NULL, NULL, NULL, 'A', 0, NULL, NULL, NULL, '0', 'Mozilla/5.0 (Windows NT 6.1; Win64; x64) AppleWebKit/537.36 (KHTML, like Gecko) Chrome/52.0.2743.116 Safari/537.36', 0, NULL),
(303, 2, 289, 0, 16500078, 3, 1, NULL, NULL, NULL, 0, NULL, NULL, '', '', '', NULL, NULL, NULL, '', NULL, NULL, NULL, '2016-08-19 15:42:22', NULL, NULL, NULL, NULL, NULL, NULL, 'A', 0, NULL, NULL, NULL, '0', 'Mozilla/5.0 (Windows NT 6.1) AppleWebKit/537.36 (KHTML, like Gecko) Chrome/52.0.2743.116 Safari/537.36', 0, NULL),
(304, 2, 290, 0, 16500079, 3, 0, NULL, NULL, NULL, 0, NULL, NULL, '', '', '', NULL, NULL, NULL, '', NULL, NULL, NULL, '2016-08-20 13:14:30', NULL, NULL, NULL, NULL, NULL, NULL, 'A', 0, NULL, NULL, NULL, '0', 'Mozilla/5.0 (Windows NT 10.0; WOW64) AppleWebKit/537.36 (KHTML, like Gecko) Chrome/52.0.2743.116 Safari/537.36', 0, NULL),
(305, 2, 291, 0, 16500080, 3, 4, NULL, NULL, NULL, 0, NULL, NULL, '', '', '', NULL, NULL, NULL, '', NULL, NULL, NULL, '2016-08-20 19:38:29', NULL, NULL, NULL, NULL, NULL, NULL, 'A', 0, NULL, NULL, NULL, '0', 'Mozilla/5.0 (Linux; Android 5.0.2; Le 1 Pro Build/BGXNAOP5501103071S) AppleWebKit/537.36 (KHTML, like Gecko) Chrome/51.0.2704.81 Mobile Safari/537.36', 0, NULL),
(306, 3, 292, 0, 17000001, 4, 8, NULL, NULL, NULL, 0, NULL, NULL, 'S', '2016', '254234124234', 'EECARLOS GOMES', '2014', '', 'N', '', '', 'Notícia na internet', '2016-09-01 09:34:32', NULL, 'N', 'S', 'S', 'S', NULL, 'A', 0, NULL, NULL, NULL, '0', 'Mozilla/5.0 (Windows NT 6.1; Win64; x64) AppleWebKit/537.36 (KHTML, like Gecko) Chrome/52.0.2743.116 Safari/537.36', 4, NULL),
(307, 3, 293, 0, 17000002, 4, 5, NULL, NULL, NULL, 0, NULL, NULL, 'N', '', '', 'asdasdasd', '2000', '', 'N', '', '', 'Outro', '2016-09-01 10:26:14', NULL, 'N', 'N', 'S', 'S', NULL, 'A', 0, NULL, NULL, NULL, '0', 'Mozilla/5.0 (Windows NT 6.1; WOW64) AppleWebKit/537.36 (KHTML, like Gecko) Chrome/52.0.2743.116 Safari/537.36', 4, NULL),
(308, 3, 294, 0, 17000003, 4, 8, NULL, NULL, NULL, 0, NULL, NULL, 'N', '', '', 'CEMEB', '2004', '', 'N', '', '', 'Pesquisas na internet', '2016-09-01 12:11:53', NULL, 'N', 'N', 'S', 'S', NULL, 'A', 0, NULL, NULL, NULL, '0', 'Mozilla/5.0 (Windows NT 6.1) AppleWebKit/537.36 (KHTML, like Gecko) Chrome/52.0.2743.116 Safari/537.36', 4, NULL),
(309, 3, 295, 0, 17000004, 4, 8, NULL, NULL, NULL, 0, NULL, NULL, 'N', '', '', '10 de Maio', '2016', '', 'N', '', '', 'Site da IDP/SP', '2016-09-01 20:18:30', NULL, 'N', 'N', 'S', 'S', NULL, 'A', 0, NULL, NULL, NULL, '0', 'Mozilla/5.0 (Macintosh; Intel Mac OS X 10_10_5) AppleWebKit/601.7.7 (KHTML, like Gecko) Version/9.1.2 Safari/601.7.7', 4, NULL),
(310, 3, 296, 0, 17000005, 4, 8, NULL, NULL, NULL, 0, NULL, NULL, '', '', '', NULL, NULL, NULL, '', NULL, NULL, NULL, '2016-09-01 21:33:47', NULL, NULL, NULL, NULL, NULL, NULL, 'A', 0, NULL, NULL, NULL, '0', 'Mozilla/5.0 (Linux; Android 4.4.4; XT1032 Build/KXB21.14-L1.40) AppleWebKit/537.36 (KHTML, like Gecko) Chrome/51.0.2704.81 Mobile Safari/537.36', 0, NULL),
(311, 3, 297, 0, 17000006, 4, 0, NULL, NULL, NULL, 0, NULL, NULL, '', '', '', NULL, NULL, NULL, '', NULL, NULL, NULL, '2016-09-03 08:23:14', NULL, NULL, NULL, NULL, NULL, NULL, 'A', 0, NULL, NULL, NULL, '0', 'Mozilla/5.0 (Linux; Android 4.4.4; XT1022 Build/KXC21.5-40) AppleWebKit/537.36 (KHTML, like Gecko) Chrome/34.0.1847.114 Mobile Safari/537.36', 0, NULL),
(312, 3, 298, 0, 17000007, 4, 8, NULL, NULL, NULL, 0, NULL, NULL, 'S', '2016', '161028731651', 'PENTAGONO COLEGIO UNIDADE CENTRO', '2016', '', 'N', '', '', 'Indicação', '2016-09-04 13:47:58', NULL, 'N', 'N', 'S', 'S', NULL, 'A', 0, NULL, NULL, NULL, '0', 'Mozilla/5.0 (Windows NT 6.1) AppleWebKit/537.36 (KHTML, like Gecko) Chrome/39.0.2171.71 Safari/537.36', 4, NULL),
(313, 3, 264, 0, 17000008, 4, 0, NULL, NULL, NULL, 0, NULL, NULL, '', '', '', NULL, NULL, NULL, '', NULL, NULL, NULL, '2016-09-04 20:25:40', NULL, NULL, NULL, NULL, NULL, NULL, 'A', 0, NULL, NULL, NULL, '0', 'Mozilla/5.0 (Linux; Android 6.0.1; SM-A500M Build/MMB29M; wv) AppleWebKit/537.36 (KHTML, like Gecko) Version/4.0 Chrome/51.0.2704.81 Mobile Safari/537.36 [FB_IAB/FB4A;FBAV/90.0.0.20.70;]', 0, NULL),
(314, 3, 299, 0, 17000009, 4, 8, NULL, NULL, NULL, 0, NULL, NULL, '', '', '', NULL, NULL, NULL, '', NULL, NULL, NULL, '2016-09-05 14:01:27', NULL, NULL, NULL, NULL, NULL, NULL, 'A', 0, NULL, NULL, NULL, '0', 'Mozilla/5.0 (Windows NT 10.0; Win64; x64) AppleWebKit/537.36 (KHTML, like Gecko) Chrome/52.0.2743.116 Safari/537.36', 0, NULL),
(315, 3, 300, 0, 17000010, 5, 5, NULL, NULL, NULL, 0, NULL, NULL, 'N', '', '', 'Colégio Objetivo Santos', '2010', '', 'S', 'Direito', 'FMU', 'Google', '2016-09-07 15:52:15', NULL, 'N', 'N', 'S', 'S', NULL, 'A', 0, NULL, NULL, NULL, '0', 'Mozilla/5.0 (Windows NT 10.0; WOW64; rv:48.0) Gecko/20100101 Firefox/48.0', 4, NULL),
(316, 3, 301, 0, 17000011, 4, 0, NULL, NULL, NULL, 0, NULL, NULL, '', '', '', NULL, NULL, NULL, '', NULL, NULL, NULL, '2016-09-12 14:14:03', NULL, NULL, NULL, NULL, NULL, NULL, 'A', 0, NULL, NULL, NULL, '0', 'Mozilla/5.0 (Linux; U; Android 4.4.2; es-sa; LG-D685 Build/KOT49I) AppleWebKit/537.36 (KHTML, like Gecko) Version/4.0 Chrome/30.0.1599.103 Mobile Safari/537.36', 0, NULL),
(317, 3, 302, 0, 17000012, 4, 8, NULL, NULL, NULL, 0, NULL, NULL, 'S', '2016', '161018132415', 'SESI Vila Leopoldina', '2016', '', 'N', '', '', 'Google', '2016-09-12 19:02:08', NULL, 'N', 'N', 'S', 'S', NULL, 'A', 0, NULL, NULL, NULL, '0', 'Mozilla/5.0 (Windows NT 6.1; WOW64) AppleWebKit/537.36 (KHTML, like Gecko) Chrome/52.0.2743.116 Safari/537.36', 4, NULL),
(318, 3, 303, 0, 17000013, 4, 5, NULL, NULL, NULL, 0, NULL, NULL, 'N', '', '', 'asdasdasd', '1999', '', 'N', '', '', 'Revista', '2016-09-14 16:26:09', NULL, 'N', 'N', NULL, NULL, NULL, 'A', 0, NULL, NULL, NULL, '0', 'Mozilla/5.0 (Windows NT 6.1; WOW64) AppleWebKit/537.36 (KHTML, like Gecko) Chrome/52.0.2743.116 Safari/537.36', 2, NULL),
(319, 3, 304, 0, 17000014, 4, 5, NULL, NULL, NULL, 0, NULL, NULL, '', '', '', NULL, NULL, NULL, '', NULL, NULL, NULL, '2016-09-14 16:26:18', NULL, NULL, NULL, NULL, NULL, NULL, 'A', 0, NULL, NULL, NULL, '0', 'Mozilla/5.0 (Windows NT 6.1; Win64; x64) AppleWebKit/537.36 (KHTML, like Gecko) Chrome/52.0.2743.116 Safari/537.36', 0, NULL),
(320, 3, 305, 0, 17000015, 5, 0, NULL, NULL, NULL, 0, NULL, NULL, 'N', '', '', 'ETEC Prof. Basilides de Godoy', '2005', '', 'N', '', '', 'Google', '2016-09-15 21:52:14', NULL, 'N', 'S', 'S', 'S', NULL, 'A', 0, NULL, NULL, NULL, '0', 'Mozilla/5.0 (Windows NT 10.0; WOW64; rv:48.0) Gecko/20100101 Firefox/48.0', 4, NULL),
(321, 3, 306, 0, 17000016, 5, 0, NULL, NULL, NULL, 0, NULL, NULL, '', '', '', NULL, NULL, NULL, '', NULL, NULL, NULL, '2016-09-18 19:31:13', NULL, NULL, NULL, NULL, NULL, NULL, 'A', 0, NULL, NULL, NULL, '0', 'Mozilla/5.0 (Linux; Android 4.4.4; LG-D392 Build/KTU84P) AppleWebKit/537.36 (KHTML, like Gecko) Chrome/52.0.2743.98 Mobile Safari/537.36', 0, NULL),
(322, 3, 307, 0, 17000017, 5, 0, NULL, NULL, NULL, 0, NULL, NULL, 'S', '2016', '161009918343', 'Colégio Saint Clair', '2007', '', 'S', 'Direito ', 'FUVEST', 'Indicação', '2016-09-20 11:32:13', NULL, 'N', 'N', 'S', 'S', NULL, 'A', 0, NULL, NULL, NULL, '0', 'Mozilla/5.0 (Windows NT 6.3) AppleWebKit/537.36 (KHTML, like Gecko) Chrome/53.0.2785.116 Safari/537.36', 4, NULL),
(323, 3, 106, 0, 17000018, 5, 0, NULL, NULL, NULL, 0, NULL, NULL, 'N', '', '', 'INSTITUTO MONITOR', '2013', '', 'N', '', '', 'Pesquisas na internet', '2016-09-20 13:17:27', NULL, 'N', 'N', 'S', 'S', NULL, 'A', 0, NULL, NULL, NULL, '0', 'Mozilla/5.0 (Windows NT 10.0; Win64; x64) AppleWebKit/537.36 (KHTML, like Gecko) Chrome/53.0.2785.116 Safari/537.36', 4, NULL),
(324, 3, 290, 0, 17000019, 5, 0, NULL, NULL, NULL, 0, NULL, NULL, '', '', '', NULL, NULL, NULL, '', NULL, NULL, NULL, '2016-09-22 15:47:23', NULL, NULL, NULL, NULL, NULL, NULL, 'A', 0, NULL, NULL, NULL, '0', 'Mozilla/5.0 (Windows NT 6.1; WOW64; rv:48.0) Gecko/20100101 Firefox/48.0', 0, NULL),
(325, 3, 308, 0, 17000020, 5, 0, NULL, NULL, NULL, 0, NULL, NULL, 'S', '2016', '161016175853', 'Colégio Visconde de Porto Seguro', '2016', '', 'N', '', '', 'Facebook', '2016-09-25 01:49:29', NULL, 'N', 'N', NULL, NULL, NULL, 'A', 0, NULL, NULL, NULL, '0', 'Mozilla/5.0 (Linux; Android 4.4.4; SM-G530H Build/KTU84P) AppleWebKit/537.36 (KHTML, like Gecko) Chrome/53.0.2785.124 Mobile Safari/537.36', 1, NULL),
(326, 3, 309, 0, 17000021, 4, 8, NULL, NULL, NULL, 0, NULL, NULL, 'N', '', '', 'Wallace Crockrane Simonsen', '2016', '', 'S', 'Direito', 'Unip, Uninove, FMU', 'Google', '2016-09-27 01:45:23', NULL, 'N', 'N', 'S', 'S', NULL, 'A', 0, NULL, NULL, NULL, '0', 'Mozilla/5.0 (Windows NT 6.3; rv:49.0) Gecko/20100101 Firefox/49.0', 4, NULL),
(327, 3, 310, 0, 17000022, 4, 8, NULL, NULL, NULL, 0, NULL, NULL, 'N', '', '', 'Professor Paul Hugon', '2015', 'Defícit de Atenção', 'N', '', '', 'Outro', '2016-09-27 14:10:31', NULL, 'S', 'N', 'S', 'S', NULL, 'A', 0, NULL, NULL, NULL, '0', 'Mozilla/5.0 (Windows NT 6.1) AppleWebKit/537.36 (KHTML, like Gecko) Chrome/53.0.2785.116 Safari/537.36', 4, NULL),
(328, 3, 311, 0, 17000023, 4, 8, NULL, NULL, NULL, 0, NULL, NULL, '', '', '', NULL, NULL, NULL, '', NULL, NULL, NULL, '2016-09-27 22:38:20', NULL, NULL, NULL, NULL, NULL, NULL, 'A', 0, NULL, NULL, NULL, '0', 'Mozilla/5.0 (iPhone; CPU iPhone OS 10_0_1 like Mac OS X) AppleWebKit/602.1.50 (KHTML, like Gecko) Mobile/14A403', 0, NULL),
(329, 3, 311, 0, 17000024, 5, 0, NULL, NULL, NULL, 0, NULL, NULL, 'S', '2016', '161051853653', 'colegio aliado', '2016', '', 'N', '', '', 'Indicação', '2016-09-28 00:26:13', NULL, 'N', 'N', NULL, NULL, NULL, 'A', 0, NULL, NULL, NULL, '0', 'Mozilla/5.0 (iPhone; CPU iPhone OS 10_0_1 like Mac OS X) AppleWebKit/602.1.50 (KHTML, like Gecko) Mobile/14A403', 2, NULL),
(330, 3, 312, 0, 17000025, 4, 8, NULL, NULL, NULL, 0, NULL, NULL, 'N', '', '', 'Colegio Adventista De Santo Amaro', '2015', '', 'S', 'Direito', 'USP', 'Outro', '2016-09-28 00:49:09', NULL, 'N', 'N', 'S', 'S', NULL, 'A', 0, NULL, NULL, NULL, '0', 'Mozilla/5.0 (Windows NT 10.0; Win64; x64) AppleWebKit/537.36 (KHTML, like Gecko) Chrome/53.0.2785.116 Safari/537.36', 4, NULL),
(331, 3, 313, 0, 17000026, 4, 8, NULL, NULL, NULL, 0, NULL, NULL, '', '', '', NULL, NULL, NULL, '', NULL, NULL, NULL, '2016-09-28 16:19:20', NULL, NULL, NULL, NULL, NULL, NULL, 'A', 0, NULL, NULL, NULL, '0', 'Mozilla/5.0 (Linux; Android 6.0; XT1069 Build/MPB24.65-34) AppleWebKit/537.36 (KHTML, like Gecko) Chrome/52.0.2743.98 Mobile Safari/537.36', 0, NULL),
(332, 3, 314, 0, 17000027, 4, 6, NULL, NULL, NULL, 0, NULL, NULL, 'N', '', '', 'Antonieta Borges Alves ', '2016', '', 'N', '', '', 'Outro', '2016-09-29 13:07:05', NULL, 'N', 'N', 'S', 'S', NULL, 'A', 0, NULL, NULL, NULL, '0', 'Mozilla/5.0 (Linux; Android 5.1.1; D5833 Build/23.4.A.1.232) AppleWebKit/537.36 (KHTML, like Gecko) Chrome/52.0.2743.98 Mobile Safari/537.36', 4, NULL),
(333, 3, 315, 0, 17000028, 4, 6, NULL, NULL, NULL, 0, NULL, NULL, 'N', '', '', '9', '9', 'ttttttt', 'S', '2', '2', 'Outro', '2016-09-30 09:00:14', NULL, 'S', 'N', NULL, NULL, NULL, 'A', 0, NULL, NULL, NULL, '0', 'Mozilla/5.0 (Windows NT 6.1; WOW64) AppleWebKit/537.36 (KHTML, like Gecko) Chrome/53.0.2785.116 Safari/537.36', 2, NULL),
(334, 3, 316, 0, 17000029, 4, 6, NULL, NULL, NULL, 0, NULL, NULL, 'N', '', '', '1', '1', '', 'N', '', '', 'Indicação', '2016-09-30 11:44:34', NULL, 'N', 'N', 'S', 'S', NULL, 'A', 0, NULL, NULL, NULL, '0', 'Mozilla/5.0 (Windows NT 6.1; WOW64) AppleWebKit/537.36 (KHTML, like Gecko) Chrome/53.0.2785.116 Safari/537.36', 4, NULL),
(335, 3, 317, 0, 17000030, 5, 0, NULL, NULL, NULL, 0, NULL, NULL, 'S', '2016', '161028200228', 'ETEC - Albert Einstein', '2016', '', 'N', '', '', 'Outro', '2016-09-30 13:19:21', NULL, 'N', 'N', 'S', 'S', NULL, 'A', 0, NULL, NULL, NULL, '0', 'Mozilla/5.0 (Linux; Android 5.0.1; SAMSUNG GT-I9500 Build/LRX22C) AppleWebKit/537.36 (KHTML, like Gecko) SamsungBrowser/2.1 Chrome/34.0.1847.76 Mobile Safari/537.36', 4, NULL),
(336, 3, 318, 0, 17000031, 4, 8, NULL, NULL, NULL, 0, NULL, NULL, 'N', '', '', 'COC', '2014', '', 'S', 'Física', 'USP', 'Site da IDP/SP', '2016-09-30 15:57:27', NULL, 'N', 'N', 'S', 'S', NULL, 'A', 0, NULL, NULL, NULL, '0', 'Mozilla/5.0 (Linux; Android 6.0; Lenovo K10a40 Build/MRA58K) AppleWebKit/537.36 (KHTML, like Gecko) Chrome/53.0.2785.124 Mobile Safari/537.36', 4, NULL),
(337, 3, 3, 0, 17000032, 5, 0, NULL, NULL, NULL, 0, NULL, NULL, 'N', '', '', 'Porto ', '2015', '', 'N', '', '', 'Google', '2016-09-30 16:32:22', NULL, 'N', 'N', 'S', 'S', NULL, 'A', 0, NULL, NULL, NULL, '0', 'Mozilla/5.0 (iPhone; CPU iPhone OS 10_0_1 like Mac OS X) AppleWebKit/602.1.50 (KHTML, like Gecko) Version/10.0 Mobile/14A403 Safari/602.1', 4, NULL),
(338, 3, 319, 0, 17000033, 4, 8, NULL, NULL, NULL, 0, NULL, NULL, '', '', '', NULL, NULL, NULL, '', NULL, NULL, NULL, '2016-09-30 17:50:41', NULL, NULL, NULL, NULL, NULL, NULL, 'A', 0, NULL, NULL, NULL, '0', 'Mozilla/5.0 (iPhone; CPU iPhone OS 10_0_1 like Mac OS X) AppleWebKit/602.1.50 (KHTML, like Gecko) Version/10.0 Mobile/14A403 Safari/602.1', 0, NULL),
(339, 3, 319, 0, 17000034, 5, 0, NULL, NULL, NULL, 0, NULL, NULL, '', '', '', NULL, NULL, NULL, '', NULL, NULL, NULL, '2016-09-30 17:58:06', NULL, NULL, NULL, NULL, NULL, NULL, 'A', 0, NULL, NULL, NULL, '0', 'Mozilla/5.0 (iPhone; CPU iPhone OS 10_0_1 like Mac OS X) AppleWebKit/602.1.50 (KHTML, like Gecko) Version/10.0 Mobile/14A403 Safari/602.1', 0, NULL),
(340, 3, 320, 0, 17000035, 5, 0, NULL, NULL, NULL, 0, NULL, NULL, 'N', '', '', 'colegio futura', '2007', '', 'N', '', '', 'Pesquisas na internet', '2016-09-30 20:11:50', NULL, 'N', 'N', NULL, NULL, NULL, 'A', 0, NULL, NULL, NULL, '0', 'Mozilla/5.0 (Windows NT 6.1) AppleWebKit/537.36 (KHTML, like Gecko) Chrome/53.0.2785.116 Safari/537.36', 2, NULL),
(341, 3, 321, 0, 17000036, 4, 8, NULL, NULL, NULL, 0, NULL, NULL, 'N', '', '', 'Nossa Sra Consolata', '2014', '', 'S', 'Direito', 'USP', 'Indicação', '2016-09-30 21:54:48', NULL, 'N', 'N', 'S', 'S', NULL, 'A', 0, NULL, NULL, NULL, '0', 'Mozilla/5.0 (Linux; Android 6.0; XT1097 Build/MPES24.49-18-3) AppleWebKit/537.36 (KHTML, like Gecko) Chrome/53.0.2785.124 Mobile Safari/537.36', 4, NULL),
(342, 3, 322, 0, 17000037, 4, 8, NULL, NULL, NULL, 0, NULL, NULL, 'N', '', '', 'Colégio moriah', '2016', '', 'N', '', '', 'Indicação', '2016-10-01 20:21:20', NULL, 'N', 'N', 'S', 'S', NULL, 'A', 0, NULL, NULL, NULL, '0', 'Mozilla/5.0 (iPad; CPU OS 9_3_2 like Mac OS X) AppleWebKit/601.1.46 (KHTML, like Gecko) Version/9.0 Mobile/13F69 Safari/601.1', 4, NULL),
(343, 3, 323, 0, 17000038, 5, 0, NULL, NULL, NULL, 0, NULL, NULL, 'N', '', '', 'Caran apparecido Gonçalves', '2015', '', 'N', '', '', 'Pesquisas na internet', '2016-10-02 11:38:05', NULL, 'N', 'N', 'S', 'S', NULL, 'A', 0, NULL, NULL, NULL, '0', 'Mozilla/5.0 (Linux; Android 6.0; MotoG3 Build/MPI24.65-33.1) AppleWebKit/537.36 (KHTML, like Gecko) Chrome/53.0.2785.124 Mobile Safari/537.36', 4, NULL),
(344, 3, 324, 0, 17000039, 4, 8, NULL, NULL, NULL, 0, NULL, NULL, 'N', '', '', 'E. E. Professor João Borges', '2016', '', 'S', 'Direito', 'Usp', 'Site da IDP/SP', '2016-10-02 19:40:27', NULL, 'N', 'N', 'S', 'S', NULL, 'A', 0, NULL, NULL, NULL, '0', 'Mozilla/5.0 (iPhone; CPU iPhone OS 10_0_2 like Mac OS X) AppleWebKit/602.1.50 (KHTML, like Gecko) Version/10.0 Mobile/14A456 Safari/602.1', 4, NULL),
(345, 3, 325, 0, 17000040, 4, 5, NULL, NULL, NULL, 0, NULL, NULL, 'N', '', '', 'a', '0', 'aaaa', 'S', 'a', 'a', 'Outro', '2016-10-02 20:43:40', NULL, 'S', 'S', 'S', 'S', NULL, 'A', 0, NULL, NULL, NULL, '0', 'Mozilla/5.0 (Windows NT 6.1; WOW64) AppleWebKit/537.36 (KHTML, like Gecko) Chrome/53.0.2785.143 Safari/537.36', 4, NULL),
(346, 3, 326, 0, 17000041, 4, 8, NULL, NULL, NULL, 0, NULL, NULL, '', '', '', NULL, NULL, NULL, '', NULL, NULL, NULL, '2016-10-03 13:01:02', NULL, NULL, NULL, NULL, NULL, NULL, 'A', 0, NULL, NULL, NULL, '0', 'Mozilla/5.0 (Windows NT 6.1; WOW64) AppleWebKit/537.36 (KHTML, like Gecko) Chrome/53.0.2785.116 Safari/537.36', 0, NULL),
(347, 3, 327, 0, 17000042, 4, 0, NULL, NULL, NULL, 0, NULL, NULL, 'N', '', '', '2016', '2016', '', 'N', '', '', 'Notícia na internet', '2016-10-03 13:53:53', NULL, 'N', 'N', 'S', 'S', NULL, 'A', 0, NULL, NULL, NULL, '0', 'Mozilla/5.0 (Windows NT 6.1; Win64; x64) AppleWebKit/537.36 (KHTML, like Gecko) Chrome/53.0.2785.116 Safari/537.36', 4, NULL),
(348, 3, 328, 0, 17000043, 5, 0, NULL, NULL, NULL, 0, NULL, NULL, 'N', '', '', '1', '1111', '', 'N', '', '', 'Youtube', '2016-10-03 18:06:05', NULL, 'N', 'N', NULL, NULL, NULL, 'A', 0, NULL, NULL, NULL, '0', 'Mozilla/5.0 (Windows NT 6.1; WOW64) AppleWebKit/537.36 (KHTML, like Gecko) Chrome/53.0.2785.116 Safari/537.36', 1, NULL),
(349, 3, 329, 0, 17000044, 5, 0, NULL, NULL, NULL, 0, NULL, NULL, 'N', '', '', 'joaquim adolfo araujo', '2008', '', 'N', '', '', 'Pesquisas na internet', '2016-10-03 20:05:54', NULL, 'N', 'N', 'S', 'S', NULL, 'A', 0, NULL, NULL, NULL, '0', 'Mozilla/5.0 (Windows NT 6.1; WOW64) AppleWebKit/537.36 (KHTML, like Gecko) Chrome/53.0.2785.116 Safari/537.36', 4, NULL),
(350, 3, 330, 0, 17000045, 4, 0, NULL, NULL, NULL, 0, NULL, NULL, 'N', '', '', 'colegio etapa', '2016', '', 'S', 'direito', 'puc, fgv, usp, mackenzie', 'Indicação', '2016-10-03 20:53:16', NULL, 'N', 'N', 'S', 'S', NULL, 'A', 0, NULL, NULL, NULL, '0', 'Mozilla/5.0 (Linux; Android 6.0.1; SM-G935F Build/MMB29K) AppleWebKit/537.36 (KHTML, like Gecko) Chrome/53.0.2785.124 Mobile Safari/537.36', 4, NULL),
(351, 3, 331, 0, 17000046, 4, 0, NULL, NULL, NULL, 0, NULL, NULL, '', '', '', NULL, NULL, NULL, '', NULL, NULL, NULL, '2016-10-04 07:13:23', NULL, NULL, NULL, NULL, NULL, NULL, 'A', 0, NULL, NULL, NULL, '0', 'Mozilla/5.0 (Linux; Android 4.2.2; GT-I9082L Build/JDQ39) AppleWebKit/537.36 (KHTML, like Gecko) Chrome/53.0.2785.124 Mobile Safari/537.36', 0, NULL),
(352, 3, 332, 0, 17000047, 5, 0, NULL, NULL, NULL, 0, NULL, NULL, '', '', '', NULL, NULL, NULL, '', NULL, NULL, NULL, '2016-10-04 09:10:14', NULL, NULL, NULL, NULL, NULL, NULL, 'A', 0, NULL, NULL, NULL, '0', 'Mozilla/5.0 (Windows NT 6.1; WOW64) AppleWebKit/537.36 (KHTML, like Gecko) Chrome/53.0.2785.116 Safari/537.36', 0, NULL),
(353, 3, 333, 0, 17000048, 4, 0, NULL, NULL, NULL, 0, NULL, NULL, 'S', '2015', '1510007422053', 'centro de informaçao e aplicaçao a cultura', '2015', '', 'N', '', '', 'Pesquisas na internet', '2016-10-04 11:12:55', NULL, 'N', 'N', NULL, NULL, NULL, 'A', 0, NULL, NULL, NULL, '0', 'Mozilla/5.0 (Windows NT 6.1; Win64; x64; rv:49.0) Gecko/20100101 Firefox/49.0', 2, NULL);

-- --------------------------------------------------------

--
-- Estrutura da tabela `proPessoasFisicas`
--

CREATE TABLE `proPessoasFisicas` (
  `id_pessoafisica` int(11) NOT NULL,
  `str_sistema_senha` varchar(128) DEFAULT NULL,
  `str_sistema_hash` varchar(128) DEFAULT NULL,
  `str_telefone_residencial` varchar(14) DEFAULT NULL,
  `str_telefone_comercial` varchar(14) DEFAULT NULL,
  `str_telefone_celular` varchar(15) DEFAULT NULL,
  `str_pessoa_nome` varchar(100) DEFAULT NULL,
  `str_pessoa_rgrne` varchar(45) DEFAULT NULL,
  `str_pessoa_ssp` varchar(10) DEFAULT NULL,
  `str_pessoa_cpf` varchar(14) DEFAULT NULL,
  `str_pessoa_cro` varchar(50) DEFAULT NULL,
  `str_pessoa_email` varchar(100) DEFAULT NULL,
  `str_pessoa_naturalde` varchar(150) DEFAULT NULL,
  `str_endereco_cep` varchar(20) DEFAULT NULL,
  `str_endereco_logradouro` varchar(100) DEFAULT NULL,
  `str_endereco_numero` varchar(8) DEFAULT NULL,
  `str_endereco_complemento` varchar(100) DEFAULT NULL,
  `str_endereco_bairro` varchar(50) DEFAULT NULL,
  `str_endereco_cidade` varchar(50) DEFAULT NULL,
  `str_endereco_estado` varchar(50) DEFAULT NULL,
  `str_endereco_pais` varchar(50) DEFAULT NULL,
  `dt_pessoa_registro` date DEFAULT NULL,
  `dt_pessoa_nascimento` date DEFAULT NULL,
  `ch_comunicacao_sms` char(1) DEFAULT NULL,
  `ch_pessoa_sexo` char(1) DEFAULT NULL,
  `ch_comunicacao_email` char(1) DEFAULT NULL
) ENGINE=InnoDB DEFAULT CHARSET=utf8;

--
-- Extraindo dados da tabela `proPessoasFisicas`
--

INSERT INTO `proPessoasFisicas` (`id_pessoafisica`, `str_sistema_senha`, `str_sistema_hash`, `str_telefone_residencial`, `str_telefone_comercial`, `str_telefone_celular`, `str_pessoa_nome`, `str_pessoa_rgrne`, `str_pessoa_ssp`, `str_pessoa_cpf`, `str_pessoa_cro`, `str_pessoa_email`, `str_pessoa_naturalde`, `str_endereco_cep`, `str_endereco_logradouro`, `str_endereco_numero`, `str_endereco_complemento`, `str_endereco_bairro`, `str_endereco_cidade`, `str_endereco_estado`, `str_endereco_pais`, `dt_pessoa_registro`, `dt_pessoa_nascimento`, `ch_comunicacao_sms`, `ch_pessoa_sexo`, `ch_comunicacao_email`) VALUES
(2, '40bd001563085fc35165329ea1ff5c5ecbdbbeef', '4048b9c4864e868fae67fd0c46135b86', '(11) 1111-1111', '(11) 1111-1111', '(11) 11111-1111', 'Lucas Cunha [Teste]', '11111111', 'sspsp', '103.435.676-36', NULL, 'lc.lucascunha@outlook.com', 'Brasileiro', '13.087-290', 'Avenida Padre Almeida Garret', '530', '', 'Parque Taquaral', 'Campinas', 'SP', 'Brasil', NULL, '1993-03-06', 'S', 'M', NULL),
(3, 'febe6faa13f24a5ac630d81c2bc7155889629b17', 'NULL', '(11) 9887-9888', '', '(11) 98879-8888', 'Susana teste', '3078789819', 'SSP', '969.930.140-68', NULL, 'susanas.rangel@gmail.com', 'Rio Grande', '01.228-200', 'Avenida Angélica', '2190', '', 'Consolação', 'São Paulo', 'SP', 'Brasil', NULL, '1980-06-26', 'N', 'F', NULL),
(4, NULL, NULL, NULL, NULL, NULL, NULL, NULL, NULL, '293.606.238-14', NULL, NULL, NULL, NULL, NULL, NULL, NULL, NULL, NULL, NULL, NULL, NULL, NULL, NULL, NULL, NULL),
(5, 'f7f74568b6a35476fad7e81faae5ead16501b555', 'f406be460157cf27ac0038b892e8bc8e', '(12) 3456-7890', '(09) 8765-4321', '(12) 34567-8900', 'Gustavo teste', '12345678', 'Ssp', '296.200.288-99', NULL, 'gmeneguine@hotmail.com', 'Teste', '13.045-755', 'Rua José Rocha Junqueira', '13', '', 'Swift', 'Campinas', 'SP', 'Brasil', NULL, '1981-05-15', 'N', 'M', NULL),
(6, NULL, NULL, NULL, NULL, NULL, NULL, NULL, NULL, '564.919.138-72', NULL, NULL, NULL, NULL, NULL, NULL, NULL, NULL, NULL, NULL, NULL, NULL, NULL, NULL, NULL, NULL),
(7, '2e6f9b0d5885b6010f9167787445617f553a735f', NULL, '(11) 1111-1111', '', '(11) 11111-1111', 'Lucas Cunha Teste', '111111111', 'sspsp', '263.166.643-70', NULL, 'lucas@lucascunha.com', '111', '13.087-290', 'Avenida Padre Almeida Garret', '530', '123', 'Parque Taquaral', 'Campinas', 'SP', 'Brasil', NULL, '1993-03-06', 'S', 'M', NULL),
(8, '40bd001563085fc35165329ea1ff5c5ecbdbbeef', NULL, '(12) 3123-1231', '', '(12) 31213-2132', 'Lucas Cunha Teste IE', '1111111111', '1111', '858.536.734-24', NULL, 'lucas_ccf9@yahoo.com.br', '123', '13.087-290', 'Avenida Padre Almeida Garret', '530', '', 'Parque Taquaral', 'Campinas', 'SP', 'Brasil', NULL, '1993-03-06', 'N', 'M', NULL),
(9, '8bb3be2ac70b2d2c67740c7770d734708a145bb1', NULL, '(13) 3446-3597', '(13) 3506-3083', '(11) 98356-0702', 'Sthefanny Caroline Martins de Paula Orlando Santos', '383461030', 'SSP/SP', '229.702.978-09', NULL, 'vmpsantos@hotmail.com', 'Uberlândia - MG', '11.730-000', ' Rua Teresinha de Souza Bianchi', '1006', '', 'Balneário Itaguaí  ', 'Mongaguá', 'SP', 'Brasil', NULL, '1998-09-28', 'S', 'F', NULL),
(10, '571c5611e7577aa1d849e9283cb8a8d10ec3f31f', NULL, '(67) 3341-0363', '(67) 3318-2173', '(67) 9800-1721', 'Thales Dantas da Silva Passos', '1892436', 'SSP/MS', '033.577.211-04', NULL, 'Paulo67.pc@gmail.com', 'Campo Grande', '79.040-150', 'Avenida Raul Pires Barbosa', '455', '', 'Vila Manoel da Costa Lima', 'Campo Grande', 'MS', 'Brasil', NULL, '1998-06-04', 'S', 'M', NULL),
(11, '0802fd70981760c6b785ee12be1469b33055a324', NULL, '(11) 4169-8598', '(11) 3130-2113', '(11) 94056-3999', 'RENATA CRISTINA DOS SANTOS NOVAES', '421888143', 'SSP', '334.885.228-57', NULL, 'rcsnovais@gmail.com', 'COTIA', '06.364-255', 'Rua República do Líbano', '8', '', 'Jardim das Palmeiras', 'Carapicuíba', 'SP', 'Brasil', NULL, '1984-08-21', 'N', 'F', NULL),
(12, NULL, NULL, NULL, NULL, NULL, NULL, NULL, NULL, '455.827.658-32', NULL, NULL, NULL, NULL, NULL, NULL, NULL, NULL, NULL, NULL, NULL, NULL, NULL, NULL, NULL, NULL),
(13, NULL, NULL, NULL, NULL, NULL, NULL, NULL, NULL, '410.994.978-50', NULL, NULL, NULL, NULL, NULL, NULL, NULL, NULL, NULL, NULL, NULL, NULL, NULL, NULL, NULL, NULL),
(14, NULL, NULL, NULL, NULL, NULL, NULL, NULL, NULL, '471.302.708-10', NULL, NULL, NULL, NULL, NULL, NULL, NULL, NULL, NULL, NULL, NULL, NULL, NULL, NULL, NULL, NULL),
(15, '32d07149bd6ce4dd46e5f73d6b12a0b3ecf0a8a9', NULL, '(11) 5096-6222', '(11) 5183-7847', '(11) 99148-6566', 'Antonio Carlos Lopes Fernandes ', '42612184', 'SSP-SP', '624.955.268-53', NULL, 'acalofe@gmail.com', 'brasileira', '04.612-061', 'Avenida da Invernada', '450', 'ap.51', 'Vila Congonhas', 'São Paulo', 'SP', 'Brasil', NULL, '1952-11-17', 'S', 'M', NULL),
(16, '764f4f480d6110e9292869ca77a5b8934bc41abb', NULL, '(11) 5874-0414', '(11) 5871-9076', '(11) 95395-0071', 'Alexandra Chmielewicz Vincoletto ', '24.416.405.8', 'SSP', '165.084.138-80', NULL, 'fluxoscontabilidade@uol.com.br', 'Governador Mangabeira / BA', '05.861-010', 'Rua Antônio Faria', '113', 'casa', 'Jardim Maracá', 'São Paulo', 'SP', 'Brasil', NULL, '1974-07-26', 'S', 'F', NULL),
(17, '75697c4d0a9cbba301e0cd6aeff8e63de46a28ce', 'b2516ec02faf9fa51d660b918aabe943', '(11) 7579-0682', '', '(11) 97579-0682', 'Leticia Garcia de Souza', 'MG16153605', 'PCMG', '103.922.876-33', NULL, 'leticiags77@icloud.com', 'Brasileira', '04.140-281', ' Av Bosque da Saúde ', '610', '13', 'Saude', 'São Paulo', 'SP', 'Brasil', NULL, '1990-06-07', 'S', 'F', NULL),
(18, '128702548ffa4f09f3aedb1a8ed7e392e0d64b2b', NULL, '(11) 9610-9201', '(11) 2598-6355', '(11) 96109-2012', 'elias barreto lopes', '13850968-2', 'ssp', '063.640.928-70', NULL, 'elias@barretoestefanin.com.br', 'fenix parana', '09.750-220', 'Avenida Aldino Pinotti', '601', 'apto 34 bloco 2', 'Centro', 'São Bernardo do Campo', 'SP', 'Brasil', NULL, '1963-12-11', 'S', 'M', NULL),
(19, '5851f723efef72ccfa42875f07a72c7b3a56dccd', NULL, '(11) 2909-2213', '(11) 2909-2213', '(11) 99687-5114', 'myrian guadalupe moreira', '7812556', 'ssp-sp', '021.402.388-50', NULL, 'myrianguadalupe.moreira@gmail.com', 'São Paulo, capital', '02.071-002', 'Rua Maria Cândida', '1186', 'casa', 'Vila Guilherme', 'São Paulo', 'SP', 'Brasil', NULL, '1955-10-09', 'S', 'F', NULL),
(20, '9482470827ecc591328317d5042c98a78d452bc8', NULL, '(11) 9810-6952', '(11) 9810-6952', '(11) 98106-9529', 'Amâncio José de Lima Filho', '0099748121', 'IFP/RJ', '356.963.893-68', NULL, 'acsaopedro@bol.com.br', 'Boa Viagem', '06.766-300', 'Rua Gabriel Madri', '253', '', 'Parque Pinheiros', 'Taboão da Serra', 'SP', 'Brasil', NULL, '1967-05-29', 'S', 'M', NULL),
(21, '5d012ec7af6df25b72640525c4c011670fe12826', NULL, '(11) 3294-9265', '(11) 3074-2935', '(11) 99918-5887', 'Marcello Bloisi', '11811168', 'SSP/SP', '094.742.138-60', NULL, 'marcello.bloisi@gmail.com', 'brasileiro', '05.459-001', 'Rua Alberto Faria', '1440', '', 'Alto de Pinheiros', 'São Paulo', 'SP', 'Brasil', NULL, '1966-04-16', 'S', 'M', NULL),
(22, NULL, NULL, NULL, NULL, NULL, NULL, NULL, NULL, '103.219.421-91', NULL, NULL, NULL, NULL, NULL, NULL, NULL, NULL, NULL, NULL, NULL, NULL, NULL, NULL, NULL, NULL),
(23, 'c1dc3025e0cd8f2b64c401b0f96ce157d8275cac', NULL, '(11) 3105-4051', '', '(11) 96111-5061', 'jose wilson moreira dos santos', '506616885', 'sspsp', '019.234.785-32', NULL, 'jwilllms@yahoo.com.br', 'Brasileiro', '01.020-000', 'Rua Tabatinguera', '470', 'apta 326', 'Sé', 'São Paulo', 'SP', 'Brasil', NULL, '1985-03-14', 'S', 'M', NULL),
(24, '22e2286a957bb694b6e200ca02df5d700b90b112', NULL, '(55) 2977-5215', '', '(99) 776-1236', 'Lucca Sacchi Martins', '50.985.876-4', 'ssp', '470.369.598-78', NULL, 'luccasm03@hotmail.com', 'brasileiro', '02407000', 'Rua Jerônima Dias', '100', 'apto 142', 'Mandaqui', 'São Paulo', 'SP', 'Brasil', NULL, '1998-08-03', 'S', 'M', NULL),
(25, 'c261ef9650ba0b58cd609a264c20e23f8557ec51', NULL, '(11) 3932-8624', '', '(11) 98289-5921', 'jose carlos nery santos', '53756502', 'ssp', '570.826.698-87', NULL, 'jcnry1@yahoo.com.br', 'BA', '02.925-130', 'Rua João Alves', '127', 'casa', 'Freguesia do Ó', 'São Paulo', 'SP', 'Brasil', NULL, '1951-10-10', 'S', 'M', NULL),
(26, NULL, NULL, NULL, NULL, NULL, NULL, NULL, NULL, '291.456.768-52', NULL, NULL, NULL, NULL, NULL, NULL, NULL, NULL, NULL, NULL, NULL, NULL, NULL, NULL, NULL, NULL),
(27, '36844840cd314e62d1346422b0885755b713667c', NULL, '(11) 2351-4123', '', '(11) 96301-2819', 'Nathan Ballare Lima', '503580247', '4/2/2013', '387.820.008-08', NULL, 'nathanballare@hotmail.com', 'brasileira', '04.297-020', 'Rua Max Berg', '220', 'casa1', 'Vila Vermelha', 'São Paulo', 'SP', 'Brasil', NULL, '1998-02-06', 'S', 'M', NULL),
(28, '4ab9f8159f3b55754babe1056ce65bf79e4a27d3', NULL, '(19) 3859-2545', '', '(19) 98158-5000', 'Pedro Henrique Novo Bergh', '38979870-8', 'SSP/SP', '417.217.438-80', NULL, 'berghpedro@gmail.com', 'Brasileira', '13.271-608', 'Rua Doutor Eraldo Aurélio Franzese', '389', 'Casa A15', 'Jardim Paiquerê', 'Valinhos', 'SP', 'Brasil', NULL, '1998-03-23', 'S', 'M', NULL),
(29, '077f2fec2e08531f8f30bed173bcc6a23e76aabd', 'e03705d3637e5502dc9f6c60000da57d', '(11) 2254-8962', '(11) 2722-1708', '(11) 9414-4739', 'Gabriela naufal de lima', '375416560', 'SP', '387.143.078-12', NULL, 'liceu@globo.com', 'São Paulo ', '08.275-150', 'Rua João Fernandes', 'Brasil', 'Numero  28', 'Jardim Nossa Senhora do Carmo', 'São Paulo', 'SP', 'Brasil', NULL, '1996-03-20', 'S', 'F', NULL),
(30, '406e97639bfd375dff2cb681f0aaf7d4d0be5f00', NULL, '(11) 5102-2348', '', '(11) 99366-8410', 'Beatriz Salvador Fernandes Freitas', '367489302', 'ssp', '441.623.948-30', NULL, 'beatrizsalvadorfreitas@gmail.com', 'Brasileira', '04.566-002', 'Rua Michigan', '1150', 'apto 71', 'Cidade Monções', 'São Paulo', 'SP', 'Brasil', NULL, '1997-10-14', 'S', 'F', NULL),
(31, '6985a7e16405ac6f9a599498db813a575fe44521', NULL, '(11) 3744-9875', '', '(11) 97674-4024', 'Raphael Novoa Barsottini', '38946327-9', 'ssp-sp', '459.016.658-56', NULL, 'raphabarsa@gmail.com', 'Brasileiro', '05.713-410', 'Rua do Ângulo', '412', 'apto 91', 'Jardim Ampliação', 'São Paulo', 'SP', 'Brasil', NULL, '1996-11-14', 'S', 'M', NULL),
(32, 'c89c36b5056c65b32df43e73d87335f648eb3550', NULL, '(15) 3281-1782', '(15) 3222-5477', '(15) 98115-5238', 'Caio Meireles Vicentino', '395580420', 'SSP', '484.713.838-45', NULL, 'caiomeireless@outlook.com', 'Brasileiro', '18.190-000', ' Alameda dos Cedros', '71', 'Setor 1', 'Lago Azul', 'Araçoiaba da Serra', 'SP', 'Brasil', NULL, '1997-08-21', 'S', 'M', NULL),
(33, NULL, NULL, NULL, NULL, NULL, NULL, NULL, NULL, '035.024.253-45', NULL, NULL, NULL, NULL, NULL, NULL, NULL, NULL, NULL, NULL, NULL, NULL, NULL, NULL, NULL, NULL),
(34, '07f4df960ce7443ff76b81b6eed7fd3e9e7be4ed', NULL, '(11) 3675-8898', '', '(11) 98827-4721', 'Gabriel de Figueiredo Azevedo Badolate', '557271745', 'SSP', '444.119.848-57', NULL, 'badolateg@gmail.com', 'Brasileiro', '01.229-010', 'Rua São Vicente de Paula', '78', '33', 'Santa Cecília', 'São Paulo', 'SP', 'Brasil', NULL, '1996-11-16', 'N', 'M', NULL),
(35, 'd1806247ccfb322706f3135a36b4db9c0375eb76', NULL, '(11) 2691-9857', '', '(11) 96199-7120', 'Isabella Antunes da Silva Cunha ', '25536257', 'sspmt', '001.427.341-10', NULL, 'isabellacunha1@hotmail.com', 'Cuiaba- MT', '05.707-400', 'Avenida Dona Helena Pereira de Moraes', '290', 'ap 194', 'Parque do Morumbi', 'São Paulo', 'SP', 'Brasil', NULL, '1996-08-02', 'S', 'F', NULL),
(36, 'be8ede83c10756a6d907f9c41d1a374203844607', NULL, '(66) 9690-0777', '', '(66) 9690-0777', 'Marcelo Tomasini', '17125243', 'SSP', '020.216.071-86', NULL, 'Marcelo.tomasini@bol.com.br', 'Brasileira ', '78.573-000', ' Rua Roraima', '306', 'Kit Net 005', 'Jardim Juliana', 'Tapurah', 'MT', 'Brasil', NULL, '1987-09-30', 'N', 'M', NULL),
(37, 'fc4eacf6762f04fa856561f17c3e5212c140a27b', '4fb7574f93fafd5ee0561dd31b3c28ed', '(11) 7790-7874', '(11) 4751-4333', '(11) 97383-4007', 'Maria Glaucia do Nascimento', '343610152', 'SSP', '319.491.608-40', NULL, 'm.glaucianascimento@hotmail.com', 'ALAGOAS ', '08.676-330', 'Rua Deoclécio dos Santos', '80', '', 'Vila Figueira', 'Suzano', 'SP', 'Brasil', NULL, '1983-03-08', 'S', 'F', NULL),
(38, 'a80e794bc72395f07a5701e9b4b525d60ef3420c', NULL, '(19) 3299-0391', '(19) 3299-0391', '(19) 9469-3193', 'Analiel Ferreira Braile ', '1536958 ', 'ssp DF', '855.158.681-53', NULL, 'analiel.ferreira@gmail.com', 'Brasilia DF ', '13.272-476', 'Rua José salles pupo 81', ' casa   ', 'Côndominío Colina dos coqueiros ', 'Jardim Jurema', 'Valinhos', 'SP', 'Brasil', NULL, '1980-11-26', 'S', 'M', NULL),
(39, '366124341721133e4153eb689d7e40e724f2089c', NULL, '(19) 3312-1925', '', '(11) 98192-6746', 'Kim Patroca Kataguiri', '402895484', 'SSP', '393.134.958-64', NULL, 'kataguiri.kim@gmail.com', 'Brasileiro', '13.339-245', 'Rua Onze de Junho - de 1461/1462 ao fim', '1839', '', 'Parque Boa Esperança', 'Indaiatuba', 'SP', 'Brasil', NULL, '1996-01-28', 'N', 'M', NULL),
(40, NULL, NULL, NULL, NULL, NULL, NULL, NULL, NULL, '286.149.278-35', NULL, NULL, NULL, NULL, NULL, NULL, NULL, NULL, NULL, NULL, NULL, NULL, NULL, NULL, NULL, NULL),
(41, '840c7289b688a9ee6b00d14a429b53ca11a4d5ac', NULL, '(11) 4801-9308', '', '(11) 94215-3987', 'Vagner Jose de Sousa', '223446634', 'SSP/SP', '181.692.928-08', NULL, 'vagnerjsousa@gmail.com', 'São Caetano do Sul', '08.461-650', 'Avenida José Higino Neves', '533', 'Apto. 14-B', 'Jardim São Paulo', 'São Paulo', 'SP', 'Brasil', NULL, '1976-09-29', 'S', 'M', NULL),
(42, NULL, NULL, NULL, NULL, NULL, NULL, NULL, NULL, '221.537.618-08', NULL, NULL, NULL, NULL, NULL, NULL, NULL, NULL, NULL, NULL, NULL, NULL, NULL, NULL, NULL, NULL),
(43, '3d5a672b47b82fc54246503159855ceef8cff228', NULL, '(69) 9995-3877', '(69) 9995-3877', '(69) 9995-3877', 'ismair bento', '527079', 'ssp/ro', '348.639.312-04', NULL, 'ismair_smg@hotmail.com', 'central de minas ', '76.932-000', ' av. presidente vargas ', '806', 'cidade', 'novo oriente', 'São Miguel do Guaporé', 'RO', 'Brasil', NULL, '1967-06-16', 'S', 'M', NULL),
(44, 'e19f4647602dbf15b74b18a8536544f5b4896b15', NULL, '(11) 2936-1668', '', '11975882812', 'LUIZ FELIPE MARCHESE CARDIERI', '28005895-0', 'SSP', '309.623.978-90', NULL, 'lcardieri@gmail.com', 'PAULISTANA', '04.014-020', 'RUA DOUTOR FABRÍCIO VAMPRÉ', '129', 'APTO 12 - PAINEIRA', 'VILA MARIANA', 'São Paulo', 'SP', 'Brasil', NULL, '1983-03-21', 'S', 'M', NULL),
(45, NULL, NULL, NULL, NULL, NULL, NULL, NULL, NULL, '350.890.718-02', NULL, NULL, NULL, NULL, NULL, NULL, NULL, NULL, NULL, NULL, NULL, NULL, NULL, NULL, NULL, NULL),
(46, NULL, NULL, NULL, NULL, NULL, NULL, NULL, NULL, '315.172.358-63', NULL, NULL, NULL, NULL, NULL, NULL, NULL, NULL, NULL, NULL, NULL, NULL, NULL, NULL, NULL, NULL),
(47, '926607d6a9f79315aefb57fbefc18b3f6ba97ce6', NULL, '(11) 5812-2891', '', '(11) 97642-2661', 'Bruno de Arruda Brito', '39.668.803-2', 'SecretÃ¡ri', '413.502.698-24', NULL, 'Bruno9665@hotmail.com', 'Brasileira', '05.773-070', 'Rua Inácio Manuel Tourinho', '356', 'Casa', 'Parque Regina', 'São Paulo', 'SP', 'Brasil', NULL, '1996-09-05', 'S', 'M', NULL),
(48, '52ea08199bbf3ba61576f7d937034f65d834ff17', 'NULL', '(11) 3088-6822', '', '(11) 95648-2074', 'José Mauro câmara da fonseca', '748923977', 'Sejusp/MA', '816.287.063-68', NULL, 'jmauro@elo.com.br', 'Belém', '01.417-010', 'Rua Doutor Melo Alves', '55', '', 'Cerqueira César', 'São Paulo', 'SP', 'Brasil', NULL, '1968-01-19', 'S', 'M', NULL),
(49, NULL, NULL, NULL, NULL, NULL, NULL, NULL, NULL, '213.362.488-07', NULL, NULL, NULL, NULL, NULL, NULL, NULL, NULL, NULL, NULL, NULL, NULL, NULL, NULL, NULL, NULL),
(50, '3e1809e11dcbf62e800d024763e8d8bcf30e2664', 'NULL', '(11) 3085-1586', '', '(11) 99610-7719', 'JOSE MARCIO REBOLHO REGO', '5.885.505', 'SSPSP', '573.011.158-49', NULL, 'prof.rego-fgv@bol.com.br', 'SÃO PAULO', '05.412-001', 'Rua Joao Moura', '690', '21', 'Pinheiros', 'Sao Paulo', 'SP', 'Brasil', NULL, '1955-03-01', 'N', 'M', NULL),
(51, 'f1708b44c6c8c75328575a1bf5714aa61db2ec1c', 'NULL', '(11) 3085-1586', '', '11996107719', 'MARISA PORTILHO LOPES REGO', '9782890-7', 'SSPSP', '007.833.978-28', NULL, 'marisa_portilho@hotmail.com', 'SAO PAULO', '05.412-001', 'RUA JOAO MOURA', '690', '21', 'Pinheiros', 'Sao Paulo', 'SP', 'Brasil', NULL, '1960-04-18', 'S', 'F', NULL),
(52, NULL, NULL, NULL, NULL, NULL, NULL, NULL, NULL, '064.585.651-78', NULL, NULL, NULL, NULL, NULL, NULL, NULL, NULL, NULL, NULL, NULL, NULL, NULL, NULL, NULL, NULL),
(53, NULL, NULL, NULL, NULL, NULL, NULL, NULL, NULL, '237.163.428-07', NULL, NULL, NULL, NULL, NULL, NULL, NULL, NULL, NULL, NULL, NULL, NULL, NULL, NULL, NULL, NULL),
(54, '22f4de04c8abbd71aca66c0c34b56d151b0b322c', NULL, '(61) 3526-7120', '', '(11) 99200-8574', 'Pedro Morlino Martins', '3599770', 'SSP DF', '443.491.338-79', NULL, 'pedmorlino@gmail.com', 'Brasileiro', '71.515-830', 'Quadra SHIN QI 11 Conjunto 13', '10', '', 'Setor de Habitações Individuais Norte', 'Lago Norte', 'DF', 'Brasil', NULL, '1996-02-06', 'N', 'M', NULL),
(55, '6e220571896f116fd337982b408a2b5180215e3e', NULL, '(11) 5012-7510', '', '(11) 96613-7150', 'Diego de Oliveira ', '444862444', 'SSP', '232.155.878-40', NULL, 'diego-oliveira05@hotmail.com', 'São Paulo ', '04.339-050', 'Rua: Giovanni Paninni', '391', '', 'Americanópolis ', 'São Paulo ', 'SP', 'Brasil', NULL, '1987-11-05', 'N', 'M', NULL),
(56, '59a5beba25cc3f9343d3aa8e1a0906baf678062e', NULL, '(19) 9903-3983', '(19) 9903-3983', '(19) 99903-3983', 'Luciana Cristina Salles', '279163605', 'SSP', '168.292.408-40', NULL, 'lucianac_salles@yahoo.com.br', 'Campinas', '13.010-000', 'Avenida Doutor Moraes Sales', '326', 'apto 144', 'Centro', 'Campinas', 'SP', 'Brasil', NULL, '1973-01-09', 'S', 'F', NULL),
(57, NULL, NULL, NULL, NULL, NULL, NULL, NULL, NULL, '489.398.238-93', NULL, NULL, NULL, NULL, NULL, NULL, NULL, NULL, NULL, NULL, NULL, NULL, NULL, NULL, NULL, NULL),
(58, 'ec7117851c0e5dbaad4effdb7cd17c050cea88cb', '4cebdf0ddc2f585f71836e497caa69e0', '(11) 5539-2242', '(11) 3293-5060', '(11) 99520-7703', 'Antonio Carlos dos Santos', '48469920', 'SSP', '003.943.928-33', NULL, 'acmalaman@gmail.com', 'Brasileiro', '04.107-030', 'Rua Guimarães Passos', '260', 'Apartamento 31', 'Vila Mariana', 'São Paulo', 'SP', 'Brasil', NULL, '1950-05-22', 'S', 'M', NULL),
(59, 'a1c656180bac93802d738279bf3e5ae76fec4737', NULL, '(11) 3834-1368', '', '(11) 94209-7020', 'Pedro Paulo de Carvalho Noronha Rodrigues Valle', '16084135', 'ssp/mg', '111.413.906-80', NULL, 'tonianoronha@gmail.com', 'brasileiro', '05.077-051', 'rua Guararapes', '490', '', 'Alto da Lapa', 'sao paulo', 'SP', 'Brasil', NULL, '1996-06-24', 'S', 'M', NULL),
(60, '1d0806329569e377d1ad3e0fdb41dc1159b95931', NULL, '(11) 4319-9681', '(11) 4472-2266', '(11) 97688-5464', 'Thiago Augusto chacon', '29610033x', 'Ssp', '299.307.468-70', NULL, 'thiagochacon_13@hotmail.com', 'Santo andre', '09.280-260', 'Rua Lituânia', '363', '', 'Vila Curuca', 'Santo André', 'SP', 'Brasil', NULL, '1982-02-13', 'S', 'M', NULL),
(61, NULL, NULL, NULL, NULL, NULL, NULL, NULL, NULL, '454.353.858-73', NULL, NULL, NULL, NULL, NULL, NULL, NULL, NULL, NULL, NULL, NULL, NULL, NULL, NULL, NULL, NULL),
(62, NULL, NULL, NULL, NULL, NULL, NULL, NULL, NULL, '434.537.768-44', NULL, NULL, NULL, NULL, NULL, NULL, NULL, NULL, NULL, NULL, NULL, NULL, NULL, NULL, NULL, NULL),
(63, 'f172c66ca791031041b64fe1abc8498a355b99b9', NULL, '(11) 2584-1522', '', '(11) 98312-3400', 'Lindomara Maciel Costa', '496662697', 'Ssp', '412.144.598-89', NULL, 'Lindomara_maciel@hotmail.com', 'Novo oriente - Ceará', '08.180-000', 'Avenida Professor Alípio de Barros', '80', '', 'Jardim Maia', 'São Paulo', 'SP', 'Brasil', NULL, '1992-12-05', 'S', 'F', NULL),
(64, NULL, NULL, NULL, NULL, NULL, NULL, NULL, NULL, '392.446.668-80', NULL, NULL, NULL, NULL, NULL, NULL, NULL, NULL, NULL, NULL, NULL, NULL, NULL, NULL, NULL, NULL),
(65, '94672140db8d9bdc7fc40812333836f90a96fff4', NULL, '(11) 2673-1659', '', '(11) 99407-9874', 'Fernando da Ressurreição Romano Junior', '17967410-9', 'SSP', '083.408.638-78', NULL, 'fernandoromanojr@hotmail.com', 'São Paulo', '03.415-020', 'Rua Arapari', '207', 'casa', 'Jardim Textil', 'São Paulo', 'SP', 'Brasil', NULL, '1967-10-01', 'S', 'M', NULL),
(66, '34762cecf96e793ca6b8800a4ca9f37a5ce29961', NULL, '(11) 2695-9522', '', '(11) 98180-3175', 'Fernando Franco de Lima Monteiro', '383816622', 'ssp', '458.247.998-73', NULL, 'gdjmonteiro@gmail.com', 'Brasileiro', '03.058-040', 'Rua Irmã Carolina', '50', '222 A', 'Belenzinho', 'São Paulo', 'SP', 'Brasil', NULL, '1997-10-20', 'S', 'M', NULL),
(67, NULL, NULL, NULL, NULL, NULL, NULL, NULL, NULL, '335.453.008-11', NULL, NULL, NULL, NULL, NULL, NULL, NULL, NULL, NULL, NULL, NULL, NULL, NULL, NULL, NULL, NULL),
(68, 'e9002311424da0dfe334debe6875f4763cf4528f', NULL, '(11) 2262-3715', '', '(11) 98212-0639', 'LARISSA TORO FARAJ BIAGIONI', '50879414-6', 'SSP/SP', '401.457.728-70', NULL, 'larissa_tfb@hotmail.com', 'São Paulo', '02.308-130', 'Rua Claudino Inácio Joaquim', '183', '', 'Vila Mazzei', 'São Paulo', 'SP', 'Brasil', NULL, '1998-01-02', 'S', 'F', NULL),
(69, 'd9f3e93cfe688c7e4148abd3264e89e49d91bf83', NULL, '(11) 4644-2623', '', '(11) 94913-9882', 'Mayara Pires Nascimento', '393033715', 'SP', '421.894.688-41', NULL, 'mayara.nascimento98@hotmail.com', 'São Paulo - SP', '08.596-220', 'Rua Pratinha', '143', '', 'Residencial Pamela', 'Itaquaquecetuba', 'SP', 'Brasil', NULL, '1998-06-05', 'N', 'F', NULL),
(70, '2d2c19c71abd6bb5ab927c2c26a461b11186474e', NULL, '(11) 5564-7190', '', '(11) 97030-3542', 'Pedro Soave Leme Brandão Pagliuso', '526527079', 'ssp', '402.456.898-18', NULL, 'pedro.pagliuso@hotmail.com', 'Brasileiro', '04.363-001', 'Avenida Mascote', '777', '', 'Vila Mascote', 'São Paulo', 'SP', 'Brasil', NULL, '1997-09-15', 'S', 'M', NULL),
(71, NULL, NULL, NULL, NULL, NULL, NULL, NULL, NULL, '093.697.078-24', NULL, NULL, NULL, NULL, NULL, NULL, NULL, NULL, NULL, NULL, NULL, NULL, NULL, NULL, NULL, NULL),
(72, NULL, NULL, NULL, NULL, NULL, NULL, NULL, NULL, '445.976.248-05', NULL, NULL, NULL, NULL, NULL, NULL, NULL, NULL, NULL, NULL, NULL, NULL, NULL, NULL, NULL, NULL),
(73, NULL, NULL, NULL, NULL, NULL, NULL, NULL, NULL, '463.310.518-30', NULL, NULL, NULL, NULL, NULL, NULL, NULL, NULL, NULL, NULL, NULL, NULL, NULL, NULL, NULL, NULL),
(74, NULL, NULL, NULL, NULL, NULL, NULL, NULL, NULL, '089.174.908-08', NULL, NULL, NULL, NULL, NULL, NULL, NULL, NULL, NULL, NULL, NULL, NULL, NULL, NULL, NULL, NULL),
(75, '0455a0c34ff52a282b476665329ea9fcc3923e53', NULL, '(11) 4121-2096', '', '(11) 99872-9962', 'Gabriel Calamari', '38188224', 'SSP', '428.530.778-29', NULL, 'calamari@lagoma.com.br', 'Brasileiro', '09.732-480', 'Rua Manuel Hernandes Lopes', '119', 'Apto 73', 'Vila Dayse', 'São Bernardo do Campo', 'SP', 'Brasil', NULL, '1994-04-07', 'S', 'M', NULL),
(76, '4999e15ce697339c995c48e8f2cb3bc690c200b8', NULL, '(11) 2406-8365', '', '(11) 94967-6404', 'Maria Victória Carminati Pontes', '53347033-x', 'ssp', '428.812.958-35', NULL, 'c.rcp@hotmail.com', 'Brasileira', '07.133-330', 'Rua Palmirina', '81', 'Casa', 'Jardim Almeida Prado', 'Guarulhos', 'SP', 'Brasil', NULL, '1998-02-01', 'S', 'F', NULL),
(77, NULL, NULL, NULL, NULL, NULL, NULL, NULL, NULL, '085.229.808-02', NULL, NULL, NULL, NULL, NULL, NULL, NULL, NULL, NULL, NULL, NULL, NULL, NULL, NULL, NULL, NULL),
(78, 'ad25f4b01fb6db0c5b3abb5da71f643d1b475a25', NULL, '(11) 2613-6586', '', '(11) 98346-3554', 'Pedro Calbucci Renaux', '29620918-1', 'SSP-SP', '368.050.488-85', NULL, 'pcr@renauxsp.com.br', 'Brasileira', '04.717-000', 'Rua Alexandre Dumas', '590', '153', 'Chácara Santo Antônio (Zona Sul)', 'São Paulo', 'SP', 'Brasil', NULL, '1988-09-18', 'N', 'M', NULL),
(79, NULL, NULL, NULL, NULL, NULL, NULL, NULL, NULL, '259.032.448-07', NULL, NULL, NULL, NULL, NULL, NULL, NULL, NULL, NULL, NULL, NULL, NULL, NULL, NULL, NULL, NULL),
(80, 'c97c1484f422ba5963457e0274a6fc6290443a31', NULL, '(14) 3541-0821', '(14) 3541-0821', '(14) 99123-9689', 'Thayna Karoline Rodrigues de Andrade', '49.920.078-0', 'SP', '428.909.288-88', NULL, 'Rodriguesandrade.thay@outlook.com', 'Brasileira ', '16.370-000', ' Rua Moura', '389', '', 'Jardim Morumbi', 'Promissão', 'SP', 'Brasil', NULL, '1998-10-13', 'S', 'F', NULL),
(81, '23d51882bdec35bd52ad2b57c3b35fd19144ee18', NULL, '(11) 3288-5697', '(11) 3061-7549', '(11) 98139-4859', 'Maria de Fatima Fernandes Vattimo', '162443699', 'SSP-SP', '077.538.848-32', NULL, 'nephron@usp.br', 'São Paulo', '01.333-000', 'Rua São Carlos do Pinhal', '290', 'apt 14', 'Bela Vista', 'São Paulo', 'SP', 'Brasil', NULL, '1964-09-18', 'S', 'F', NULL),
(82, '73d87167e59e59239f0df388883a86fb9bd8a9b7', NULL, '(11) 5016-4721', '', '(11) 95397-7753', 'Bruna Polloni de Alencar', '554168480', 'ssp', '352.034.488-25', NULL, 'bruna.polloni.alencar@gmail.com', 'brasileira', '04.330-020', 'Avenida Francisco de Paula Quintanilha Ribeiro', '342', 'apto42 a', 'Vila Campestre', 'São Paulo', 'SP', 'Brasil', NULL, '1997-10-01', 'N', 'F', NULL),
(83, '4b22712b69d28b30f26f3445cb68195b629c94df', NULL, '(15) 3281-2572', '', '(15) 99784-0264', 'Raquel', '362575654', 'sp', '355.818.778-40', NULL, 'raquelboso@hotmail.com', 'brasileira', '18.190-000', ' alameda das amoreiras', '52', 'km 113,5 av raposo tavares', 'cond lago azul', 'Araçoiaba da Serra', 'SC', 'Brasil', NULL, '1998-07-16', 'S', 'F', NULL),
(84, 'f1d6aa1f819d9e7b3b4a40dea1ba0cebd5fa1d97', NULL, '(11) 2051-7691', '', '(11) 94944-5446', 'Pedro Henrique Lopes Neto', '56818757x', 'SSP', '460.170.378-62', NULL, 'pedro_1b@hotmail.com', 'BRASILEIRO', '08.430-025', 'Rua Um', '77', 'BLOCO 5 APARTAMENTO 01B', 'Parada XV de Novembro', 'São Paulo', 'SP', 'Brasil', NULL, '1998-12-07', 'S', 'M', NULL),
(85, NULL, NULL, NULL, NULL, NULL, NULL, NULL, NULL, '491.840.948-26', NULL, NULL, NULL, NULL, NULL, NULL, NULL, NULL, NULL, NULL, NULL, NULL, NULL, NULL, NULL, NULL),
(86, NULL, NULL, NULL, NULL, NULL, NULL, NULL, NULL, '438.638.058-28', NULL, NULL, NULL, NULL, NULL, NULL, NULL, NULL, NULL, NULL, NULL, NULL, NULL, NULL, NULL, NULL),
(87, NULL, NULL, NULL, NULL, NULL, NULL, NULL, NULL, '421.889.928-22', NULL, NULL, NULL, NULL, NULL, NULL, NULL, NULL, NULL, NULL, NULL, NULL, NULL, NULL, NULL, NULL),
(88, '6b2d0ea69a3826d428eda8c79875ad2c9cc99c10', NULL, '(17) 3524-3877', '', '(17) 99204-1212', 'Victor Hugo Correa Pedrassani', '523294256', 'SSP', '475.910.658-82', NULL, 'vhcp98@hotmail.com', 'Brasileiro', '15.804-080', 'Rua Virgílio Mastrocola', '723', 'Residencial Acapulco', 'Vila Motta', 'Catanduva', 'SP', 'Brasil', NULL, '1998-02-09', 'S', 'M', NULL),
(89, NULL, NULL, NULL, NULL, NULL, NULL, NULL, NULL, '441.988.478-94', NULL, NULL, NULL, NULL, NULL, NULL, NULL, NULL, NULL, NULL, NULL, NULL, NULL, NULL, NULL, NULL),
(90, '4ae6810c8a280f8253f51f64f7757411895d5daa', NULL, '(11) 2359-4886', '', '(11) 97962-3851', 'Tatiane Carvalho', '445363241', 'ssp', '349.954.818-69', NULL, 'tatianecarvalho2608@gmail.com', 'São Paulo', '01.420-001', 'Alameda Jaú', '66', 'apto103', 'Jardim Paulista', 'São Paulo', 'SP', 'Brasil', NULL, '1987-08-26', 'S', 'F', NULL),
(91, '664df2d21bd3420412cc24a4002c5d33f86870cf', NULL, '(11) 2376-3127', '', '(11) 96625-5657', 'Pietra Paula Sanchez Arrighe', '527534808', 'SSP/SP', '425.023.378-28', NULL, 'pietra.arrighe@hotmail.com', 'Brasileira', '09.530-701', 'Rua Espírito Santo', '1478', '', 'Cerâmica', 'São Caetano do Sul', 'SP', 'Brasil', NULL, '1998-03-20', 'S', 'F', NULL),
(92, NULL, NULL, NULL, NULL, NULL, NULL, NULL, NULL, '468.181.438-57', NULL, NULL, NULL, NULL, NULL, NULL, NULL, NULL, NULL, NULL, NULL, NULL, NULL, NULL, NULL, NULL),
(93, 'd1278e68e4f217e625acf5a3b1c5685e5abec6ea', NULL, '(11) 3781-5247', '(11) 3784-6040', '11945836935', 'Giovanna Carvalho Holanda', '527667092', '8002', '441.466.258-31', NULL, 'giovannaholanda98@gmail.com', 'brasileira', '05.566-010', 'Rua Afrodísio de Mattos', '157', 'casa', 'Jardim Arpoador', 'São Paulo', 'SP', 'Brasil', NULL, '1998-03-17', 'S', 'F', NULL),
(94, 'f7f74568b6a35476fad7e81faae5ead16501b555', NULL, '(67) 3042-5601', '', '(67) 9981-6600', 'Mariana Rebello Hilgert', '1494993', 'SSPMS', '043.251.381-70', NULL, 'm_hilgert@hotmail.com', 'Campo Grandense', '79.040-010', 'Avenida Afonso Pena', '7500', 'Casa 6', 'Chácara Cachoeira', 'Campo Grande', 'MS', 'Brasil', NULL, '1998-04-30', 'S', 'F', NULL),
(95, NULL, NULL, NULL, NULL, NULL, NULL, NULL, NULL, '350.910.948-14', NULL, NULL, NULL, NULL, NULL, NULL, NULL, NULL, NULL, NULL, NULL, NULL, NULL, NULL, NULL, NULL),
(96, 'cd7c762c01f2f2edf033e0ef80eb6f3e224ca3bc', NULL, '(11) 7205-3661', '', '(11) 7205-3661', 'Neusa Joaquim Vallerio', '5200968', 'SSP', '006.313.008-48', NULL, 'neusa.vallerio@hotmail.com', 'Fernandópolis', '04.457-120', 'Rua Luís Bueno de Miranda', '166', 'spto 41 - bloco D', 'Jardim Palmares (Zona Sul)', 'São Paulo', 'SP', 'Brasil', NULL, '1947-11-08', 'S', 'F', NULL),
(97, NULL, NULL, NULL, NULL, NULL, NULL, NULL, NULL, '317.838.518-56', NULL, NULL, NULL, NULL, NULL, NULL, NULL, NULL, NULL, NULL, NULL, NULL, NULL, NULL, NULL, NULL),
(98, 'a02364a57ef93e991c6e9cfed8af3bd5b0b8878e', NULL, '(11) 2421-4098', '(11) 3228-0388', '(11) 97058-5564', 'Carlos Roberto de Lara Campos', '154023115', 'SSP/SP', '028.199.628-82', NULL, 'carloslara@ig.com.br', 'São Paulo', '07.044-050', 'Rua Ceres', '357', '', 'Vila São Rafael', 'Guarulhos', 'SP', 'Brasil', NULL, '1962-09-22', 'N', 'M', NULL),
(99, NULL, NULL, NULL, NULL, NULL, NULL, NULL, NULL, '250.231.398-83', NULL, NULL, NULL, NULL, NULL, NULL, NULL, NULL, NULL, NULL, NULL, NULL, NULL, NULL, NULL, NULL),
(100, '44d534cad539e88910ea1e96e6e209f99607d160', NULL, '(15) 3418-8597', '(15) 3418-8597', '1534188597', 'Samir Felippe Atalla', '505799662', 'SP', '354.470.148-08', NULL, 'samirfelippeatalla@gmail.com', 'Sao Paulo', '18.046-174', 'rua jose rodrigues cordeiro ,62', '62', '', 'Jd Pagliato', 'sorocaba', 'SP', 'Brasil', NULL, '1997-06-12', 'S', 'M', NULL),
(101, NULL, NULL, NULL, NULL, NULL, NULL, NULL, NULL, '299.510.008-19', NULL, NULL, NULL, NULL, NULL, NULL, NULL, NULL, NULL, NULL, NULL, NULL, NULL, NULL, NULL, NULL),
(102, '4e17f1e34ad3e07b719e99362fb3aae30855914a', NULL, '(19) 3585-8909', '(19) 3589-5500', '(19) 98229-8153', 'SINÉSIA VILARINS DA LUZ', '726220', 'SSP/AL', '494.301.734-72', NULL, 'sinesialuz@hotmail.com', 'PALMEIRA DOS ÍNDIOS', '13.660-000', ' RUA 29 DE JULHO', '1360', '', 'CENTRO', 'Porto Ferreira', 'SP', 'Brasil', NULL, '1970-02-26', 'S', 'F', NULL),
(103, 'd441e22269dedf4b2067d24925b86297ef3a4788', NULL, '(11) 4339-7617', '(11) 3478-3884', '11945729878', 'Jailza Anunciacao dos Reis Dos Santos', '507108449', 'ssp/sp', '391.500.648-35', NULL, 'santos-jailza@outlook.com', 'Bahia', '09.784-460', 'Rua União (Vl S Pedro)', '16', 'A', 'Montanhão', 'São Bernardo do Campo', 'SP', 'Brasil', NULL, '1993-04-05', 'S', 'F', NULL),
(104, '14df17789c485c89746d128d920d48c47b490da7', NULL, '(31) 3081-4746', '', '(11) 98358-7706', 'Daniel Soares da Silva', 'MG12132690', 'SSP', '058.830.076-43', NULL, 'daniel2s1@hotmail.com', 'Pirapora - MG', '01.419-002', 'Alameda Santos', '1343', 'AP1303', 'Cerqueira César', 'São Paulo', 'SP', 'Brasil', NULL, '1984-07-26', 'S', 'M', NULL),
(105, 'b6d74b3b17f074688a843e7c55c93d212e686e95', NULL, '(11) 7640-4232', '(11) 7640-4232', '(11) 97640-4232', 'Sydney Spiller Jr', '276081572', 'SSP', '156.814.578-00', NULL, 'sydney_spiller@hotmail.com', 'São Paulo', '06.414-025', 'Rua Werner Goldberg', '179', 'Torre Dália apto.201', 'Jardim Tupanci', 'Barueri', 'SP', 'Brasil', NULL, '1975-11-02', 'N', 'M', NULL),
(106, '3887ef3fa67514980524f8426909a18ae611f17b', NULL, '(11) 5442-7263', '', '(11) 95442-7263', 'LUIZ EUZEBIO CARDOSO CASTELEIRO', '138724854', 'SP', '045.525.568-78', NULL, 'icasteleiro@ig.com.br', 'SAO PAULO', '08.543-050', 'RUA VICENTE CUSTODIO DA SILVA ', '690', '', 'JARDIM FREIRE', 'FERRAZ DE VASCONCELOS ', 'SP', 'Brasil', NULL, '1965-03-06', 'N', 'M', NULL),
(107, '3622d0e1b6b1fb296f6eb9a4547896135e81bd4e', 'NULL', '(11) 2143-6798', '(11) 2704-6068', '(11) 97232-5968', 'Jaqueline Monteiro Santana Pereira', '50065878X', 'SSP', '464.801.288-77', NULL, 'jaque.monteirosp@gmail.com', 'brasileira', '03.985-150', 'Rua do Lavrador', '51', '', 'Jardim Ângela (Zona Leste)', 'São Paulo', 'SP', 'Brasil', NULL, '1998-01-12', 'N', 'F', NULL),
(108, NULL, NULL, NULL, NULL, NULL, NULL, NULL, NULL, '265.341.298-50', NULL, NULL, NULL, NULL, NULL, NULL, NULL, NULL, NULL, NULL, NULL, NULL, NULL, NULL, NULL, NULL),
(109, '689757bdb9c7273d31300cf2f800c93af06b609e', NULL, '(11) 4301-8051', '(11) 5548-1215', '(11) 94019-4954', 'RODRIGO GONZÁLEZ MARTÍNEZ', '19575371-9', 'SSP', '223.941.428-63', NULL, 'rodrigo_gm_83@hotmail.com', 'SÃO PAULO', '04.673-010', 'EUSÉBIO ALVES', '57', 'CAMPO GRANDE', 'VILA ANHANGUERA', 'SÃO PAULO', 'SP', 'Brasil', NULL, '1983-03-21', 'S', 'M', NULL),
(110, NULL, NULL, NULL, NULL, NULL, NULL, NULL, NULL, '485.181.658-81', NULL, NULL, NULL, NULL, NULL, NULL, NULL, NULL, NULL, NULL, NULL, NULL, NULL, NULL, NULL, NULL),
(111, 'e881d446bd7897bd24e947c319d5b132d41986ed', NULL, '(11) 3292-4900', '(11) 3292-4900', '(11) 99627-9199', 'Josinete Aparecida da Silva Bastos Cerullo', '214771969', 'SSP/SP', '163.732.148-18', NULL, 'josinetebastos@tjsp.jus.br', 'São Paulo - SP', '01.016-040', 'Largo Pateo do Colégio', '73', 'sala 1001', 'Sé', 'São Paulo', 'SP', 'Brasil', NULL, '1973-10-29', 'N', 'F', NULL),
(112, '94a165ffab259cfbaf0cec5a7cad7a63279d8619', NULL, '(11) 4489-7313', '', '(11) 99452-8782', 'eveni ferreira dos santos', '352563205', '22/08/2009', '374.563.598-14', NULL, 'evelyn.s.ferr@gmail.com', 'bom jesus da lapa BA', '07.844-270', 'av são paulo', '115', '', 'vila bazu', 'franco da rocha', 'SP', 'Brasil', NULL, '1989-03-06', 'S', 'F', NULL),
(113, '730403fc6f1e439ef497d9ad8b65438da2cab928', NULL, '(11) 3726-5760', '', '(11) 96489-5842', 'IVAN DA SILVA', '3669841', 'SSP - SP', '209.101.938-00', NULL, 'ivanvicente2007@uol.com.br', 'SÃO VICENTE - SP', '05.539-080', 'Rua José Álvares Maciel', '727', '31', 'Jardim Adhemar de Barros', 'São Paulo', 'SP', 'Brasil', NULL, '1945-12-21', 'N', 'M', NULL),
(114, '955a0d3c37af60711fd8c00421ecacdcafd25e87', NULL, '(11) 3675-3245', '(11) 2162-6366', '(11) 99604-1395', 'Luciano Augusto Silva', '180522449', 'SSP-SP', '158.769.338-05', NULL, 'luciano.augusto68@gmail.com', 'Santo Anastácio', '05.051-030', 'Rua Fábia', '404', 'Apto 203', 'Vila Romana', 'São Paulo', 'SP', 'Brasil', NULL, '1968-11-11', 'S', 'M', NULL),
(115, 'b5e96099544e8b0b61b9253823c40d7e18723b4a', NULL, '(11) 2628-5047', '', '(11) 99496-4152', 'alvaro luiz alvim de abreu', '047203666', 'ifp', '638.514.907-20', NULL, 'globalnegocios@gmail.com', 'rio de janeiro', '01.423-010', 'Rua Batataes', '602 conj', '', 'Jardim Paulista', 'São Paulo', 'SP', 'Brasil', NULL, '1960-10-24', 'N', 'M', NULL),
(116, '80eb6249093487d92c10671b5b2f83d9c91c923b', NULL, '(11) 2084-3321', '', '(11) 96464-8586', 'alessandra de almeida seidel moraes serra', '25884893-5', 'ssp', '282.332.608-19', NULL, 'asm.serra@bol.com.br', 'sao paulo', '03.226-010', 'Avenida José da Nóbrega Botelho', '232', '', 'Jardim Avelino', 'São Paulo', 'SP', 'Brasil', NULL, '1976-06-07', 'S', 'F', NULL),
(117, NULL, NULL, NULL, NULL, NULL, NULL, NULL, NULL, '451.127.838-50', NULL, NULL, NULL, NULL, NULL, NULL, NULL, NULL, NULL, NULL, NULL, NULL, NULL, NULL, NULL, NULL),
(118, 'f1bef70973f817b673f8f2beedbcebde7a0acbd2', NULL, '(11) 2025-2125', '', '(11) 94914-7067', 'rafaela costa bezerra', '568210931', 'sp', '469.221.378-76', NULL, 'rhuan1000@outlook.com', 'brasileira', '08.588-000', 'Estrada dos Indios', '562', 'casa', 'Jardim Mossapyra', 'Itaquaquecetuba', 'SP', 'Brasil', NULL, '1997-05-17', 'N', 'F', NULL),
(119, '28ec120526954345f027222ef6306ff67b109b91', NULL, '(11) 5673-5899', '(11) 5673-5899', '(11) 98552-2992', 'Hilquias Vieira da Silva', '379052933', 'SSP', '450.779.268-16', NULL, 'kiasvieira612@gmail.com', 'Brasileira', '04.476-120', 'Rua Rust', '77', '', 'Eldorado', 'São Paulo', 'SP', 'Brasil', NULL, '1996-12-20', 'S', 'M', NULL),
(120, 'adab5b70c02a7ed2fb61d681134743dbdb9e509b', NULL, '(11) 3236-2308', '', '(11) 98222-4304', 'MARCIO VITAL SILVA NOBREGA', '1208596', 'SSP-DF', '603.192.321-15', NULL, 'mvsnobrega@gmail.com', 'BRASILIA', '01.423-001', 'Rua José Maria Lisboa', '695', 'APTO 52', 'Jardim Paulista', 'São Paulo', 'SP', 'Brasil', NULL, '1973-10-15', 'N', 'M', NULL),
(121, NULL, NULL, NULL, NULL, NULL, NULL, NULL, NULL, '319.223.358-35', NULL, NULL, NULL, NULL, NULL, NULL, NULL, NULL, NULL, NULL, NULL, NULL, NULL, NULL, NULL, NULL),
(122, NULL, NULL, NULL, NULL, NULL, NULL, NULL, NULL, '452.122.988-30', NULL, NULL, NULL, NULL, NULL, NULL, NULL, NULL, NULL, NULL, NULL, NULL, NULL, NULL, NULL, NULL),
(123, '0815676634350396838dfcbbd8b45afa7362facf', NULL, '(11) 9629-9241', '(11) 3291-4950', '(11) 99629-9241', 'Paulo Henrique de Souza', '26.602.016-1', 'SSP SP', '268.806.898-92', NULL, 'phsoul@hotmail.com', 'São Paulo', '05.025-010', 'Rua Raul Pompéia', '401', 'Apto 44', 'Vila Pompeia', 'São Paulo', 'SP', 'Brasil', NULL, '1978-03-14', 'S', 'M', NULL),
(124, NULL, NULL, NULL, NULL, NULL, NULL, NULL, NULL, '454.349.485-72', NULL, NULL, NULL, NULL, NULL, NULL, NULL, NULL, NULL, NULL, NULL, NULL, NULL, NULL, NULL, NULL),
(125, 'cfd66e52e3321c5c945ab26170d6c0a5a1809eaa', NULL, '(11) 3586-9688', '', '(11) 96589-5464', 'pedro nunes da silva junior', '339552116', 'SSP', '383.790.348-64', NULL, 'pedronunesda.s@gmail.com', 'brasileiro', '04.733-300', 'Avenida Adolfo Pinheiro', '1145', 'apt 44', 'Santo Amaro', 'São Paulo', 'SP', 'Brasil', NULL, '1991-12-22', 'N', 'M', NULL),
(126, NULL, NULL, NULL, NULL, NULL, NULL, NULL, NULL, '341.217.758-05', NULL, NULL, NULL, NULL, NULL, NULL, NULL, NULL, NULL, NULL, NULL, NULL, NULL, NULL, NULL, NULL),
(127, NULL, NULL, NULL, NULL, NULL, NULL, NULL, NULL, '043.608.913-00', NULL, NULL, NULL, NULL, NULL, NULL, NULL, NULL, NULL, NULL, NULL, NULL, NULL, NULL, NULL, NULL),
(128, NULL, NULL, NULL, NULL, NULL, NULL, NULL, NULL, '39794835846', NULL, NULL, NULL, NULL, NULL, NULL, NULL, NULL, NULL, NULL, NULL, NULL, NULL, NULL, NULL, NULL),
(129, NULL, NULL, NULL, NULL, NULL, NULL, NULL, NULL, '', NULL, NULL, NULL, NULL, NULL, NULL, NULL, NULL, NULL, NULL, NULL, NULL, NULL, NULL, NULL, NULL),
(130, '90688d4e71b87920f87c92b2db350e2a9143b4e3', NULL, '(11) 4742-1272', '', '(11) 94704-0102', 'gustavo bertonha de oliveira', '280312866', 'ssp', '268.769.998-58', NULL, 'gus.ber@hotmail.com', 'sao caetano do sul', '08.674-050', 'Rua Abdo Rachid', '128', 'ap42', 'Centro', 'Suzano', 'SP', 'Brasil', NULL, '1977-10-26', 'N', 'M', NULL),
(131, '2dc1adadbbb008f2cdee8b6d8935d78cada68286', NULL, '(11) 2025-2125', '', '(11) 95809-5973', 'William Tolentino ramos', '580208965', 'mg', '118.055.616-00', NULL, 'william10tolentino@outlook.com', 'brasileiro', '08.588-120', 'rua dos limoeiros', '32', 'casa', 'jardim caiuby', 'itaquaquecetuba', 'SP', 'Brasil', NULL, '1991-06-23', 'S', 'M', NULL),
(132, '26f0add0979a13e55a25b48aebcd128e856b481a', NULL, '(11) 3861-0078', '', '(11) 94622-8066', 'Alcione do Socorro Alves Kanadani', '573671382', 'SSP-SP', '505.669.381-20', NULL, 'alcionealves10@hotmail.com', 'Recife - PE', '01.254-000', 'Avenida Professor Alfonso Bovero', '546', '306', 'Sumaré', 'São Paulo', 'SP', 'Brasil', NULL, '1968-10-14', 'S', 'F', NULL),
(133, NULL, NULL, NULL, NULL, NULL, NULL, NULL, NULL, '473.675.238-64', NULL, NULL, NULL, NULL, NULL, NULL, NULL, NULL, NULL, NULL, NULL, NULL, NULL, NULL, NULL, NULL),
(134, 'b1a5d68183af2393fd181b31bd43c4a1d2418aae', NULL, '(13) 3506-3811', '', '(13) 99666-1585', 'cicero felix de oliveira moura', '55170783-5', 'sp', '086.597.174-90', NULL, 'cicero25@gmail.com', 'PE', '11.730-000', ' marcelino rodrigues de meira', '1901', '', 'agenor de compos', 'Mongaguá', 'SP', 'Brasil', NULL, '1985-12-25', 'S', 'M', NULL),
(135, 'd29512e8a5ea608e260b670527c9f78f70e3d803', NULL, '(11) 2848-9119', '(11) 2012-0927', '(11) 94886-3275', 'Leonardo Henrique de Vasconcelos', '49.797.318-2', 'SP', '438.970.268-80', NULL, 'leohenvas@hotmail.com', 'Paulista', '08.330-020', 'Rua Ferraz de Araújo', '36', 'casa', 'Jardim Vera Cruz', 'São Paulo', 'SP', 'Brasil', NULL, '1994-08-08', 'S', 'M', NULL),
(136, NULL, NULL, NULL, NULL, NULL, NULL, NULL, NULL, '100.691.688-14', NULL, NULL, NULL, NULL, NULL, NULL, NULL, NULL, NULL, NULL, NULL, NULL, NULL, NULL, NULL, NULL),
(137, NULL, NULL, NULL, NULL, NULL, NULL, NULL, NULL, '127.787.858-76', NULL, NULL, NULL, NULL, NULL, NULL, NULL, NULL, NULL, NULL, NULL, NULL, NULL, NULL, NULL, NULL),
(138, 'a88c967752212b0f79bc2387d66990ffcc12cdb7', NULL, '(11) 5842-7658', '', '(11) 98310-8332', 'Edson José do Nascimento', '17004296', 'SSP', '077.910.448-03', NULL, 'edsonjdn@gmail.com', 'São Paulo', '05.792-080', 'Rua Mitim', '134', 'bloco 5 apto 3', 'Jardim Leonidas Moreira', 'São Paulo', 'SP', 'Brasil', NULL, '1963-06-01', 'S', 'M', NULL),
(139, '108ef8408aadffaa476fcc524a64652cafd3d3d3', NULL, '(11) 9239-3393', '', '(11) 97556-3336', 'Lívia de Lima Santos Leite', '523565008', 'SSP', '407.784.078-37', NULL, 'lilicaballet@gmail.com', 'Brasileira', '09.570-320', 'Avenida Walter Thomé', '691', '', 'Olímpico', 'São Caetano do Sul', 'SP', 'Brasil', NULL, '1998-09-17', 'N', 'F', NULL),
(140, '27cce8840411e95f0f3fadac5dd56116b5cb4adb', NULL, '(18) 3917-4404', '', '(18) 99697-6003', 'Felipe Augusto Rodrigues de Mello', '54.321.839-9', 'SSP/SP', '451.339.638-58', NULL, 'felipemell.fm@gmail.com', 'brasileiro ', '19.066-391', 'Rua Nadir Zamuner Spir', '142', '', 'Porto Seguro Residence', 'Presidente Prudente', 'SP', 'Brasil', NULL, '1995-08-01', 'S', 'M', NULL),
(141, NULL, NULL, NULL, NULL, NULL, NULL, NULL, NULL, '190.782.658-09', NULL, NULL, NULL, NULL, NULL, NULL, NULL, NULL, NULL, NULL, NULL, NULL, NULL, NULL, NULL, NULL),
(142, '65a497e7b4fc058bd580d6d9753b63e8f0953d49', NULL, '(35) 9919-2746', '', '(35) 99919-2746', 'Diego Scutari', '11777156', 'sspmg', '056.322.256-58', NULL, 'diegoscutari@hotmail.com', 'saopaulo', '37.542-000', ' praça francisco ribeiro pereira ', '50', '', 'centro', 'Estiva', 'MG', 'Brasil', NULL, '1982-11-26', 'S', 'M', NULL),
(143, '7c99b657591b24e8a54f1adc1105aa2b15ab1a3a', NULL, '(11) 4708-1836', '', '(11) 97222-2524', 'Rute Mendonça Nogueira da Silva', '568597254', 'SSP - SP', '468.779.798-93', NULL, 'anogueira63@hotmail.com', 'Brasileira', '18.120-000', ' Rua José de Alencar ', '01', '', 'Porta do Sol', 'Mairinque', 'SP', 'Brasil', NULL, '1998-01-05', 'S', 'F', NULL),
(144, 'e4413d028df9e9190234754401bd5df31da6cd87', NULL, '(11) 4453-1862', '', '(11) 98267-6218', 'Carlos Eduardo casarini ', '25294701-1', 'ssp-sp', '290.791.838-90', NULL, 'carloscasarini@hotmail.com', 'brasileira', '09.176-190', 'Rua das Violetas', '132', '', 'Vila Marina', 'Santo André', 'SP', 'Brasil', NULL, '1980-12-05', 'N', 'M', NULL),
(145, NULL, NULL, NULL, NULL, NULL, NULL, NULL, NULL, '060.179.171-10', NULL, NULL, NULL, NULL, NULL, NULL, NULL, NULL, NULL, NULL, NULL, NULL, NULL, NULL, NULL, NULL),
(146, NULL, NULL, NULL, NULL, NULL, NULL, NULL, NULL, '387.092.518-39', NULL, NULL, NULL, NULL, NULL, NULL, NULL, NULL, NULL, NULL, NULL, NULL, NULL, NULL, NULL, NULL),
(147, NULL, NULL, NULL, NULL, NULL, NULL, NULL, NULL, '037.045.988-10', NULL, NULL, NULL, NULL, NULL, NULL, NULL, NULL, NULL, NULL, NULL, NULL, NULL, NULL, NULL, NULL),
(148, '8bc0ddab67e77a7e4c2718111494a8dab1195589', NULL, '(11) 3362-0590', '', '(11) 96676-0537', 'Isabella Figueiredo Jardim Pereira', '502369802', 'SSP/SP', '394.582.158-46', NULL, 'isa_bella_figueiredo@hotmail.com', 'Brasileira', '01.226-010', 'Rua das Palmeiras', '156', '71', 'Vila Buarque', 'São Paulo', 'SP', 'Brasil', NULL, '1998-10-03', 'N', 'F', NULL),
(149, 'cd73c7c8dad6e0752c4ea7544fd36efa30169240', NULL, '(11) 3207-6058', '', '(11) 97599-2299', 'Gustavo Akihiro Fukuoka', '37.724.461-2', 'SSP/SP', '453.691.808-65', NULL, 'gus.akihiro.f@hotmail.com', 'São Paulo', '01.530-030', 'Rua Baturité', '200', 'apt 161 A', 'Aclimação', 'São Paulo', 'SP', 'Brasil', NULL, '1995-10-17', 'S', 'M', NULL),
(150, '0ea9423531082ec45c1839b2b7bd9136ad5572b8', NULL, '(11) 2628-4027', '', '(11) 95441-1813', 'Larissa Lima Pereira', '379214969', 'Sp', '397.911.268-36', NULL, 'larissa.gatinha012@hotmail.com', 'São Paulo ', '02.566-000', 'Rua Antônio Pinto Vieira', '1060', '', 'Vila Espanhola', 'São Paulo', 'SP', 'Brasil', NULL, '1998-02-13', 'N', 'F', NULL),
(151, '8e4e036c435352fbb4008c1fa014f8118d8cb430', NULL, '(11) 5041-5614', '(11) 3180-3262', '(11) 97133-0853', 'FARID MURAD', '3.169.194-8', 'SSP/SP', '054.013.308-63', NULL, 'faridd@uol.com.br', 'PIRAJUÍ - SP', '04.516-012', 'Avenida Pavão', '825 ', 'Apto 51', 'Indianópolis', 'São Paulo', 'SP', 'Brasil', NULL, '1944-12-16', 'N', 'M', NULL),
(152, NULL, NULL, NULL, NULL, NULL, NULL, NULL, NULL, '432.720.478-16', NULL, NULL, NULL, NULL, NULL, NULL, NULL, NULL, NULL, NULL, NULL, NULL, NULL, NULL, NULL, NULL),
(153, NULL, NULL, NULL, NULL, NULL, NULL, NULL, NULL, '250.148.458-43', NULL, NULL, NULL, NULL, NULL, NULL, NULL, NULL, NULL, NULL, NULL, NULL, NULL, NULL, NULL, NULL),
(154, NULL, NULL, NULL, NULL, NULL, NULL, NULL, NULL, '327.746.148-30', NULL, NULL, NULL, NULL, NULL, NULL, NULL, NULL, NULL, NULL, NULL, NULL, NULL, NULL, NULL, NULL),
(155, NULL, NULL, NULL, NULL, NULL, NULL, NULL, NULL, '429.270.798-70', NULL, NULL, NULL, NULL, NULL, NULL, NULL, NULL, NULL, NULL, NULL, NULL, NULL, NULL, NULL, NULL),
(156, '163609685dd0a747f64247454994a620690403ed', 'a8a6a924bd881800fb5cd089242a6e46', '(11) 2217-9673', '', '(11) 97625-7936', 'Maria Aparecida dos Passos Siqueira', '16465028-3', '28/12/2011', '094.040.428-11', NULL, 'mari.aparecida23@hotmail.com', 'Sao Paulo', '08.253-210', 'Rua Isabel Urbina', '270', 'apto 42a', 'Conjunto Residencial José Bonifácio', 'São Paulo', 'SP', 'Brasil', NULL, '1963-12-23', 'S', 'F', NULL),
(157, 'e61cef92e443c6cc27e0ca73bfbdd302f0293e0b', '8d160e59f96886a4575a2cb429bc821b', '(11) 3991-0359', '', '(11) 99730-6903', 'MAYARA RANGEL ALVES', '383294733', 'SSP', '464.971.748-50', NULL, 'mayarinha.rangel@hotmail.com', 'SÃO PAULO', '02736-010', 'Rua Mestras Pias Filippini', '202', '', 'Parque Monteiro Soares', 'São Paulo', 'SP', 'Brasil', NULL, '1996-09-09', 'S', 'F', NULL),
(158, 'e872233f13267aa0a4b17786f61d9dfc8b3167c1', NULL, '(11) 2309-4707', '(11) 3243-4833', '(11) 98637-4218', 'Bruno Vital e Silva', '257962426', 'SSP', '292.483.758-80', NULL, 'vital.bruno@hotmail.com', 'Brasileira', '01.226-010', 'Rua das Palmeiras', '225', 'Apto 156', 'Vila Buarque', 'São Paulo', 'SP', 'Brasil', NULL, '1982-06-10', 'S', 'M', NULL),
(159, 'fe068651c58146890cbff4b9d307052866135b35', NULL, '(11) 2292-0145', '(11) 2081-9009', '(11) 96552-4525', 'Pedro Vinicius De Souza Dourados Dos Santos', '398712220', 'SÃ£o Paulo', '424.609.368-85', NULL, 'pedrovinicius2502@gmail.com', 'Brasileiro', '03.179-040', 'Rua Vergel', '126', '', 'Água Rasa', 'São Paulo', 'SP', 'Brasil', NULL, '1998-02-25', 'N', 'M', NULL),
(160, NULL, NULL, NULL, NULL, NULL, NULL, NULL, NULL, '326.311.588-06', NULL, NULL, NULL, NULL, NULL, NULL, NULL, NULL, NULL, NULL, NULL, NULL, NULL, NULL, NULL, NULL),
(161, NULL, NULL, NULL, NULL, NULL, NULL, NULL, NULL, '107.037.326-50', NULL, NULL, NULL, NULL, NULL, NULL, NULL, NULL, NULL, NULL, NULL, NULL, NULL, NULL, NULL, NULL),
(162, NULL, NULL, NULL, NULL, NULL, NULL, NULL, NULL, '307.337.108-75', NULL, NULL, NULL, NULL, NULL, NULL, NULL, NULL, NULL, NULL, NULL, NULL, NULL, NULL, NULL, NULL),
(163, NULL, NULL, NULL, NULL, NULL, NULL, NULL, NULL, '130.461.758-09', NULL, NULL, NULL, NULL, NULL, NULL, NULL, NULL, NULL, NULL, NULL, NULL, NULL, NULL, NULL, NULL),
(164, NULL, NULL, NULL, NULL, NULL, NULL, NULL, NULL, '450.147.478-50', NULL, NULL, NULL, NULL, NULL, NULL, NULL, NULL, NULL, NULL, NULL, NULL, NULL, NULL, NULL, NULL),
(165, NULL, 'c50174e75d5dcc9b8c1f685d9a05da8d', NULL, NULL, NULL, NULL, NULL, NULL, '124.540.898-40', NULL, NULL, NULL, NULL, NULL, NULL, NULL, NULL, NULL, NULL, NULL, NULL, NULL, NULL, NULL, NULL),
(166, '82c6f7f291b4b84652fdd49598c6c429a7fb5ed6', NULL, '(11) 3569-5460', '(11) 3229-8355', '(11) 99641-8001', 'MICHEL TABAJUIHANSKI', '15931173-1', 'SSPSP', '111.747.048-29', NULL, 'michel@starblock.com.br', 'BRASILEIRO', '01230000', 'Rua Doutor Albuquerque Lins', '818', '173', 'Santa Cecília', 'São Paulo', 'SP', 'Brasil', NULL, '1967-05-29', 'S', 'M', NULL),
(167, NULL, NULL, NULL, NULL, NULL, NULL, NULL, NULL, '465.011.948-06', NULL, NULL, NULL, NULL, NULL, NULL, NULL, NULL, NULL, NULL, NULL, NULL, NULL, NULL, NULL, NULL),
(168, '4032b36a060536f97af117e875e310fff7fd27f1', NULL, '1123683673', '(11) 3107-6688', '(11) 99658-2019', 'Renata Medeiros Ortiz', '191494719', 'SSP/SP', '185.081.858-47', NULL, 'renata.m.ortiz@gmail.com', 'brasileira', '02373-090', 'Rua Almir de Carvalho ', '100', 'casa 02', 'Vila Albertina', 'São Paulo', 'SP', 'Brasil', NULL, '1973-03-26', 'N', 'F', NULL),
(169, NULL, NULL, NULL, NULL, NULL, NULL, NULL, NULL, '444.605.828-21', NULL, NULL, NULL, NULL, NULL, NULL, NULL, NULL, NULL, NULL, NULL, NULL, NULL, NULL, NULL, NULL),
(170, NULL, NULL, NULL, NULL, NULL, NULL, NULL, NULL, '271.936.228-03', NULL, NULL, NULL, NULL, NULL, NULL, NULL, NULL, NULL, NULL, NULL, NULL, NULL, NULL, NULL, NULL),
(171, '60d7be274143f089eba8ff06447762364b24979d', NULL, '(11) 2468-1119', '', '(11) 98987-0404', 'isabeli da cruz patrao', '39574393x', 'ssp-sp', '470.432.098-70', NULL, 'adana1@terra.com.br', 'sao paulo', '07.114-400', 'Rua Antônio Abude', '19', 'apto32', 'Jardim Barbosa', 'Guarulhos', 'SP', 'Brasil', NULL, '1997-08-22', 'S', 'F', NULL),
(172, 'd2afa2a96685e99bc3a7416140868df316081748', NULL, '(11) 3501-2849', '', '(11) 97989-8539', 'stephanie cardoso', '397648509', 'policia fe', '430.250.438-22', NULL, 'stephaniestrela@hotmail.com', 'São Paulo', '05.641-030', 'Rua Domingos Lopes da Silva', '700 ', 'ap 142. M', 'Vila Suzana', 'São Paulo', 'SP', 'Brasil', NULL, '1997-10-28', 'S', 'F', NULL),
(173, 'e6ea944802e2ee57642d21554eb394f3e66209f5', NULL, '(18) 3222-0567', '', '(18) 99752-2525', 'Luiz eduardo brito locatti tannus', '508914589', 'Ssp sp', '437.206.948-01', NULL, 'luiztannus99@gmail.com', 'Brasileiro', '19.010-062', 'Rua Siqueira Campos', '1123', '', 'Vila Nova', 'Presidente Prudente', 'SP', 'Brasil', NULL, '1995-01-03', 'N', 'M', NULL);
INSERT INTO `proPessoasFisicas` (`id_pessoafisica`, `str_sistema_senha`, `str_sistema_hash`, `str_telefone_residencial`, `str_telefone_comercial`, `str_telefone_celular`, `str_pessoa_nome`, `str_pessoa_rgrne`, `str_pessoa_ssp`, `str_pessoa_cpf`, `str_pessoa_cro`, `str_pessoa_email`, `str_pessoa_naturalde`, `str_endereco_cep`, `str_endereco_logradouro`, `str_endereco_numero`, `str_endereco_complemento`, `str_endereco_bairro`, `str_endereco_cidade`, `str_endereco_estado`, `str_endereco_pais`, `dt_pessoa_registro`, `dt_pessoa_nascimento`, `ch_comunicacao_sms`, `ch_pessoa_sexo`, `ch_comunicacao_email`) VALUES
(174, 'f638e2789006da9bb337fd5689e37a265a70f359', NULL, '(61) 3554-2604', '', '(86) 99970-1962', 'MARIA DA CONCEICAO DA SILVA ARAUJO', '160476', 'SSP-PI', '131.446.183-49', NULL, 'ruizcece@hotmail.com', 'CAMPOMAIORENSE', '72.405-380', 'Quadra Quadra 038', '202', 'CONJUNTO C LOTE 013', 'Setor Central', 'Gama', 'DF', 'Brasil', NULL, '1951-08-17', 'S', 'F', NULL),
(175, '82c1d88a7a5cb1f90b3642fcefb20cb1deaf3d3f', NULL, '(11) 2985-6360', '', '(11) 95311-4686', 'Zany Cileni Limachi', '36.432.706-6', 'SSP', '451.404.048-77', NULL, 'limachi.zc@hotmail.com', 'Brasileira', '03.726-100', 'Rua Augusto Correia Leite', '94', '', 'Engenheiro Goulart', 'São Paulo', 'SP', 'Brasil', NULL, '1996-06-03', 'N', 'F', NULL),
(176, NULL, NULL, NULL, NULL, NULL, NULL, NULL, NULL, '423.163.288-06', NULL, NULL, NULL, NULL, NULL, NULL, NULL, NULL, NULL, NULL, NULL, NULL, NULL, NULL, NULL, NULL),
(177, 'c0156c3b73b265977438a75ad4870a1db22b7aca', NULL, '(11) 3101-5863', '(11) 2155-9388', '(11) 96118-5175', 'patricia maria da silva', '513819593', 'sao paulo', '316.000.838-03', NULL, 'p.t.m.d.s@hotmail.com', 'brasileira', '01.312-000', 'Avenida Nove de Julho', '216', 'ap 125', 'Bela Vista', 'São Paulo', 'SP', 'Brasil', NULL, '1981-12-30', 'S', 'F', NULL),
(178, 'c53223703b86c342bdec6e5cc74b67f086697f6f', NULL, '(11) 9878-8811', '', '(11) 99878-8811', 'Leonardo Ribeiro Lobato Bicalho', '12334524', 'SSP MG', '062.251.186-67', NULL, 'leorlb@hotmail.com', 'Belo Horizonte', '05.021-010', 'Rua Tucuna', '742', 'apto 34', 'Vila Pompeia', 'São Paulo', 'SP', 'Brasil', NULL, '1983-11-07', 'S', 'M', NULL),
(179, 'e95a314139a8c20d8c932233d325c43275e2d7a2', NULL, '(11) 4152-4203', '', '(11) 99909-5790', 'Jessica Fiorelli', '47715296', 'SSP', '407.144.248-46', NULL, 'fiorelli.jessica@gmail.com', 'Brasileira', '04.440-020', 'Rua Três de Maio', '396', 'ap. 111 B', 'Vila Clementino', 'São Paulo', 'SP', 'Brasil', NULL, '1991-08-09', 'S', 'F', NULL),
(180, NULL, NULL, NULL, NULL, NULL, NULL, NULL, NULL, '382.562.338-69', NULL, NULL, NULL, NULL, NULL, NULL, NULL, NULL, NULL, NULL, NULL, NULL, NULL, NULL, NULL, NULL),
(181, 'b74021fecf4643a06a972ec195bc1dcb46f8afef', NULL, '(11) 2539-8788', '', '(11) 99324-5969', 'Robson Rodrigues Freire', '184246295', 'SSP-SP', '129.804.498-73', NULL, 'freire.rr@gmail.com', 'São Paulo', '04.904-200', 'Rua Anhanduí Mirim', '582', '', 'Jardim das Flores', 'São Paulo', 'SP', 'Brasil', NULL, '1969-10-30', 'S', 'M', NULL),
(182, NULL, NULL, NULL, NULL, NULL, NULL, NULL, NULL, '030.126.966-10', NULL, NULL, NULL, NULL, NULL, NULL, NULL, NULL, NULL, NULL, NULL, NULL, NULL, NULL, NULL, NULL),
(183, 'c3ff5ecce096fcc7bc0d84c4f0183087570a35f4', NULL, '(11) 3932-8203', '', '(11) 11111-1111', 'Luiz Cesar da Silva', '19.278.125 - x', 'SSP/SP', '132.169.578-02', NULL, 'luiz654@hotmail.com', 'São Paulo', '02.728-040', 'Rua Ernesto Luis de Oliveira', '180', '', 'Vila Palmeiras', 'São Paulo', 'SP', 'Brasil', NULL, '1969-11-08', 'N', 'M', NULL),
(184, NULL, NULL, NULL, NULL, NULL, NULL, NULL, NULL, '613.666.845-91', NULL, NULL, NULL, NULL, NULL, NULL, NULL, NULL, NULL, NULL, NULL, NULL, NULL, NULL, NULL, NULL),
(185, '8ad4729436338efa06c690f5746fbcb96b322eae', NULL, '(11) 3433-6407', '(11) 9825-7335', '11 982573355', 'FABIO BATISTA LEITE', '19612051-2', 'SSP', '106.394.748-02', NULL, 'fabio@fabioleite.com.br', 'Nova Iguaçu', '06.423-090', 'Rua do Ouvidor, 480 c Rua Araucaria, 152', '480', '', 'Jardim Belval', 'Barueri', 'SP', 'Brasil', NULL, '1969-03-01', 'N', 'M', NULL),
(186, '1eaeebd53f70494262aa9cb7e750d3e12a0f1da8', NULL, '(11) 4323-5196', '', '(11) 98380-4413', 'Alexandre Bogliolo Sirihal', 'M4351144', 'Sspmg', '971.276.986-00', NULL, 'abs23br@gmail.com', 'Belo Horizonte', '04.104-060', 'Rua Artur Sabóia', '205', 'Apartamento 202', 'Paraíso', 'São Paulo', 'SP', 'Brasil', NULL, '1973-02-23', 'S', 'M', NULL),
(187, 'd306aa683dceebb0a5301018092581490ecba043', NULL, '(11) 4167-1415', '(11) 3101-2005', '(11) 95228-3218', 'Fernando Silva Bispo', '372915292', 'SSP', '408.503.308-58', NULL, 'fernandoholiday.mbl@gmail.com', 'Brasileiro', '06.329-240', 'Rua Bom Jardim de Minas', '19', '52A', 'Conjunto Habitacional Presidente Castelo Branco', 'Carapicuíba', 'SP', 'Brasil', NULL, '1996-09-22', 'S', 'M', NULL),
(188, NULL, NULL, NULL, NULL, NULL, NULL, NULL, NULL, '073.535.075-27', NULL, NULL, NULL, NULL, NULL, NULL, NULL, NULL, NULL, NULL, NULL, NULL, NULL, NULL, NULL, NULL),
(189, 'c8645fe8843d7fde458add7fcf2e8bd3cbedfdcc', NULL, '(38) 2909-25', '', '(19) 99890-0898', 'Pedro Tavoni Céglio', '396589996', 'ssp', '460.892.368-45', NULL, 'pedrotavoni@hotmail.com', 'Brasileiro', '13.272-350', 'Rua Campos Salles', '2535', 'casa 83', 'Vila Faustina II', 'Valinhos', 'SP', 'Brasil', NULL, '1998-06-08', 'N', 'M', NULL),
(190, 'b1285d4b43914cc9980ff65d3f54031d0f908e72', NULL, '11965577344', '11965577344', '11965577344', 'Anderson Pereira da Silva', '25702940', 'SSP', '260.856.188-83', NULL, 'andersonpereira1978@hotmail.com', 'Brasileiro ', '02559000', 'Rua Professor Dário Ribeiro', '705', 'Fundos', 'Casa Verde ', 'São Paulo', 'SP', 'Brasil', NULL, '1978-11-17', 'N', 'M', NULL),
(191, NULL, NULL, NULL, NULL, NULL, NULL, NULL, NULL, '124.769.118-79', NULL, NULL, NULL, NULL, NULL, NULL, NULL, NULL, NULL, NULL, NULL, NULL, NULL, NULL, NULL, NULL),
(192, NULL, NULL, NULL, NULL, NULL, NULL, NULL, NULL, '290.322.858-23', NULL, NULL, NULL, NULL, NULL, NULL, NULL, NULL, NULL, NULL, NULL, NULL, NULL, NULL, NULL, NULL),
(193, '746da2c1e9faea1a242eea5ebf78541d88c34fb2', NULL, '(11) 3974-7375', '', '(11) 98666-6631', 'Marcos Estevão Marques Saraiva', '427632080', 'SSP', '417.935.428-48', NULL, 'mesaraiva@hotmail.com', 'brasileiro', '05.145-000', 'Avenida Raimundo Pereira de Magalhães', '1720', 'bloco 5 ap51', 'Jardim Iris', 'São Paulo', 'SP', 'Brasil', NULL, '1994-01-26', 'S', 'M', NULL),
(194, '30c17544ecaabf8347703fd2b55f0880620c257a', NULL, '(13) 3236-5368', '', '(13) 99177-5569', 'Letícia Magenta da Silva Martins ', '499t67353', 'Ssp', '483.907.978-10', NULL, 'lm0895521@gmail.com', 'Santos', '11.035-300', 'Rua Almirante Ernesto de Mello Júnior', '125', 'Porta 1 apto 301', 'Aparecida', 'Santos', 'SP', 'Brasil', NULL, '1997-01-23', 'S', 'F', NULL),
(195, NULL, NULL, NULL, NULL, NULL, NULL, NULL, NULL, '120.776.349-79', NULL, NULL, NULL, NULL, NULL, NULL, NULL, NULL, NULL, NULL, NULL, NULL, NULL, NULL, NULL, NULL),
(196, NULL, NULL, NULL, NULL, NULL, NULL, NULL, NULL, '312.262.968-23', NULL, NULL, NULL, NULL, NULL, NULL, NULL, NULL, NULL, NULL, NULL, NULL, NULL, NULL, NULL, NULL),
(197, 'e2dcc0370c42890c84f9cd26272e57b26aa39315', 'NULL', '(19) 3493-5813', '', '(19) 99818-7849', 'Allyson Rafael de Almeida Gois', '48199015 x', 'SSP', '389.265.428-07', NULL, 'allyson.fael@gmail.com', 'Brasileiro', '01.532-001', 'Castro Alves', '31', 'Bloco C, apto 304', 'Aclimação', 'São Paulo', 'SP', 'Brasil', NULL, '1992-11-05', 'S', 'M', NULL),
(198, '14fff1ace8085c3e4afaf2c4607bce022e21d7f6', NULL, '(14) 3326-1232', '(14) 3326-8889', '(14) 99786-1115', 'roberta rodrigues tempeste jardim', '45343184-7', 'SSP/SP', '397.127.148-02', NULL, 'robertoajardim@uol.com.br', 'OURINHOS', '19.907-575', 'Alameda Perimetral Oeste', '1147', '', 'Loteamento Royal Park', 'Ourinhos', 'SP', 'Brasil', NULL, '1997-02-18', 'S', 'F', NULL),
(199, NULL, NULL, NULL, NULL, NULL, NULL, NULL, NULL, '441.026.438-93', NULL, NULL, NULL, NULL, NULL, NULL, NULL, NULL, NULL, NULL, NULL, NULL, NULL, NULL, NULL, NULL),
(200, '6ceaf7182c621cee0ead963678a3821a60022482', NULL, '(11) 4551-7132', '', '(11) 97328-8875', 'Vanessa Carvalho de Souza', '451457249', 'SSP-SP', '354.977.668-38', NULL, 'vane.souza@live.com', 'Cotia-SP', '06.716-535', 'Rua Servidão', '114', 'casa 2', 'Jardim Sabiá', 'Cotia', 'SP', 'Brasil', NULL, '1997-02-17', 'S', 'F', NULL),
(201, '6105ddbda2f33c1c3702d3058ae5215bf481a8ae', NULL, '(19) 9677-2226', '', '(19) 99677-2226', 'vinicius marchese', '34123915X', 'ssp', '304.423.178-75', NULL, 'viniciusmarchese@gmail.com', 'mogi guaçu', '13.807-840', 'Condomínio Residencial dos Jequitibás', '42', '', 'Condomínio Residencial', 'Mogi Mirim', 'SP', 'Brasil', NULL, '1984-03-09', 'S', 'M', NULL),
(202, '1b7b7561a2f4551b2660323a6eaa473eac7eca9d', NULL, '(11) 9972-0481', '11998472100', '11998472100', 'CLAUDIO JOSE DA SILVA JOSE', '181577434', 'ssp', '104.478.828-30', NULL, 'c.silva1968@ig.com.br', 'Três Rios-RJ', '04.339-000', 'RUA LAS PALMAS,184', '184', 'Casa 02', 'Americanopolis', 'SAO PAULO', 'SP', 'Brasil', NULL, '1968-05-10', 'S', 'M', NULL),
(203, 'f14b11a339586ba02e058372da89150e39adc542', NULL, '(11) 2272-9107', '(11) 2272-9107', '(11) 98732-7334', 'Alda gregorio Piazza', '45002897', 'SSP', '055.891.008-44', NULL, 'Aldapiazza@gmail.com', 'Brasileira', '04.264-010', 'Rua Garcia Velho', '4', '', 'Vila Monumento', 'São Paulo', 'SP', 'Brasil', NULL, '1955-10-13', 'N', 'F', NULL),
(204, '16f604fc68a53995f8587f74bfbf030c823a08bb', '0f88266bf12b38738f14241f71701310', '(61) 3467-5735', '', '(61) 9229-8778', 'Dhayane Silva Abreu ', '2933539', 'Ssp', '049.785.941-62', NULL, 'Butterfly.anni9@gmail.com', 'Brasília Df', '71.596-309', 'Quadra 3 Conjunto C', '44', '', 'Fazendinha (Itapoã)', 'Brasília', 'DF', 'Brasil', NULL, '1993-06-18', 'S', 'F', NULL),
(205, 'c3923186c4c9da9c766af46f22a325cd4677020a', NULL, '(11) 2971-2721', '(11) 2971-2721', '(11) 97095-0404', 'CLAUDIO MELKE DE BARROS PINHEIRO', '50213189-5', 'SSPSP', '228.690.868-06', NULL, 'hmelke@uol.com.br', 'SAO JOAO DA BOA VISTA', '02.022-020', 'Avenida Braz Leme 2550', '2550', '112', 'SANTANA', 'São Paulo', 'SP', 'Brasil', NULL, '1994-12-15', 'S', 'M', NULL),
(206, NULL, NULL, NULL, NULL, NULL, NULL, NULL, NULL, '099.575.659-74', NULL, NULL, NULL, NULL, NULL, NULL, NULL, NULL, NULL, NULL, NULL, NULL, NULL, NULL, NULL, NULL),
(207, NULL, NULL, NULL, NULL, NULL, NULL, NULL, NULL, '228.049.388-83', NULL, NULL, NULL, NULL, NULL, NULL, NULL, NULL, NULL, NULL, NULL, NULL, NULL, NULL, NULL, NULL),
(208, '0477d720adf7c715b04850723531a5fb1bc5334b', NULL, '(11) 2102-0733', '(11) 2102-0733', '(11) 99405-5459', 'Fabio Urban', '20.951.755-4', 'SSP', '251.332.048-41', NULL, 'furban@hotmail.com', 'São Paulo', '04.531-011', 'Rua Pedroso Alvarenga', '631', 'ap. 94', 'Itaim Bibi', 'São Paulo', 'SP', 'Brasil', NULL, '1976-05-10', 'S', 'M', NULL),
(209, 'baeb8e8eae90cc78bacc9106b6e6f0e35838b896', NULL, '(11) 2613-4531', '', '(11) 98019-1991', 'Raquel da Costa Nery', '257557180', 'SSP-SP', '069.134.387-02', NULL, 'nery.raquel@uol.com.br', 'brasileira', '01.226-020', 'Rua Imaculada Conceição', '81', '44 b', 'Vila Buarque', 'São Paulo', 'SP', 'Brasil', NULL, '1974-05-09', 'N', 'F', NULL),
(210, NULL, NULL, NULL, NULL, NULL, NULL, NULL, NULL, '263.698.748-76', NULL, NULL, NULL, NULL, NULL, NULL, NULL, NULL, NULL, NULL, NULL, NULL, NULL, NULL, NULL, NULL),
(211, 'b1396570dc560ded4365a8eb4df0f07acaf7b43c', NULL, '(11) 4051-5329', '', '(11) 94751-0084', 'rosemeire santos', '19174257', 'ssp sp', '080.072.988-94', NULL, 'rssantosmeire@gmail.com', 'sao paulo', '09.910-700', 'Rua São Genaro', '180   ', 'apto  121  bloco A', 'Vila Santa Cecília', 'Diadema', 'SP', 'Brasil', NULL, '1966-02-04', 'N', 'F', NULL),
(212, '000689c8fb481e4a72aaaf155ba5f9e6d07a8c0a', NULL, '1133758817', '1133758817', '(11) 97500-2011', 'Enrico Chiari Citrinite', '398838185', 'ssp/sp', '413.781.758-83', NULL, 'enricochiari05@gmail.com', 'S.Paulo-SP', '05.659-010', 'Rua João Avelino Pinho Mellão', '627', 'apto 121', 'Fazenda Morumbi', 'São Paulo', 'SP', 'Brasil', NULL, '1998-03-13', 'S', 'M', NULL),
(213, NULL, NULL, NULL, NULL, NULL, NULL, NULL, NULL, '477.445.758-22', NULL, NULL, NULL, NULL, NULL, NULL, NULL, NULL, NULL, NULL, NULL, NULL, NULL, NULL, NULL, NULL),
(214, NULL, NULL, NULL, NULL, NULL, NULL, NULL, NULL, '458.981.438-23', NULL, NULL, NULL, NULL, NULL, NULL, NULL, NULL, NULL, NULL, NULL, NULL, NULL, NULL, NULL, NULL),
(215, NULL, NULL, NULL, NULL, NULL, NULL, NULL, NULL, '334.910.908-06', NULL, NULL, NULL, NULL, NULL, NULL, NULL, NULL, NULL, NULL, NULL, NULL, NULL, NULL, NULL, NULL),
(216, '48aa99223bb6a80eed5809674d8a98b44fc9897e', NULL, '(', '', '(11) 986006-217', 'Fabio brito', '26763973', 'Sp', '196.112.148-47', NULL, 'Fabio_brito1412@hotmail.com', 'Bahia', '01.327-000', 'Rua Treze de Maio', '903', '', 'Bela Vista', 'São Paulo', 'SP', 'Brasil', NULL, '1977-01-14', 'S', 'M', NULL),
(217, NULL, NULL, NULL, NULL, NULL, NULL, NULL, NULL, '460.882.288-81', NULL, NULL, NULL, NULL, NULL, NULL, NULL, NULL, NULL, NULL, NULL, NULL, NULL, NULL, NULL, NULL),
(218, NULL, NULL, NULL, NULL, NULL, NULL, NULL, NULL, '212.790.818-05', NULL, NULL, NULL, NULL, NULL, NULL, NULL, NULL, NULL, NULL, NULL, NULL, NULL, NULL, NULL, NULL),
(219, '40bd001563085fc35165329ea1ff5c5ecbdbbeef', NULL, '(12) 3132-1231', '(21) 3132-1321', '(31) 23132-1321', '123', '123', '123', '383.067.937-81', NULL, 'lc.lucascunha@outlook.com', '212313213', '13.087-290', 'Avenida Padre Almeida Garret', '123', '123', 'Parque Taquaral', 'Campinas', 'SP', 'Brasil', NULL, '1145-03-06', 'N', 'M', NULL),
(220, '86ac550bcdc2ff57a969256aeb8a06f1a37e621a', NULL, '(35) 3241-4668', '', '(11) 99831-2758', 'Felipe de Souza Azevedo', '19281716', 'SSP-MG', '122.806.356-74', NULL, 'felipe.azevedo716@gmail.com', 'BRASILEIRO', '01.221-040', 'Rua Maria Borba', '43', '22', 'Vila Buarque', 'São Paulo', 'SP', 'Brasil', NULL, '1994-08-31', 'S', 'M', NULL),
(221, 'ec7117851c0e5dbaad4effdb7cd17c050cea88cb', NULL, '-', '-', '(11) 96081-1110', 'Nicolas Barco Irigoyen', '30037493-8', 'SSP', '392.126.408-18', NULL, 'nbirigoyen@hotmail.com', 'Brasileiro', '04548-000', 'Cardoso de Melo', '123', 'Apto 21', 'Vila Olimpia', 'São Paulo', 'SP', 'Brasil', NULL, '1989-07-31', 'N', 'M', NULL),
(222, 'fb4012e44eefabb1f47e97eaf0804f97acbc829d', NULL, '(11) 2050-1095', '', '(11) 98879-8888', 'Caio teste', '392501879', 'SSP', '443.122.868-33', NULL, 'secretaria@idpsp.edu.br', 'São Paulo', '01.228-200', 'Avenida Angélica', '2190', '', 'Consolação', 'São Paulo', 'SP', 'Brasil', NULL, '1977-05-26', 'N', 'M', NULL),
(223, '75004f149038473757da0be07ef76dd4a9bdbc8d', NULL, '(11) 3782-0321', '', '(11) 99566-1057', 'Keila siqueira de Souza da Fonseca', '416255693', 'IIRGD', '225.297.768-06', NULL, 'Keila_keilinha21@hotmail.com', 'São paulo', '05.572-050', 'Rua Pier Cavalli', '201', '', 'Parque Ipê', 'São Paulo', 'SP', 'Brasil', NULL, '1982-07-18', 'S', 'F', NULL),
(224, '64a29c6a861d83b33fcd53d60967fd4cc933963c', NULL, '(11) 2294-6840', '(11) 2093-1572', '(11) 94254-9226', 'Fabiana albano', '255884254', 'Ssp/sp', '274.611.898-08', NULL, 'Fabialbano@gmail.com', 'São paulo', '03.191-160', 'Rua Amapá', '244', 'Ap154', 'Vila Canero', 'São Paulo', 'SP', 'Brasil', NULL, '1977-12-17', 'S', 'F', NULL),
(225, NULL, NULL, NULL, NULL, NULL, NULL, NULL, NULL, '279.710.608-31', NULL, NULL, NULL, NULL, NULL, NULL, NULL, NULL, NULL, NULL, NULL, NULL, NULL, NULL, NULL, NULL),
(226, '138a460ef6d7fac134e146917292335a9acfdd5f', NULL, '(11) 4169-8053', '', '(11) 6850-0962', 'Iara Domingos de Alencar', '533874749', 'ssp', '424.430.628-56', NULL, 'iara.alencar2009@hotmail.com', 'Brasileira', '06.361-000', 'Rua Ribeirão Branco', '18', 'Casa 1', 'Vila Anunciata', 'Carapicuíba', 'SP', 'Brasil', NULL, '1998-05-21', 'N', 'F', NULL),
(227, 'ac7fbcb2d52c790aceae1e833580a0770b90e3a2', NULL, '(61) 8449-9108', '(61) 8449-9108', '(61) 8449-9108', 'Danilo Varizo Cavalcante', '2.502.198', 'SSPDF', '056.875.911-76', NULL, 'Danilovarizo@hotmail.com', 'Brasilia', '70.273-040', 'Quadra SQS 210 Bloco D', '503', '', 'Asa Sul', 'Brasília', 'DF', 'Brasil', NULL, '1996-10-23', 'N', 'M', NULL),
(228, '73f3ae7257927a1413bd8cdd83becda73ab14b73', NULL, '(11) 1111-1111', '', '(11) 11111-1111', 'Denise Ponciano (teste)', '30.790.527-5', 'SP', '282.515.548-96', NULL, 'denise.ponciano@slmandic.edu.br', 'Campinas', '13.058-000', 'Rua 02', '1', '', 'Centro', 'Campinas', 'SP', 'Brasil', NULL, '1979-06-18', 'N', 'F', NULL),
(229, '7c4a8d09ca3762af61e59520943dc26494f8941b', NULL, '(11) 4169-5678', '', '(11) 99900-0190', 'Helio Fernando Kuperman Idelsohn', '14729393', 'SSP', '143.962.998-69', NULL, 'idelsohn@terra.com.br', 'São Paulo', '06.352-040', 'Rua das Tipoanas', '80', '', 'Terras do Madeira', 'Carapicuíba', 'SP', 'Brasil', NULL, '1969-05-24', 'S', 'M', NULL),
(230, '122276cb2e46b1cd5af6399a8e5d321478bb9748', NULL, '(11) 4554-0856', '', '(11) 99565-1211', 'JULIE LOPES DAMAME', '365925792', 'SSPSP', '220.090.648-01', NULL, 'alecplopes@terra.com.br', 'CAMPINAS', '06.540-085', 'Alameda Nhambiquaras', '114', '', 'Residencial Dez (Alphaville)', 'Santana de Parnaíba', 'SP', 'Brasil', NULL, '1994-06-19', 'S', 'F', NULL),
(231, '18eacd037c9b77fe05bcf9ff793ae86f05467216', NULL, '(12) 3322-4362', '', '(12) 99790-1421', 'Lara Andreoli Iacovino', '52786951X', 'SSP', '470.419.748-47', NULL, 'laraiacovino_@hotmail.com', 'Brasileira', '12.246-015', 'Rua Duilio Panziera', '100', '121', 'Altos do Esplanada ', 'São José dos Campos', 'SP', 'Brasil', NULL, '1997-01-08', 'N', 'F', NULL),
(232, '6263139bd0230b9edd824ede655fe87ad5daf2cd', NULL, '(11) 5921-1415', '', '(11) 98465-6865', 'Bianca Santana Soares', '504519670', 'SP', '388.693.288-56', NULL, 'bianca_santana2607@hotmail.com', 'São Paulo', '04.896-250', 'Rua Bem-te-vi', '97', '', 'Vargem-Grande', 'São Paulo', 'SP', 'Brasil', NULL, '1997-07-26', 'S', 'F', NULL),
(233, 'c0040c54454ac5d3c4c49caf11ff6295d10dbb1f', NULL, '(81) 9656-8844', '(81) 9656-8844', '(81) 98765-3278', 'ANTONIO GABRIEL SANTOS ', '7776414', 'SDS', '076.474.544-12', NULL, 'antoniogabriel1930@hotmail.com', 'RECIFE', '50.080-000', 'Rua Assembléia de Deus', '25', 'CASA', 'Ilha Joana Bezerra', 'Recife', 'PE', 'Brasil', NULL, '1991-09-11', 'S', 'M', NULL),
(234, '2e55e711f2fc9e3bd8de25d0330710a8e86fb42d', NULL, '(11) 2306-4568', '(11) 3372-3592', '(11) 98956-1578', 'Fernando dos Santos Lima', '16474107', 'SSP', '085.197.898-38', NULL, 'fernando.nistico@gmail.com', 'Brasil', '01.225-020', 'Rua Sebastião Pereira', '98', 'ap. 101', 'Vila Buarque', 'São Paulo', 'SP', 'Brasil', NULL, '1967-02-03', 'S', 'M', NULL),
(235, '456d63c7ca9b65abde78f823f3cfacfb0bf499a9', NULL, '(11) 2955-7420', '', '(11) 96643-6895', 'Maria Diniz da Costa Pimentel', '28.097.512=0', 'SSP/SP', '010.274.668-00', NULL, 'maria.diniz@amse.com.br', 'Nova Olinda = CE', '02.185-030', 'Avenida José Maria Fernandes', '714', '', 'Parque Novo Mundo', 'São Paulo', 'SP', 'Brasil', NULL, '1955-03-24', 'S', 'F', NULL),
(236, 'dcf4e653d782fd7aeee73835a89d40f9431463c9', NULL, '(11) 5071-9056', '', '(11) 97310-5927', 'Matheus Paranagua Garcia', '438443688', 'SSP', '339.638.768-67', NULL, 'mparanagua07@gmail.com', 'Brasileiro', '04.312-000', 'Rua Barra do Parateca', '489', '', 'Vila Guarani', 'São Paulo', 'SP', 'Brasil', NULL, '1994-02-07', 'S', 'M', NULL),
(237, NULL, NULL, NULL, NULL, NULL, NULL, NULL, NULL, '013.673.013-27', NULL, NULL, NULL, NULL, NULL, NULL, NULL, NULL, NULL, NULL, NULL, NULL, NULL, NULL, NULL, NULL),
(238, '5c3889d35da16363e637cf61c47b84b5963fdffc', NULL, '(11) 3221-5982', '(11) 2592-5982', '(11) 99191-1496', 'Gabriel da Silva Feitosa Vilar', '263522921', 'SSP/SP', '153.793.568-26', NULL, 'vilar.gabriel@hotmail.com', 'Paulista', '01.224-030', 'Rua Fortunato', '126', 'ap 41', 'Vila Buarque', 'São Paulo', 'SP', 'Brasil', NULL, '1988-11-24', 'S', 'M', NULL),
(239, NULL, NULL, NULL, NULL, NULL, NULL, NULL, NULL, '131.762.198-06', NULL, NULL, NULL, NULL, NULL, NULL, NULL, NULL, NULL, NULL, NULL, NULL, NULL, NULL, NULL, NULL),
(240, NULL, NULL, NULL, NULL, NULL, NULL, NULL, NULL, '287.372.908-27', NULL, NULL, NULL, NULL, NULL, NULL, NULL, NULL, NULL, NULL, NULL, NULL, NULL, NULL, NULL, NULL),
(241, NULL, NULL, NULL, NULL, NULL, NULL, NULL, NULL, '465.297.708-52', NULL, NULL, NULL, NULL, NULL, NULL, NULL, NULL, NULL, NULL, NULL, NULL, NULL, NULL, NULL, NULL),
(242, NULL, NULL, NULL, NULL, NULL, NULL, NULL, NULL, '703.754.824-31', NULL, NULL, NULL, NULL, NULL, NULL, NULL, NULL, NULL, NULL, NULL, NULL, NULL, NULL, NULL, NULL),
(243, NULL, NULL, NULL, NULL, NULL, NULL, NULL, NULL, '140.258.187-44', NULL, NULL, NULL, NULL, NULL, NULL, NULL, NULL, NULL, NULL, NULL, NULL, NULL, NULL, NULL, NULL),
(244, NULL, NULL, NULL, NULL, NULL, NULL, NULL, NULL, '389.976.338-64', NULL, NULL, NULL, NULL, NULL, NULL, NULL, NULL, NULL, NULL, NULL, NULL, NULL, NULL, NULL, NULL),
(245, '0dcc3cc42445680eb0908b2b10b825b6ac5bb7c8', NULL, '(11) 7371-7075', '', '(11) 97371-7075', 'Mariana Clara Hackbarth', '622054089', 'ssp', '085.827.739-51', NULL, 'mari_claragreenjolie@hotmail.com', 'São Francisco do Sul', '08.225-380', 'Avenida Ernesto Souza Cruz', '72', 'casa', 'Cidade Antônio Estevão de Carvalho', 'São Paulo', 'SP', 'Brasil', NULL, '1992-08-17', 'S', 'F', NULL),
(246, NULL, NULL, NULL, NULL, NULL, NULL, NULL, NULL, '151.372.118-69', NULL, NULL, NULL, NULL, NULL, NULL, NULL, NULL, NULL, NULL, NULL, NULL, NULL, NULL, NULL, NULL),
(247, NULL, NULL, NULL, NULL, NULL, NULL, NULL, NULL, '009.169.853-77', NULL, NULL, NULL, NULL, NULL, NULL, NULL, NULL, NULL, NULL, NULL, NULL, NULL, NULL, NULL, NULL),
(248, NULL, NULL, NULL, NULL, NULL, NULL, NULL, NULL, '173.657.528-74', NULL, NULL, NULL, NULL, NULL, NULL, NULL, NULL, NULL, NULL, NULL, NULL, NULL, NULL, NULL, NULL),
(249, 'b32aa97ac1e7f46d351c278d22d31cb35c7ae7cc', NULL, '(11) 2598-9205', '', '(19) 98702-8678', 'Felipe Augusto Tedeschi Lintz', '41317665-4', 'SSP', '408.586.438-63', NULL, 'felipelintz95@gmail.com', 'Brasileiro', '08.737-010', 'Avenida Bento do Sacramento', '464', '', 'Vila Lavinia', 'Mogi das Cruzes', 'SP', 'Brasil', NULL, '1995-05-08', 'S', 'M', NULL),
(250, '1e612b61e79f70cdbb7a0f24b58ce69f49ef736d', NULL, '(11) 2947-6236', '', '(11) 94747-5966', 'Ana Paula Guerra', '335397669', 'SSP', '306.441.798-30', NULL, 'Ana.guerra@br.nestle.com', 'Guarulhos', '04.257-145', 'Rua ', '663', '', 'Parque Fongaro ', 'São Paulo', 'SP', 'Brasil', NULL, '1981-05-15', 'S', 'F', NULL),
(251, NULL, NULL, NULL, NULL, NULL, NULL, NULL, NULL, '894.696.826-53', NULL, NULL, NULL, NULL, NULL, NULL, NULL, NULL, NULL, NULL, NULL, NULL, NULL, NULL, NULL, NULL),
(252, '7d027bab2cc169fadcbec24f731b1f142c369cec', NULL, '(11) 3865-8102', '(11) 3113-8037', '(11) 97319-5874', 'Diogo Frizzo de Medeiros', '324610002', 'SSPSP', '213.653.228-66', NULL, 'diogofrizzo@hotmail.com', 'São Paulo', '05.435-010', 'Rua Senador César Lacerda Vergueiro', '494', 'Apto 11', 'Sumarezinho', 'São Paulo', 'SP', 'Brasil', NULL, '1980-02-29', 'S', 'M', NULL),
(253, '53894393ffa475a6b52c7bf941477b5cddd1aa60', NULL, '(11) 3858-2149', '(11) 3066-8300', '(11) 97391-0576', 'Maria Inês da Silva', '9.157.023-2', 'SSP', '954.930.268-72', NULL, 'misilva@saude.sp.gov.br', 'Bandeirantes - Paraná', '02.533-000', 'Rua Doutor Gabriel Covelli', '416', 'C/2', 'Parque Peruche', 'São Paulo', 'SP', 'Brasil', NULL, '1953-01-11', 'S', 'F', NULL),
(254, NULL, NULL, NULL, NULL, NULL, NULL, NULL, NULL, '436.687.748-11', NULL, NULL, NULL, NULL, NULL, NULL, NULL, NULL, NULL, NULL, NULL, NULL, NULL, NULL, NULL, NULL),
(255, NULL, NULL, NULL, NULL, NULL, NULL, NULL, NULL, '162.867.288-99', NULL, NULL, NULL, NULL, NULL, NULL, NULL, NULL, NULL, NULL, NULL, NULL, NULL, NULL, NULL, NULL),
(256, 'ff2d972b366a0dce3304beff5b272793aa027767', NULL, '(11) 5524-8118', '(11) 5686-6600', '(11) 95330-9674', 'raimundo luis nascimento rodrigues', '99707482', 'sspp', '694.565.938-00', NULL, 'raimundoluis@ig.com.br', 'itajuipe ba', '04.654-000', 'Rua Manuel Murguia', '12', 'sobrado', 'Vila São Paulo', 'São Paulo', 'SP', 'Brasil', NULL, '1950-09-08', 'N', 'M', NULL),
(257, 'fe48b2e8cef690020d17f4f6e88f43115dfc6030', 'fd25f14f8bab623ca8b00b793af6c017', '(61) 3264-8691', '', '(61) 98255-2062', 'Victoria Rachel Lima Santos', '3.051.851', '19-02-2009', '039.687.621-85', NULL, 'vitoriarachel.lima@hotmail.com', 'Brasileira ', '72.318-120', 'Quadra QR 404 Conjunto 18', '61982552', '', 'Samambaia Norte', 'Samambaia', 'DF', 'Brasil', NULL, '1999-05-19', 'S', 'F', NULL),
(258, NULL, NULL, NULL, NULL, NULL, NULL, NULL, NULL, '393.334.328-33', NULL, NULL, NULL, NULL, NULL, NULL, NULL, NULL, NULL, NULL, NULL, NULL, NULL, NULL, NULL, NULL),
(259, NULL, NULL, NULL, NULL, NULL, NULL, NULL, NULL, '068.661.275-21', NULL, NULL, NULL, NULL, NULL, NULL, NULL, NULL, NULL, NULL, NULL, NULL, NULL, NULL, NULL, NULL),
(260, 'd75bbb8fc8dadf95e47b5a5ec78dcf0dd671dd2a', NULL, '(11) 8468-6153', '', '(11) 8468-6153', 'maria de fatima luiz perera', '380864768', 'ssp', '458.673.053-68', NULL, 'mrfatima_goorts@hotmail.com', 'brejo santo ', '04.015-011', 'Rua Joaquim Távora', '586', '', 'Vila Mariana', 'São Paulo', 'SP', 'Brasil', NULL, '1970-09-26', 'N', 'F', NULL),
(261, 'abf9dbf4518070b950ecb907f38bfc61064028bb', NULL, '(15) 3233-2538', '(15) 9917-9836', '(15) 99179-8363', 'Pedro Henrique Coelho Cussiol', '396016984', 'ssp', '482.908.678-59', NULL, 'pedrocussiol@gmail.com', 'sorocaba', '18.046-687', 'Rua Montanham', '101', '101', 'Jardim Eltonville ', 'Sorocaba', 'SP', 'Brasil', NULL, '1997-09-21', 'S', 'M', NULL),
(262, '9eacffbeaa4a844a96c7ad40ac7a44fc7b49d015', NULL, '(12) 3663-2145', '', '(12) 99648-9948', 'Marcelo Rosa Bueno de Souza', '521788736', 'ssp', '433.298.388-25', NULL, 'marcelorbueno95@hotmail.com', 'Campos do jordao', '12.460-000', ' Rua do campo', '895', 'Proximo ao fojo', 'Santa Adelaide', 'Campos do Jordão', 'SP', 'Brasil', NULL, '1995-10-23', 'S', 'M', NULL),
(263, NULL, NULL, NULL, NULL, NULL, NULL, NULL, NULL, '073.818.949-98', NULL, NULL, NULL, NULL, NULL, NULL, NULL, NULL, NULL, NULL, NULL, NULL, NULL, NULL, NULL, NULL),
(264, NULL, NULL, NULL, NULL, NULL, NULL, NULL, NULL, '488.496.788-78', NULL, NULL, NULL, NULL, NULL, NULL, NULL, NULL, NULL, NULL, NULL, NULL, NULL, NULL, NULL, NULL),
(265, 'e89476846b2b8504714e512fd0f52917639f742f', 'NULL', '(11) 7188-9829', '', '(11) 97188-9829', 'Claudia Fernanda Camargo Ramos Salgretti', '437678313', 'SSP', '374.731.118-09', NULL, 'clau_fernanda@hotmail.com', 'Brasileira', '04.402-030', 'Rua João Luis de Campos', '187', '', 'Vila Marari', 'São Paulo', 'SP', 'Brasil', NULL, '1987-08-13', 'S', 'F', NULL),
(266, NULL, NULL, NULL, NULL, NULL, NULL, NULL, NULL, '266.460.188-12', NULL, NULL, NULL, NULL, NULL, NULL, NULL, NULL, NULL, NULL, NULL, NULL, NULL, NULL, NULL, NULL),
(267, NULL, NULL, NULL, NULL, NULL, NULL, NULL, NULL, '282.604.078-25', NULL, NULL, NULL, NULL, NULL, NULL, NULL, NULL, NULL, NULL, NULL, NULL, NULL, NULL, NULL, NULL),
(268, NULL, NULL, NULL, NULL, NULL, NULL, NULL, NULL, '320.385.768-58', NULL, NULL, NULL, NULL, NULL, NULL, NULL, NULL, NULL, NULL, NULL, NULL, NULL, NULL, NULL, NULL),
(269, '1cbb942544cbfbc179402c9743d150faa67b5140', NULL, '(19) 3862-7933', '(19) 3814-1044', '(19) 99922-0012', 'LUIS GUSTAVO ANTUNES STUPP', '42.198.133-7', 'SSPSP', '327.258.878-79', NULL, 'rbbschiavon@ig.com.br', 'MOGI MIRIM  - SP ', '13.803-812', 'RUA RITA AURORA ANTONIO  BUENO, ', '08', '', 'Parque Real', 'Mogi-Mirim', 'SP', 'Brasil', NULL, '1984-02-04', 'N', 'M', NULL),
(270, 'abb77262a3f10981f5e3430b40b87fd87e762650', NULL, '(11) 2092-4271', '(11) 2092-4271', '(11) 976208-818', 'Gabriel Leandro Silva', '528778365', 'SSP/SP', '480.565.088-56', NULL, 'gabriel.leandro99@gmail.com', 'São Paulo', '03.407-100', 'Rua Antonia Soveral, 64 a', '64', 'A', 'Tatuapé', 'São Paulo', 'SP', 'Brasil', NULL, '1999-07-17', 'N', 'M', NULL),
(271, NULL, NULL, NULL, NULL, NULL, NULL, NULL, NULL, '416.523.028-67', NULL, NULL, NULL, NULL, NULL, NULL, NULL, NULL, NULL, NULL, NULL, NULL, NULL, NULL, NULL, NULL),
(272, NULL, NULL, NULL, NULL, NULL, NULL, NULL, NULL, '460.939.728-52', NULL, NULL, NULL, NULL, NULL, NULL, NULL, NULL, NULL, NULL, NULL, NULL, NULL, NULL, NULL, NULL),
(273, '48c63ebe503b6f372311a86bca12e5fa4c996657', NULL, '(11) 7976-2599', '', '(11) 97976-2599', 'Rosangela Yokoyama Brito', '28991740', 'SSP', '270.263.368-43', NULL, 'rosangelay@yahoo.com.br', 'São Paulo', '03.129-110', 'Rua Marquês de Praia Grande', '540', 'Ap 43A', 'Vila Prudente', 'São Paulo', 'SP', 'Brasil', NULL, '1980-01-12', 'S', 'F', NULL),
(274, NULL, NULL, NULL, NULL, NULL, NULL, NULL, NULL, '303.894.628-10', NULL, NULL, NULL, NULL, NULL, NULL, NULL, NULL, NULL, NULL, NULL, NULL, NULL, NULL, NULL, NULL),
(275, NULL, NULL, NULL, NULL, NULL, NULL, NULL, NULL, '338.132.908-16', NULL, NULL, NULL, NULL, NULL, NULL, NULL, NULL, NULL, NULL, NULL, NULL, NULL, NULL, NULL, NULL),
(276, 'c98de1a9fbdae129f1cbd0f711717b5a3c0f687b', NULL, '(11) 4685-6588', '', '(11) 98356-4926', 'Patricio Michel Rodrigues Da Silva', '367554902', 'SSP', '368.779.148-30', NULL, 'patriciojdc@gmail.com', 'Pernambuco', '06.786-570', 'Rua Louveira', '68', 'CASA', 'Jardim Comunitário', 'Taboão da Serra', 'SP', 'Brasil', NULL, '1994-05-08', 'S', 'M', NULL),
(277, '2dc63a1ec2f8ddd0f4cc4f700a6af45f53b45a14', NULL, '(11) 2961-2543', '', '(11) 99126-3667', 'Wanderson Sousa Dutra', '436076445', 'SSP', '426.338.048-70', NULL, 'wandersonsousasp@hotmail.com', 'São Paulo', '08.451-420', 'Rua Manuel da Mota Coutinho', '433', '', 'Lageado', 'São Paulo', 'SP', 'Brasil', NULL, '1995-08-30', 'S', 'M', NULL),
(278, NULL, NULL, NULL, NULL, NULL, NULL, NULL, NULL, '448.743.058-57', NULL, NULL, NULL, NULL, NULL, NULL, NULL, NULL, NULL, NULL, NULL, NULL, NULL, NULL, NULL, NULL),
(279, '3a3f55efd622d2a998bcf30b849a487e1114f0a0', NULL, '(11) 4371-5119', '11946887953', '11946887953', 'Lucas Santos da silva', '475714660', 'SÃ£o Paulo', '232.115.498-54', NULL, 'Lucasethais24012015@gmail.com', 'São paulo', '03576-180', 'Rua: Datileira', 'N 99', 'Casa ', 'Jardim Santa maria ', 'São paulo', 'SP', 'Brasil', NULL, '1994-12-20', 'S', 'M', NULL),
(280, NULL, NULL, NULL, NULL, NULL, NULL, NULL, NULL, '276.057.338-95', NULL, NULL, NULL, NULL, NULL, NULL, NULL, NULL, NULL, NULL, NULL, NULL, NULL, NULL, NULL, NULL),
(281, '1cd51e9e633a4ca76f4347d41c73feba9880dd24', NULL, '(11) 3101-9381', '', '(11) 98189-8331', 'Roberto Vieira Jupi', '34275385x', 'ssp', '267.909.508-18', NULL, 'betopaulista@globo.com', 'brasileira', '03.225-010', 'Rua Ribeirópolis', '532', '01-101', 'Vila Independência', 'São Paulo', 'SP', 'Brasil', NULL, '1978-03-16', 'S', 'M', NULL),
(282, NULL, NULL, NULL, NULL, NULL, NULL, NULL, NULL, '484.921.128-32', NULL, NULL, NULL, NULL, NULL, NULL, NULL, NULL, NULL, NULL, NULL, NULL, NULL, NULL, NULL, NULL),
(283, 'aa30ab7a4e24b76cdbd442e9697712000ebfd410', NULL, '(11) 3497-4565', '(11) 4232-9306', '(11) 98543-7243', 'Gustavo Nunes da Silva', '505060012', 'secretaria', '475.858.128-25', NULL, 'Gustanunesva@gmail.com', 'São Paulo', '09.570-030', 'Rua Luís Fiorotti', '906', '', 'Olímpico', 'São Caetano do Sul', 'SP', 'Brasil', NULL, '1999-05-15', 'S', 'M', NULL),
(284, '8a105eb36a35698597c9fbbf55af38fe035913e6', NULL, '(00) 0000-0000', '(11) 3608-7645', '(11) 98499-0859', 'José Weslley Amaral Bitencourt da Silva', '421724146', 'SSP', '414.480.408-92', NULL, 'josewesabsdeus@hotmail.com', 'Brasileiro', '06.445-500', 'Avenida Attilio Tolaini', '95', 'Casa 8', 'Vila do Conde ', 'Barueri', 'SP', 'Brasil', NULL, '1994-08-26', 'S', 'M', NULL),
(285, '3c4e861fbe3e2c86d2da876d7719cef1684f227b', NULL, '(11) 3562-0355', '(11) 3884-1263', '(11) 97370-7228', 'Cezar Katsumi Hirashima', '251012578', 'ssp', '153.646.508-98', NULL, 'cezarkatsumi@hotmail.com', 'Brasília-DF', '01.307-001', 'Rua Frei Caneca', '11', 'ap 11', 'Consolação', 'São Paulo', 'SP', 'Brasil', NULL, '1976-10-25', 'S', 'M', NULL),
(286, '7110eda4d09e062aa5e4a390b0a572ac0d2c0220', NULL, '(11) 2955-8587', '(11) 2050-0195', '(11) 99505-5532', 'Juliana Xavier de Souza', '30998853-6', 'ssp sp', '281.432.748-88', NULL, 'juli.xavier.souza@hotmail.com', 'São Paulo', '02.117-000', 'Rua Andaraí', '124', '', 'Vila Maria Baixa', 'São Paulo', 'SP', 'Brasil', NULL, '1980-04-23', 'N', 'F', NULL),
(287, NULL, NULL, NULL, NULL, NULL, NULL, NULL, NULL, '490.633.798-89', NULL, NULL, NULL, NULL, NULL, NULL, NULL, NULL, NULL, NULL, NULL, NULL, NULL, NULL, NULL, NULL),
(288, NULL, NULL, NULL, NULL, NULL, NULL, NULL, NULL, '104.086.188-17', NULL, NULL, NULL, NULL, NULL, NULL, NULL, NULL, NULL, NULL, NULL, NULL, NULL, NULL, NULL, NULL),
(289, NULL, NULL, NULL, NULL, NULL, NULL, NULL, NULL, '652.188.925-72', NULL, NULL, NULL, NULL, NULL, NULL, NULL, NULL, NULL, NULL, NULL, NULL, NULL, NULL, NULL, NULL),
(290, NULL, NULL, NULL, NULL, NULL, NULL, NULL, NULL, '407.750.788-08', NULL, NULL, NULL, NULL, NULL, NULL, NULL, NULL, NULL, NULL, NULL, NULL, NULL, NULL, NULL, NULL),
(291, NULL, NULL, NULL, NULL, NULL, NULL, NULL, NULL, '093.775.608-37', NULL, NULL, NULL, NULL, NULL, NULL, NULL, NULL, NULL, NULL, NULL, NULL, NULL, NULL, NULL, NULL),
(292, '7c4a8d09ca3762af61e59520943dc26494f8941b', 'NULL', '(12) 3132-1312', '(12) 3123-2132', '(32) 13123-3131', 'Teste Flavio', '44adasd', 'SPSP', '427.792.888-92', NULL, 'flavio.medeiros@slmandic.edu.br', '2131232131231', '13.101-431', 'Rua Floresta', '238', 'fsdfsdfsdf', 'Jardim Andorinhas', 'Campinas', 'SP', 'Brasil', NULL, '1997-08-03', 'N', 'M', NULL),
(293, '7110eda4d09e062aa5e4a390b0a572ac0d2c0220', '974b47739804e61f49cfaae560e3c6f8', '(11) 1111-1111', '', '(11) 1111-1111', 'Teste de inscrição', '11111111.1', 'SS', '149.932.038-88', NULL, 'patnovaes@hotmail.com', 'campinas', '13.330-000', 'rua testes', '11', '', 'sadasdasd', 'Indaiatuba', 'SP', 'Brasil', NULL, '1987-11-11', 'N', 'F', NULL),
(294, '652b32fd4fe511b12c506293031c0519d2415aee', NULL, '(11) 5524-2125', '(11) 5524-2125', '(11) 95197-6482', 'estevao da silva nogueira gomes', '54144195-0', 'ssp/sp', '011.101.911-70', NULL, 'esgomes777@gmail.com', 'rio de janeiro', '03.014-000', 'Avenida Celso Garcia', '308 ', 'ap 13', 'Brás', 'São Paulo', 'SP', 'Brasil', NULL, '1988-07-08', 'S', 'M', NULL),
(295, '937bfaea6b875d17a48b0e4b499c346e56c4ca1c', NULL, '(11) 5972-6483', '(11) 5527-3994', '(11) 97298-6981', 'Bruna Silva Santos', '501212759', 'SSP/SP', '463.510.368-44', NULL, 'bru99@live.com', 'Brasileira', '04.693-130', 'Rua Manuel Figueiredo Landim', '600', 'Apto. 181 Diamante', 'Jardim Campo Grande', 'São Paulo', 'SP', 'Brasil', NULL, '1999-07-01', 'N', 'F', NULL),
(296, NULL, NULL, NULL, NULL, NULL, NULL, NULL, NULL, '130.084.906-11', NULL, NULL, NULL, NULL, NULL, NULL, NULL, NULL, NULL, NULL, NULL, NULL, NULL, NULL, NULL, NULL),
(297, NULL, NULL, NULL, NULL, NULL, NULL, NULL, NULL, '032.450.605-80', NULL, NULL, NULL, NULL, NULL, NULL, NULL, NULL, NULL, NULL, NULL, NULL, NULL, NULL, NULL, NULL),
(298, 'c872ac4179af438f4d18b6dc4d1d09974d106df1', NULL, '(11) 4121-9316', '(11) 4056-1166', '(11) 96735-5040', 'Amanda Soares Napolitano Nacagawa', '503628487', 'SSP/SP', '446.017.338-71', NULL, 'as.napolitano99@gmail.com', 'S.PAULO-SP', '09.770-580', 'Rua Brasília Tondi de Lima', '268', '', 'Jardim Wallace Simonsen', 'São Bernardo do Campo', 'SP', 'Brasil', NULL, '1999-03-04', 'S', 'F', NULL),
(299, NULL, NULL, NULL, NULL, NULL, NULL, NULL, NULL, '225.051.458-57', NULL, NULL, NULL, NULL, NULL, NULL, NULL, NULL, NULL, NULL, NULL, NULL, NULL, NULL, NULL, NULL),
(300, '7e55ab5a50456898f590e5e7d97a794592a645bc', NULL, '(11) 2769-8562', '', '(11) 96421-2343', 'Marcelo Araujo Simões', '386031241', 'SSP-SP', '416.658.468-52', NULL, 'celoasimoes@hotmail.com', 'Santos/SP', '04.146-050', 'Rua General Chagas Santos', '285', '31', 'Vila da Saúde', 'São Paulo', 'SP', 'Brasil', NULL, '1993-04-12', 'N', 'M', NULL),
(301, NULL, NULL, NULL, NULL, NULL, NULL, NULL, NULL, '387.247.898-28', NULL, NULL, NULL, NULL, NULL, NULL, NULL, NULL, NULL, NULL, NULL, NULL, NULL, NULL, NULL, NULL),
(302, '6f3f1e4d28ff11e2e2539b344215b91ce6151a8b', NULL, '(11) 3909-9263', '', '(11) 97049-7097', 'Rodrigo Ferreira Nascimento', '399273402', 'SSP', '475.772.128-57', NULL, 'rfnascim@gmail.com', 'Brasileira', '05.174-300', 'Rua Sebastião de Pina', '497', '', 'Jardim Regina', 'São Paulo', 'SP', 'Brasil', NULL, '1999-08-22', 'S', 'M', NULL),
(303, '7c4a8d09ca3762af61e59520943dc26494f8941b', 'NULL', '(11) 1111-1111', '(', '(11) 1111-1111', 'Patricia', '226772585', 'asd', '211.886.538-49', NULL, 'patnovaes@hotmail.com', '223123123', '13.335-330', 'Rua Tupi', '333', 'teste', 'Vila Maria', 'Indaiatuba', 'SP', 'Brasil', NULL, '1972-11-09', 'N', 'F', NULL),
(304, NULL, NULL, NULL, NULL, NULL, NULL, NULL, NULL, '555.278.805-28', NULL, NULL, NULL, NULL, NULL, NULL, NULL, NULL, NULL, NULL, NULL, NULL, NULL, NULL, NULL, NULL),
(305, '23d45862e3d3debec26993bc0853f807fa6e9417', NULL, '(11) 3781-0770', '', '(11) 98232-3544', 'Willians Calazans de Vasconcelos de Melo', '405459385', 'SSP', '230.504.278-76', NULL, 'willians.calazans@hotmail.com', 'Osasco', '05.584-050', 'Rua Roberto Robinson', '45', '', 'Jardim Boa Vista(Zona Oeste)', 'São Paulo', 'SP', 'Brasil', NULL, '1988-02-21', 'S', 'M', NULL),
(306, '2e5fe8cab2057e3e118f698b00ff35a4d731c089', NULL, '(11) 4638-9477', '(11) 4640-2201', '(98) 633-5443', 'Nivaldo Aparecido do Nascimento', '21035287-5', 'SSP', '230.280.698-06', NULL, 'nivaldoaparecido25@gmail.com', 'Sã Paulo', '08.554-080', 'Rua Assis', '635', 'Casa', 'Cidade Kemel', 'Poá', 'SP', 'Brasil', NULL, '1967-07-14', 'S', 'M', NULL),
(307, '5c06ff0eab2a4db718fda7f3bed74ac625f301b0', NULL, '(11) 6543-8184', '', '(11) 96543-8184', 'Rebeca Oliveira Alves', '449645587', 'SSP', '367.661.308-22', NULL, 'rebis_alves@hotmail.com', 'Brasileira', '03.051-000', 'Rua Hipódromo ', '666', 'casa 8', 'brás', 'São Paulo', 'SP', 'Brasil', NULL, '1988-09-26', 'N', 'F', NULL),
(308, '9916b9434b2fd363617ec87a340ee74466c5e159', NULL, '(11) 7272-7838', '(11) 7372-7378', '(11) 94064-0578', 'Debora Lourenço da Silva', '50.786.429-3', 'SÃ£o Paulo', '416.260.348-00', NULL, 'deboralourencodebora@gmail.com', 'São Paulo-SP', '05.661-050', 'Rua Itajubaquara', 'ParaisÃ³', '', 'Paraisópolis', 'São Paulo', 'SP', 'Brasil', NULL, '1997-03-21', 'S', 'F', NULL),
(309, '358fbe26b54595ee99fb26a5a39f560209c9d5d3', NULL, '(11) 4361-0090', '', '(11) 95658-1051', 'Vitória Alice de Oliveira Bolsoni', '397822133', 'Secretaria', '432.665.018-45', NULL, 'alicebolsoni@bol.com.br', 'Brasileira', '09.894-000', 'Rua Henrique Dias', '87', 'casa', 'Chácara Sergipe', 'São Bernardo do Campo', 'SP', 'Brasil', NULL, '1999-12-04', 'N', 'F', NULL),
(310, 'dcb7e76068c12f3852e87b7a643d8f6fa70c5220', NULL, '(11) 2307-8341', '', '(11) 2307-8341', 'Sarah de Souza Ferro', '370490113', 'RepÃºblica', '450.232.878-23', NULL, 'sferro234@gmail.com', 'Brasileira', '02.475-002', 'Avenida Direitos Humanos', '2586', '2586', 'Mandaqui', 'São Paulo', 'SP', 'Brasil', NULL, '1998-01-13', 'N', 'F', NULL),
(311, '7deaf7ba0ab94f0b2e7827fb7e48310eb2f2e5eb', NULL, '(11) 2212-8129', '(11) 2538-7434', '(11) 5239-4047', 'Brenda ', '52814859x', 'sp', '475.660.308-41', NULL, 'brendamenezes99@gmail.com', 'brasileira', '02.252-000', 'Rua Mata Redonda', '515', '', 'Vila Nivi', 'São Paulo', 'SP', 'Brasil', NULL, '1999-04-22', 'S', 'F', NULL),
(312, 'f1064f587863b98383e5affb9988b9532513d3dc', NULL, '(11) 5632-1053', '', '(11) 96214-3507', 'Lucas Vieira Pimentel Da Rocha Pita', '38.682.652-3', 'ssp', '465.407.658-19', NULL, 'lkspita@gmail.com', 'Brasileiro', '04.674-150', 'Rua Moacir Simões da Rocha', '454', 'apt111a', 'Jardim Itapeva', 'São Paulo', 'SP', 'Brasil', NULL, '1997-10-20', 'N', 'M', NULL),
(313, NULL, NULL, NULL, NULL, NULL, NULL, NULL, NULL, '131.685.908-86', NULL, NULL, NULL, NULL, NULL, NULL, NULL, NULL, NULL, NULL, NULL, NULL, NULL, NULL, NULL, NULL),
(314, 'd13320d009ae0147df2926e9ffc5a7e345588c21', NULL, '(11) 4057-1901', '', '(11) 94254-2051', 'Leticia Rodrigues Medeiros ', '523195441', 'SÃ£o Paulo', '469.141.438-03', NULL, 'leticia.r.m.09@hotmail.com', 'brasileira', '09.990-020', 'Rua Piratininga', '536', 'Bloco 06 apto 51 ', 'Jardim Maria Helena', 'Diadema', 'SP', 'Brasil', NULL, '1999-01-16', 'S', 'F', NULL),
(315, '40bd001563085fc35165329ea1ff5c5ecbdbbeef', NULL, '(11', '', '11', 'PATRICIA', '22', '1', '436.317.214-20', NULL, 'patnovaes@hotmail.com', 'f', '11.111-111', ' ', '0', '', 's ', 's', 'RR', 'Brasil', NULL, '1500-01-15', 'N', 'F', NULL),
(316, '7c4a8d09ca3762af61e59520943dc26494f8941b', NULL, '(12', '(1', '11', 'Teste de inscrição', '11111111.1', '1', '581.344.732-61', NULL, 'patnovaes@hotmail.com', '1', '1', ' 1', '1', '', '1', '1', 'PR', 'Brasil', NULL, '1911-11-11', 'N', 'F', NULL),
(317, '92baa17bad10563d892f9b140719241bb45d5f70', NULL, '(11) 3955-1291', '', '(11) 96388-7790', 'César Santana Couzem', '39.025.349-2', 'SSP', '475.154.528-03', NULL, 'cesarcouzen@gmail.com', 'Brasileiro', '02.565-040', 'Rua Aristides Jofre', '117', 'Casa', 'Casa Verde Alta', 'São Paulo', 'SP', 'Brasil', NULL, '1999-04-23', 'S', 'M', NULL),
(318, '11d4c99fb60d8451d71b0b24b9410928e4d4cff9', NULL, '(11) 2758-0930', '', '(11) 98295-9734', 'Lucas Gomes Barbosa', '468727139', 'SSP', '469.943.988-89', NULL, 'lucasgb36@hotmail.com', 'Brasileiro', '09.895-400', 'Avenida Dom Jaime de Barros Câmara', '825', 'Bl:D, ap:31', 'Planalto', 'São Bernardo do Campo', 'SP', 'Brasil', NULL, '1997-01-14', 'N', 'M', NULL),
(319, NULL, NULL, NULL, NULL, NULL, NULL, NULL, NULL, '255.582.009-44', NULL, NULL, NULL, NULL, NULL, NULL, NULL, NULL, NULL, NULL, NULL, NULL, NULL, NULL, NULL, NULL),
(320, '97d6e792692cb1325a464bd2b0fc09509145698b', NULL, '(26) 4049-75', '', '(11) 96747-0676', 'Fernanda Regina Della Capa Novais', '299664132', 'ssp', '262.585.418-95', NULL, 'fernandareginadellacapa@yahoo.com.br', 'sap paulo', '03.257-180', 'Rua Pascoal Ranieri Mazzilli', 'vila men', 'apto 33 blco 12', 'Vila Mendes', 'São Paulo', 'SP', 'Brasil', NULL, '1979-03-21', 'S', 'F', NULL),
(321, 'aaf8d15642550be9be890cf9314739823551e1d8', NULL, '(11) 2231-1577', '', '(11) 99191-4360', 'Vitória Maffei Conegundes de Souza', '37143808-1', 'SSP/SP', '467.857.558-83', NULL, 'ruiconegundes@superig.com.br', 'São Paulo', '02.418-020', 'Rua Francisco Ataide', '32', '', 'Parque Mandaqui', 'São Paulo', 'SP', 'Brasil', NULL, '1997-04-15', 'S', 'F', NULL),
(322, '25e5fa0615c66d87777beacd09539658ec1a236f', NULL, '(11) 4437-2050', '(11) 9987-7448', '(11) 99794-0053', 'Vittor Milanesio monteggia', '38884270-2', 'Sp', '451.344.018-02', NULL, 'Milanesiocarla@ig.com', 'São bernardo', '09.090-050', 'Rua das Caneleiras', '520', '22', 'Jardim', 'Santo André', 'SP', 'Brasil', NULL, '1997-12-27', 'N', 'M', NULL),
(323, 'df27dad7e439360bbb8cc262721241ae9b012ea1', NULL, '(11) 5812-6073', '', '(11) 9631-9441', 'Daniel Moraes', '524500241', 'SP', '435.193.758-00', NULL, 'Danmoressp@outlook.com', 'Brasileiro', '05.853-370', 'Rua Oratório de Natal', '92', '', 'Jardim Duprat', 'São Paulo', 'SP', 'Brasil', NULL, '1995-10-27', 'N', 'M', NULL),
(324, '6b7b74496af5aecb9e6156a0e49304857700f372', NULL, '(11) 3530-3432', '', '(11) 98474-1005', 'Amanda Rettig Barbieri', '55528079-2', 'SSP/SP', '486.017.298-19', NULL, 'amandarettig99@gmail.com', 'Brasil', '03.088-000', 'Rua Arnaldo Cintra', '416', 'T2 Ap 121', 'Vila Moreira', 'São Paulo', 'SP', 'Brasil', NULL, '1999-11-29', 'N', 'F', NULL),
(325, '4dd358fa6de471d8db19a65a5c68a818753f57e6', NULL, '(99) 3046-3', '', '(99) 9-2222', 'Mônica', '2222', 'ssp/sp', '088.658.858-82', NULL, 'monica.orsolini@slmandic.edu.br', 'asiatica', '13.021-085', ' ', '1', '', '1', 'campinas', 'PR', 'Brasil', NULL, '1901-01-01', 'N', 'F', NULL),
(326, NULL, NULL, NULL, NULL, NULL, NULL, NULL, NULL, '457.275.028-96', NULL, NULL, NULL, NULL, NULL, NULL, NULL, NULL, NULL, NULL, NULL, NULL, NULL, NULL, NULL, NULL),
(327, '7c4a8d09ca3762af61e59520943dc26494f8941b', NULL, '(00) 0000-0000', '(00) 0000-0000', '(00) 000000000-', 'flavio teste', 'teste', 'teste', '684.354.006-62', NULL, 'flavio.medeiros@slmandic.edu.br', 'Brasileiro', '19.392-948', 'rua junqueira', '2898', '', 'ponte preta', 'campinas', 'SP', 'Brasil', NULL, '1997-08-03', 'N', 'M', NULL),
(328, '356a192b7913b04c54574d18c28d46e6395428ab', NULL, '(11', '(11', '11', 'p', '1', '1', '327.576.868-95', NULL, 'patnovaes@hotmail.com', '11', '13.335-330', 'Rua Tupi', '1', '', 'Vila Maria', 'Indaiatuba', 'SP', 'Brasil', NULL, '1977-11-09', 'N', 'F', NULL),
(329, '7610bae85f2b530654cc716772f1fe653373e892', NULL, '(11) 3628-4217', '', '(11) 99208-6839', 'ivan theodoro de souza nascimento', '36649952x', 'Sao paulo', '399.401.238-41', NULL, 'ivan_tsn@hotmail.com', 'sao paulo', '04.676-011', 'Rua Monsenhor Alfredo Pereira Sampaio', '350', 'casa', 'Vila São Pedro', 'São Paulo', 'SP', 'Brasil', NULL, '1991-07-07', 'N', 'M', NULL),
(330, '2da61a7d503add5d52685426e2cc177e2797d5ae', NULL, '(11) 3284-0668', '', '(11) 98136-5865', 'Erika Jang', '38154927', 'ssps', '477.388.408-89', NULL, 'erikajang1703@gmail.com', 'Sao paulo', '01.333-011', 'Rua Cincinato Braga', '511', '91', 'Bela Vista', 'São Paulo', 'SP', 'Brasil', NULL, '1998-04-29', 'N', 'F', NULL),
(331, NULL, NULL, NULL, NULL, NULL, NULL, NULL, NULL, '390.079.668-80', NULL, NULL, NULL, NULL, NULL, NULL, NULL, NULL, NULL, NULL, NULL, NULL, NULL, NULL, NULL, NULL),
(332, NULL, NULL, NULL, NULL, NULL, NULL, NULL, NULL, '311.449.791-88', NULL, NULL, NULL, NULL, NULL, NULL, NULL, NULL, NULL, NULL, NULL, NULL, NULL, NULL, NULL, NULL),
(333, '0c106b27d1ba8291e2963fb8953279e62a98ba75', NULL, '(11) 4253-1446', '', '(11) 98200-8963', 'vera lucia rodrigues morais lopes', '374467365', 'ssp-sp', '582.487.224-49', NULL, 'vera.convenios@hotmail.com', 'Serra Branca', '09.990-220', 'Rua Érico Veríssimo', '201', 'ap14a bloco 28', 'Parque Real', 'Diadema', 'SP', 'Brasil', NULL, '1968-01-30', 'S', 'F', NULL);

-- --------------------------------------------------------

--
-- Estrutura da tabela `proProcessos`
--

CREATE TABLE `proProcessos` (
  `id_processo` int(11) NOT NULL,
  `num_processo_ano` int(11) DEFAULT NULL,
  `str_processo_semestre` varchar(250) NOT NULL,
  `num_primeirainscricao` int(11) NOT NULL,
  `num_vencimentopadrao` tinyint(4) DEFAULT NULL,
  `val_valorinscricao` float DEFAULT NULL,
  `val_valorinscricao_opcao` float DEFAULT '0',
  `str_processo_nome` varchar(150) DEFAULT NULL,
  `str_processo_apelido` varchar(150) DEFAULT NULL,
  `str_processo_site` varchar(150) DEFAULT NULL,
  `str_responsavel_nome` varchar(150) DEFAULT NULL,
  `str_responsavel_email` varchar(150) DEFAULT NULL,
  `str_responsavel_telefone` varchar(14) DEFAULT NULL,
  `str_banco_codigo` varchar(15) DEFAULT NULL,
  `str_banco_agencia` varchar(15) DEFAULT NULL,
  `str_banco_conta` varchar(15) DEFAULT NULL,
  `str_banco_conta_dv` varchar(5) DEFAULT NULL,
  `str_banco_carteira` varchar(15) DEFAULT NULL,
  `str_cedente_razaosocial` varchar(150) DEFAULT NULL,
  `str_cedente_identificacao` varchar(150) DEFAULT NULL,
  `str_cedente_cpfcnpj` varchar(25) DEFAULT NULL,
  `str_cedente_endereco` varchar(150) DEFAULT NULL,
  `str_cedente_cidade` varchar(150) DEFAULT NULL,
  `str_cedente_estado` varchar(150) DEFAULT NULL,
  `str_imagem_topo` varchar(45) DEFAULT NULL,
  `str_imagem_chamada` varchar(45) DEFAULT NULL,
  `str_imagem_boleto` varchar(45) DEFAULT NULL,
  `str_boleto_instrucao_linha1` varchar(500) DEFAULT NULL,
  `str_boleto_instrucao_linha2` varchar(500) DEFAULT NULL,
  `str_boleto_instrucao_linha3` varchar(500) DEFAULT NULL,
  `str_boleto_instrucao_linha4` varchar(500) DEFAULT NULL,
  `str_boleto_demonstrativo_linha1` varchar(500) DEFAULT NULL,
  `str_boleto_demonstrativo_linha2` varchar(500) DEFAULT NULL,
  `str_boleto_demonstrativo_linha3` varchar(500) DEFAULT NULL,
  `str_mensagem_email_assunto` varchar(150) DEFAULT NULL,
  `str_arquivo_manual` varchar(45) DEFAULT NULL,
  `str_arquivo_portaria` varchar(80) NOT NULL,
  `str_arquivo_edital` varchar(80) NOT NULL,
  `str_nome_portaria` varchar(50) NOT NULL,
  `str_nome_edital` varchar(50) NOT NULL,
  `dt_liberacao_prova` datetime NOT NULL,
  `dt_liberacao_gabarito` datetime NOT NULL,
  `dt_liberacao_local` datetime NOT NULL,
  `dt_inscricao_inicio` datetime DEFAULT NULL,
  `dt_inscricao_fim` datetime DEFAULT NULL,
  `dt_divulgacaoResultado` datetime DEFAULT NULL,
  `dt_vencimento_maximo` datetime DEFAULT NULL,
  `txt_mensagem_email_corpo` text,
  `txt_mensagem_email_copias` text,
  `txt_mensagem_inscricao_ficha` text,
  `txt_mensagem_inscricao_termos` text,
  `txt_mensagem_inscricao_confirmacao` text,
  `txt_mensagem_inscricao_agradecimento` text,
  `txt_processo_descricao` text,
  `txt_processo_endereco` text,
  `txt_processo_endereco_referencia` text,
  `ch_situacao` char(1) NOT NULL DEFAULT 'A'
) ENGINE=InnoDB DEFAULT CHARSET=utf8;

--
-- Extraindo dados da tabela `proProcessos`
--

INSERT INTO `proProcessos` (`id_processo`, `num_processo_ano`, `str_processo_semestre`, `num_primeirainscricao`, `num_vencimentopadrao`, `val_valorinscricao`, `val_valorinscricao_opcao`, `str_processo_nome`, `str_processo_apelido`, `str_processo_site`, `str_responsavel_nome`, `str_responsavel_email`, `str_responsavel_telefone`, `str_banco_codigo`, `str_banco_agencia`, `str_banco_conta`, `str_banco_conta_dv`, `str_banco_carteira`, `str_cedente_razaosocial`, `str_cedente_identificacao`, `str_cedente_cpfcnpj`, `str_cedente_endereco`, `str_cedente_cidade`, `str_cedente_estado`, `str_imagem_topo`, `str_imagem_chamada`, `str_imagem_boleto`, `str_boleto_instrucao_linha1`, `str_boleto_instrucao_linha2`, `str_boleto_instrucao_linha3`, `str_boleto_instrucao_linha4`, `str_boleto_demonstrativo_linha1`, `str_boleto_demonstrativo_linha2`, `str_boleto_demonstrativo_linha3`, `str_mensagem_email_assunto`, `str_arquivo_manual`, `str_arquivo_portaria`, `str_arquivo_edital`, `str_nome_portaria`, `str_nome_edital`, `dt_liberacao_prova`, `dt_liberacao_gabarito`, `dt_liberacao_local`, `dt_inscricao_inicio`, `dt_inscricao_fim`, `dt_divulgacaoResultado`, `dt_vencimento_maximo`, `txt_mensagem_email_corpo`, `txt_mensagem_email_copias`, `txt_mensagem_inscricao_ficha`, `txt_mensagem_inscricao_termos`, `txt_mensagem_inscricao_confirmacao`, `txt_mensagem_inscricao_agradecimento`, `txt_processo_descricao`, `txt_processo_endereco`, `txt_processo_endereco_referencia`, `ch_situacao`) VALUES
(1, 2016, '1° Semestre', 16010001, 3, NULL, NULL, 'Processo seletivo vestibular 2016 - 1° Semestre', 'Vestibular 2016 <br/>1° Semestre', 'http://www.idpsp.edu.br/vestibular', 'Comissão de Vestibular', 'vestibular@idpsp.edu.br', '(61) 3535-6565', '341', '6393', '04951', NULL, '175', 'SOCIEDADE JURIDICA DE ENSINO LTDA', 'SOCIEDADE JURIDICA DE ENSINO LTDA', '13.323.436/0001-63', 'Avenida Liberdade, 532 - Bairro Liberdade, São Paulo/SP', 'São Paulo', 'São Paulo', NULL, NULL, NULL, '1. Não receber após o vencimento', '2. Número de Inscrição: {numero-da-inscricao}', '3. Documentos a apresentar conforme indicação da Portaria/Edital', '', NULL, NULL, NULL, 'Vestibular 2016 - 1º semestre  - Inscrição {numero-da-inscricao}', '0cb4956afabe82389f41cb564c67407fa14e24d0.pdf', '', '0cb4956afabe82389f41cb564c67407fa14e24d0.pdf', '', '01/2016', '0000-00-00 00:00:00', '0000-00-00 00:00:00', '0000-00-00 00:00:00', '2015-12-01 00:00:00', '2016-02-21 12:00:00', '2016-02-26 17:00:00', '2016-02-21 12:00:00', '<p>Prezado(a) Candidato(a) <strong>{nome-do-inscrito}</strong>,</p>\n<p>Sua pr&eacute;-inscri&ccedil;&atilde;o para o processo seletivo vestibular 2016 - 1&deg; Semestre foi efetuada com sucesso.</p>\n<p>N&uacute;mero de inscri&ccedil;&atilde;o: <strong><span style="font-size: medium;">{numero-da-inscricao}</span></strong></p>\n<p>Para que essa pr&eacute;-inscri&ccedil;&atilde;o seja efetivada, voc&ecirc; dever&aacute; emitir o boleto gerado no final do cadastro e efetuar o pagamento em qualquer ag&ecirc;ncia banc&aacute;ria at&eacute; a data do vencimento. Somente ap&oacute;s a confirma&ccedil;&atilde;o do recebimento pelo banco, sua inscri&ccedil;&atilde;o ser&aacute; confirmada.</p>\n<p>Para consultar suas informa&ccedil;&otilde;es cadastrais, resultados e se houver necessidade de gerar uma segunda via de boleto, acesse o site e procure pela &Aacute;rea do Inscrito.</p>\n<p>Utilize seu CPF como login e a senha cadastrada.</p>\n<p><br /> Desejamos a voc&ecirc; boa sorte.</p>\n<p><span>Atenciosamente,</span></p>\n<p><span>Comiss&atilde;o de Vestibular 2016<br />vestibular@idpsp.edu.br</span></p>\n<p><span style="font-size: 13.5pt; font-family: \'Times New Roman\', serif;"><a href="http://www.idpsp.edu.br/vestibular" target="_blank">http://www.idpsp.edu.br/vestibular</a></span></p>', 'desenvolvimento@slmandic.edu.br', NULL, '<p><strong>PREZADO COORDENADOR DE GRADUA&Ccedil;&Atilde;O:</strong></p>\r\n<p>Venho atrav&eacute;s desta requerer a minha inscri&ccedil;&atilde;o no processo &nbsp;seletivo vestibular 2016 - 1&deg; Semestre, no Curso de Gradua&ccedil;&atilde;o em Direito e declaro que me reconhe&ccedil;o respons&aacute;vel pelas informa&ccedil;&otilde;es fornecidas.</p>\r\n<p>Declaro, ainda, que a formaliza&ccedil;&atilde;o e conclus&atilde;o da inscri&ccedil;&atilde;o implica em concordar e aceitar as normas e condi&ccedil;&otilde;es constantes do Edital 01/2015, a qual li, concordo e aceito, bem como o recolhimento das taxas designadas.</p>\r\n<p>Reconhe&ccedil;o que n&atilde;o ser&aacute; aceita mais de uma inscri&ccedil;&atilde;o por candidato, que n&atilde;o haver&aacute; segunda op&ccedil;&atilde;o na escolha do curso e que n&atilde;o haver&aacute; revis&atilde;o e nem vista das provas aplicadas e, ainda, que estou ciente de que a responsabilidade pela corre&ccedil;&atilde;o e veracidade das informa&ccedil;&otilde;es preenchidas na ficha de inscri&ccedil;&atilde;o &eacute; exclusivamente minha, de modo que todas as informa&ccedil;&otilde;es constantes das etiquetas indicativas e demais documentos relativos ao processo ser&atilde;o produzidos pelo sistema a partir das informa&ccedil;&otilde;es por mim preenchidas.</p>', NULL, '<p><strong><span>Prezado(a) Candidato(a) {nome-do-inscrito},</span></strong></p>\r\n<p><span>Sua inscri&ccedil;&atilde;o para o processo seletivo vestibular 2016 - 1&deg; Semestre&nbsp;foi efetuada com sucesso.</span></p>\r\n<p><span>N&uacute;mero de inscri&ccedil;&atilde;o:</span><span>&nbsp;</span><strong><span>{numero-da-inscricao}</span></strong></p>\r\n<p><span>Voc&ecirc; dever&aacute; emitir o boleto e efetuar o pagamento via internet ou em qualquer ag&ecirc;ncia banc&aacute;ria.<span> Sua inscri&ccedil;&atilde;o ser&aacute; efetivada somente ap&oacute;s a compensa&ccedil;&atilde;o do pagamento&nbsp;da taxa correspondente</span>.</span></p>\r\n<p><span>Para visualizar e imprimir o boleto, utilize o link abaixo:</span></p>\r\n<p><span>{link-do-boleto}</span></p>\r\n<p><span>Um e-mail foi enviado para {email-do-inscrito} contendo informa&ccedil;&otilde;es para consultas posteriores. <span>Se houver necessidade de gerar uma segunda via de boleto, acesse o site&nbsp;</span></span><span><a href="http://www.slmandic.edu.br/vestibular">http://www.idpsp.edu.br/vestibular</a>&nbsp;</span><span>e procure pela &Aacute;rea do Inscrito.</span></p>\r\n<p><span>Atenciosamente,</span></p>\r\n<p><span>Comiss&atilde;o de Vestibular 2016<br />vestibular@idpsp.edu.br</span></p>', 'Vestibular 2016 da Faculdade IDP/SP.', NULL, NULL, 'I'),
(2, 2016, '2° Semestre', 16500001, 3, NULL, NULL, 'Processo seletivo vestibular 2016 - 2° Semestre', 'Vestibular 2016 <br/>2° Semestre', 'http://www.idpsp.edu.br/vestibular', 'Comissao de Vestibular', 'vestibular@idpsp.edu.br', '(11) 2050-0195', '341', '6393', '16041', '8', '109', 'SOCIEDADE JURIDICA DE ENSINO LTDA', 'SOCIEDADE JURIDICA DE ENSINO LTDA', '13.323.436/0001-63', 'Avenida Liberdade, 532 - Bairro Liberdade, São Paulo/SP', 'São Paulo', 'São Paulo', NULL, NULL, NULL, '1. Não receber após o vencimento', '2. Número de Inscrição: {numero-da-inscricao}', '3. Documentos a apresentar conforme indicação da Portaria/Edital', '', NULL, NULL, NULL, 'Vestibular 2016 - Segundo semestre  - Inscricao {numero-da-inscricao}', 'b1efdb5b935eb2c38aa5ad6eef886a569d939287.pdf', '', 'b1efdb5b935eb2c38aa5ad6eef886a569d939287.pdf', '', '02/2016', '0000-00-00 00:00:00', '0000-00-00 00:00:00', '0000-00-00 00:00:00', '2016-06-01 00:00:00', '2016-08-20 23:59:00', '0000-00-00 00:00:00', '2016-08-20 23:59:00', '<p>Prezado(a) Candidato(a) <strong>{nome-do-inscrito}</strong>,</p>\r\n<p>Sua pr&eacute;-inscri&ccedil;&atilde;o para o processo seletivo vestibular 2016 - 2&deg; Semestre foi efetuada com sucesso.</p>\r\n<p>N&uacute;mero de inscri&ccedil;&atilde;o: <strong><span style="font-size: medium;">{numero-da-inscricao}</span></strong></p>\r\n<p>Para que essa pr&eacute;-inscri&ccedil;&atilde;o seja efetivada, voc&ecirc; dever&aacute; emitir o boleto gerado no final do cadastro e efetuar o pagamento em qualquer ag&ecirc;ncia banc&aacute;ria at&eacute; a data do vencimento. Somente ap&oacute;s a confirma&ccedil;&atilde;o do recebimento pelo banco, sua inscri&ccedil;&atilde;o ser&aacute; confirmada.</p>\r\n<p>Ap&oacute;s a confirma&ccedil;&atilde;o da inscri&ccedil;&atilde;o, a comiss&atilde;o do vestibular entrar&aacute; em contato para agendar a prova.</p>\r\n<p>Para consultar suas informa&ccedil;&otilde;es cadastrais, resultados e se houver necessidade de gerar uma segunda via de boleto, acesse o site e procure pela &Aacute;rea do Inscrito.</p>\r\n<p>Utilize seu CPF como login e a senha cadastrada.</p>\r\n<p><br /> Desejamos a voc&ecirc; boa sorte.</p>\r\n<p><span>Atenciosamente,</span></p>\r\n<p><span>Comiss&atilde;o de Vestibular 2016<br />vestibular@idpsp.edu.br</span></p>\r\n<p><span style="font-size: 13.5pt; font-family: \'Times New Roman\', serif;"><a href="http://www.idpsp.edu.br/vestibular" target="_blank">http://www.idpsp.edu.br/vestibular</a></span></p>', '', NULL, '<p><strong>PREZADO COORDENADOR DE GRADUA&Ccedil;&Atilde;O:</strong></p>\r\n<p>Venho atrav&eacute;s desta requerer a minha inscri&ccedil;&atilde;o no processo &nbsp;seletivo vestibular 2016 - 2&deg; Semestre, no Curso de Gradua&ccedil;&atilde;o em Direito e declaro que me reconhe&ccedil;o respons&aacute;vel pelas informa&ccedil;&otilde;es fornecidas.</p>\r\n<p>Declaro, ainda, que a formaliza&ccedil;&atilde;o e conclus&atilde;o da inscri&ccedil;&atilde;o implica em concordar e aceitar as normas e condi&ccedil;&otilde;es constantes do Edital 02/2016, a qual li, concordo e aceito, bem como o recolhimento das taxas designadas.</p>\r\n<p>Reconhe&ccedil;o que n&atilde;o ser&aacute; aceita mais de uma inscri&ccedil;&atilde;o por candidato, que n&atilde;o haver&aacute; segunda op&ccedil;&atilde;o na escolha do curso e que n&atilde;o haver&aacute; revis&atilde;o e nem vista das provas aplicadas e, ainda, que estou ciente de que a responsabilidade pela corre&ccedil;&atilde;o e veracidade das informa&ccedil;&otilde;es preenchidas na ficha de inscri&ccedil;&atilde;o &eacute; exclusivamente minha, de modo que todas as informa&ccedil;&otilde;es constantes das etiquetas indicativas e demais documentos relativos ao processo ser&atilde;o produzidos pelo sistema a partir das informa&ccedil;&otilde;es por mim preenchidas.</p>', NULL, '<p><strong><span>Prezado(a) Candidato(a) {nome-do-inscrito},</span></strong></p>\r\n<p><span>Sua inscri&ccedil;&atilde;o para o processo seletivo vestibular 2016 - 2&deg; Semestre&nbsp;foi efetuada com sucesso.</span></p>\r\n<p><span>N&uacute;mero de inscri&ccedil;&atilde;o:</span><span>&nbsp;</span><strong><span>{numero-da-inscricao}</span></strong></p>\r\n<p><span>Voc&ecirc; dever&aacute; emitir o boleto e efetuar o pagamento via internet ou em qualquer ag&ecirc;ncia banc&aacute;ria.<span> Sua inscri&ccedil;&atilde;o ser&aacute; efetivada somente ap&oacute;s a compensa&ccedil;&atilde;o do pagamento&nbsp;da taxa correspondente</span>.</span></p>\r\n<p><span>Ap&oacute;s a confirma&ccedil;&atilde;o da inscri&ccedil;&atilde;o, a comiss&atilde;o do vestibular entrar&aacute; em contato para agendar a prova.</span></p>\r\n<p><span>Para visualizar e imprimir o boleto, utilize o link abaixo:</span></p>\r\n<p><span>{link-do-boleto}</span></p>\r\n<p><span>Um e-mail foi enviado para {email-do-inscrito} contendo informa&ccedil;&otilde;es para consultas posteriores. <span>Se houver necessidade de gerar uma segunda via de boleto, acesse o site&nbsp;</span></span><span><a href="http://www.slmandic.edu.br/vestibular">http://www.idpsp.edu.br/vestibular</a>&nbsp;</span><span>e procure pela &Aacute;rea do Inscrito.</span></p>\r\n<p><span>Atenciosamente,</span></p>\r\n<p><span>Comiss&atilde;o de Vestibular 2016<br />vestibular@idpsp.edu.br</span></p>', 'Vestibular 2016 da Faculdade IDP/SP.', NULL, NULL, 'I'),
(3, 2017, '1° Semestre', 17000001, 3, NULL, NULL, 'Processo seletivo vestibular 2017 - 1° Semestre', 'Vestibular 2017 <br/>1° Semestre', 'http://www.idpsp.edu.br/vestibular', 'Comissao de Vestibular', 'vestibular@idpsp.edu.br', '(11) 2050-0195', '341', '6393', '16041', '8', '109', 'SOCIEDADE JURIDICA DE ENSINO LTDA', 'SOCIEDADE JURIDICA DE ENSINO LTDA', '13.323.436/0001-63', 'Avenida Liberdade, 532 - Bairro Liberdade, São Paulo/SP', 'São Paulo', 'São Paulo', NULL, NULL, NULL, '1. Não receber após o vencimento', '2. Número de Inscrição: {numero-da-inscricao}', '3. Documentos a apresentar conforme indicação da Portaria/Edital', '', NULL, NULL, NULL, 'Vestibular 2017 - Primeiro semestre  - Inscricao {numero-da-inscricao}', 'Manual do Cand Vesti 2017 IDPSP.docx', '', 'Edital Vestibular 2017 IDPSP.pdf', '', '01/2017', '0000-00-00 00:00:00', '0000-00-00 00:00:00', '0000-00-00 00:00:00', '2016-08-22 00:00:00', '2016-10-20 23:59:00', '0000-00-00 00:00:00', '2016-10-23 23:59:00', '<p>Prezado(a) Candidato(a) <strong>{nome-do-inscrito}</strong>,</p>\n<p>Sua pr&eacute;-inscri&ccedil;&atilde;o para o processo seletivo vestibular 2017 - 1&deg; Semestre foi efetuada com sucesso.</p>\n<p>N&uacute;mero de inscri&ccedil;&atilde;o: <strong><span style="font-size: medium;">{numero-da-inscricao}</span></strong></p>\n<p>Para que essa pr&eacute;-inscri&ccedil;&atilde;o seja efetivada, voc&ecirc; dever&aacute; emitir o boleto gerado no final do cadastro e efetuar o pagamento em qualquer ag&ecirc;ncia banc&aacute;ria at&eacute; a data do vencimento. Somente ap&oacute;s a confirma&ccedil;&atilde;o do recebimento pelo banco, sua inscri&ccedil;&atilde;o ser&aacute; confirmada.</p>\n<p>Para consultar suas informa&ccedil;&otilde;es cadastrais, resultados e se houver necessidade de gerar uma segunda via de boleto, acesse o site e procure pela &Aacute;rea do Inscrito.</p>\n<p>Utilize seu CPF como login e a senha cadastrada.</p>\n<p><br /> Desejamos a voc&ecirc; boa sorte.</p>\n<p><span>Atenciosamente,</span></p>\n<p><span>Comiss&atilde;o de Vestibular 2017<br />vestibular@idpsp.edu.br</span></p>\n<p><span style="font-size: 13.5pt; font-family: \'Times New Roman\', serif;"><a href="http://www.idpsp.edu.br/vestibular" target="_blank">http://www.idpsp.edu.br/vestibular</a></span></p>', '', NULL, '<p><strong>PREZADO COORDENADOR DE GRADUA&Ccedil;&Atilde;O:</strong></p>\r\n<p>Venho atrav&eacute;s desta requerer a minha inscri&ccedil;&atilde;o no processo &nbsp;seletivo vestibular 2017 - 1&deg; Semestre, no Curso de Gradua&ccedil;&atilde;o em Direito e declaro que me reconhe&ccedil;o respons&aacute;vel pelas informa&ccedil;&otilde;es fornecidas.</p>\r\n<p>Declaro, ainda, que a formaliza&ccedil;&atilde;o e conclus&atilde;o da inscri&ccedil;&atilde;o implica em concordar e aceitar as normas e condi&ccedil;&otilde;es constantes do Edital 01/2017, a qual li, concordo e aceito, bem como o recolhimento das taxas designadas.</p>\r\n<p>Reconhe&ccedil;o que n&atilde;o ser&aacute; aceita mais de uma inscri&ccedil;&atilde;o por candidato, que n&atilde;o haver&aacute; segunda op&ccedil;&atilde;o na escolha do curso e que n&atilde;o haver&aacute; revis&atilde;o e nem vista das provas aplicadas e, ainda, que estou ciente de que a responsabilidade pela corre&ccedil;&atilde;o e veracidade das informa&ccedil;&otilde;es preenchidas na ficha de inscri&ccedil;&atilde;o &eacute; exclusivamente minha, de modo que todas as informa&ccedil;&otilde;es constantes das etiquetas indicativas e demais documentos relativos ao processo ser&atilde;o produzidos pelo sistema a partir das informa&ccedil;&otilde;es por mim preenchidas.</p>', NULL, '<p><strong><span>Prezado(a) Candidato(a) {nome-do-inscrito},</span></strong></p>\n<p><span>Sua inscri&ccedil;&atilde;o para o processo seletivo vestibular 2017 - 1&deg; Semestre&nbsp;foi efetuada com sucesso.</span></p>\n<p><span>N&uacute;mero de inscri&ccedil;&atilde;o:</span><span>&nbsp;</span><strong><span>{numero-da-inscricao}</span></strong></p>\n<p><span>Voc&ecirc; dever&aacute; emitir o boleto e efetuar o pagamento via internet ou em qualquer ag&ecirc;ncia banc&aacute;ria.<span> Sua inscri&ccedil;&atilde;o ser&aacute; efetivada somente ap&oacute;s a compensa&ccedil;&atilde;o do pagamento&nbsp;da taxa correspondente</span>.</span></p>\n<p><span>Ap&oacute;s a confirma&ccedil;&atilde;o da inscri&ccedil;&atilde;o, a comiss&atilde;o do vestibular entrar&aacute; em contato para agendar a prova.</span></p>\n<p><span>Para visualizar e imprimir o boleto, utilize o link abaixo:</span></p>\n<p><span>{link-do-boleto}</span></p>\n<p><span>Um e-mail foi enviado para {email-do-inscrito} contendo informa&ccedil;&otilde;es para consultas posteriores. <span>Se houver necessidade de gerar uma segunda via de boleto, acesse o site&nbsp;</span></span><span><a href="http://www.slmandic.edu.br/vestibular">http://www.idpsp.edu.br/vestibular</a>&nbsp;</span><span>e procure pela &Aacute;rea do Inscrito.</span></p>\n<p><span>Atenciosamente,</span></p>\n<p><span>Comiss&atilde;o de Vestibular 2017<br />vestibular@idpsp.edu.br</span></p>', 'Vestibular 2017 da Faculdade IDP/SP.', NULL, NULL, 'A');

-- --------------------------------------------------------

--
-- Estrutura da tabela `proQuestAlternativas`
--

CREATE TABLE `proQuestAlternativas` (
  `id_qsealternativa` int(11) NOT NULL,
  `id_qsepergunta` int(11) DEFAULT NULL,
  `str_alternativa` varchar(255) DEFAULT NULL,
  `num_posicao` int(11) DEFAULT NULL,
  `ch_descricao` char(2) DEFAULT 'R',
  `ch_situacao` char(1) NOT NULL DEFAULT 'A'
) ENGINE=InnoDB AVG_ROW_LENGTH=153 DEFAULT CHARSET=utf8;

--
-- Extraindo dados da tabela `proQuestAlternativas`
--

INSERT INTO `proQuestAlternativas` (`id_qsealternativa`, `id_qsepergunta`, `str_alternativa`, `num_posicao`, `ch_descricao`, `ch_situacao`) VALUES
(1, 1, 'Ter um bom emprego e ser bem remunerado.', NULL, 'R', 'A'),
(2, 1, 'Ter formação profissional voltada para o trabalho.', NULL, 'R', 'A'),
(3, 1, 'Ter uma formação intelectual mais ampla.', NULL, 'R', 'A'),
(4, 1, 'Ter uma vivência em pesquisa.', NULL, 'R', 'A'),
(5, 1, 'Outro motivo. Qual?', NULL, 'RS', 'A'),
(6, 2, 'Não.', NULL, 'R', 'A'),
(7, 2, 'Sim, mas abandonarei caso passe neste vestibular.', NULL, 'R', 'A'),
(8, 2, 'Sim, se aprovado neste vestibular, conciliarei os dois.', NULL, 'R', 'A'),
(9, 2, 'Sim, mas ainda não sei se vou continuar cursando.', NULL, 'R', 'A'),
(10, 3, 'Não.', NULL, 'R', 'A'),
(11, 3, 'Sim. Em qual Curso?', NULL, 'RS', 'A'),
(12, 4, 'Não.', NULL, 'R', 'A'),
(13, 4, 'Sim. Em qual área?', NULL, 'RS', 'A'),
(14, 4, 'Estou concluindo. Em qual área?', NULL, 'RS', 'I'),
(15, 5, 'Advogado no setor privado.', NULL, 'R', 'A'),
(16, 5, 'Advogado no setor público.', NULL, 'R', 'A'),
(17, 5, 'Juiz.', NULL, 'R', 'A'),
(18, 5, 'Promotor.', NULL, 'R', 'A'),
(19, 5, 'Nenhuma.', NULL, 'R', 'A'),
(20, 5, 'Outra. Qual?', NULL, 'RS', 'A'),
(21, 6, 'Conversa com pessoas do família.', NULL, 'R', 'A'),
(22, 6, 'Indicação de amigos.', NULL, 'R', 'A'),
(23, 6, 'Indicação de profissionais da área.', NULL, 'R', 'A'),
(24, 6, 'Orientações de pessoas da escola/cursinho.', NULL, 'R', 'A'),
(25, 6, 'Visita à instituição.', NULL, 'R', 'A'),
(26, 6, 'Informações divulgadas na mídia.', NULL, 'R', 'A'),
(27, 6, 'Outro motivo. Qual?', NULL, 'RS', 'A'),
(28, 7, 'É o curso de que eu gosto e pretendo seguir carreira.', NULL, 'R', 'A'),
(29, 7, 'É uma profissão que tem um bom mercado de trabalho.', NULL, 'R', 'A'),
(30, 7, 'Seus profissionais têm prestígio social e são bem remunerados.', NULL, 'R', 'A'),
(31, 7, 'É uma profissão que permite fazer algo para melhorar as condições sociais da população.', NULL, 'R', 'A'),
(32, 7, 'Outro. Qual?', NULL, 'RS', 'A'),
(33, 8, 'Menos de 1 semestre.', NULL, 'R', 'A'),
(34, 8, 'De 1 a 2 semestres.', NULL, 'R', 'A'),
(35, 8, 'De 3 a 4 semestres.', NULL, 'R', 'A'),
(36, 8, 'Mais de 4 semestres.', NULL, 'R', 'A'),
(37, 8, 'Não fiz e não faço curso pré-vestibular.', NULL, 'R', 'A'),
(38, 9, 'Instituição pública.', NULL, 'R', 'A'),
(39, 9, 'Instituição particular.', NULL, 'R', 'A'),
(40, 9, 'Maior parte em instituição pública.', NULL, 'R', 'A'),
(41, 9, 'Maior parte em instituição particular.', NULL, 'R', 'A'),
(42, 10, 'Está trabalhando no setor privado.', NULL, 'R', 'A'),
(43, 10, 'Está trabalhando no setor público.', NULL, 'R', 'A'),
(44, 10, 'Está desempregado.', NULL, 'R', 'A'),
(45, 10, 'Está estudando.', NULL, 'R', 'A'),
(46, 11, 'Não frequentou a escola.', NULL, 'R', 'A'),
(47, 11, '1ª a 4ª série do Ensino Fundamental (1º Grau).', NULL, 'R', 'A'),
(48, 11, '5ª a 8ª série do Ensino Fundamental (1º Grau).', NULL, 'R', 'A'),
(49, 11, '1ª a 3ª série do Ensino Médio (2° Grau).', NULL, 'R', 'A'),
(50, 11, 'Superior Completo.', NULL, 'R', 'A'),
(51, 11, 'Superior Incompleto.', NULL, 'R', 'A'),
(52, 11, 'Pós-Graduado.', NULL, 'R', 'A'),
(53, 12, 'Empresário ou profissional liberal com fábrica, escritório, clínica, comércio, entre outros. ', NULL, 'R', 'A'),
(54, 12, 'Administrador.', NULL, 'R', 'A'),
(55, 12, 'Funcionário Público.', NULL, 'R', 'A'),
(56, 12, 'Funcionário de Empresa Privada.', NULL, 'R', 'A'),
(57, 12, 'Profissional Liberal.', NULL, 'R', 'A'),
(58, 12, 'Não trabalha.', NULL, 'R', 'A'),
(59, 12, 'Aposentado.', NULL, 'R', 'A'),
(60, 12, 'Outra. Qual?', NULL, 'RS', 'A'),
(61, 13, 'Não frequentou a escola.', NULL, 'R', 'A'),
(62, 13, '1ª a 4ª série do Ensino Fundamental (1º Grau).', NULL, 'R', 'A'),
(63, 13, '5ª a 8ª série do Ensino Fundamental (1º Grau).', NULL, 'R', 'A'),
(64, 13, '1ª a 3ª série do Ensino Médio (2° Grau).', NULL, 'R', 'A'),
(65, 13, 'Superior Completo.', NULL, 'R', 'A'),
(66, 13, 'Superior Incompleto.', NULL, 'R', 'A'),
(67, 13, 'Pós-Graduada.', NULL, 'R', 'A'),
(68, 14, 'Empresária ou profissional liberal com fábrica, escritório, clínica, comércio, entre outros. ', NULL, 'R', 'A'),
(69, 14, 'Administradora.', NULL, 'R', 'A'),
(70, 14, 'Funcionária Pública.', NULL, 'R', 'A'),
(71, 14, 'Funcionária de Empresa Privada.', NULL, 'R', 'A'),
(72, 14, 'Funcionária Pública.', NULL, 'R', 'A'),
(73, 14, 'Funcionária de Empresa Privada.', NULL, 'R', 'A'),
(74, 14, 'Profissional Liberal.', NULL, 'R', 'A'),
(75, 14, 'Não trabalha.', NULL, 'R', 'A'),
(76, 14, 'Aposentada.', NULL, 'R', 'A'),
(77, 14, 'Outra. Qual?', NULL, 'RS', 'A'),
(78, 15, 'Até R$ 1.243,00.', NULL, 'R', 'A'),
(79, 15, 'De R$ R$ 1.244,00 a R$ 2.487,00.', NULL, 'R', 'A'),
(80, 15, 'De R$ 2.448,00 a R$ 6.219,00.', NULL, 'R', 'A'),
(81, 15, 'De R$ 6.220,00 a R$ 12.439,00.', NULL, 'R', 'A'),
(82, 15, 'Mais de R$ 12.440,00.', NULL, 'R', 'A'),
(83, 16, 'Dependo economicamente da família e não trabalho.', NULL, 'R', 'A'),
(84, 16, 'Dependo economicamente da família e trabalho.', NULL, 'R', 'A'),
(85, 16, 'Não dependo da família, trabalho para me manter.', NULL, 'R', 'A'),
(86, 16, 'Colaboro economicamente na manutenção de minha família.', NULL, 'R', 'A'),
(87, 16, 'Sou arrimo de família.', NULL, 'R', 'A'),
(88, 17, 'Não tenho computador.', NULL, 'R', 'A'),
(89, 17, 'Sim, tenho um computador sem acesso à internet.', NULL, 'R', 'A'),
(90, 17, 'Sim, tenho mais de um computador com acesso à internet.', NULL, 'R', 'A'),
(91, 17, 'Sim, tenho computador com um bom acesso à internet.', NULL, 'R', 'A'),
(92, 18, 'Sim.', NULL, 'R', 'A'),
(93, 18, 'Não, mas agora estou ciente.', NULL, 'R', 'A'),
(94, 19, 'Ter um bom emprego e ser bem remunerado.', NULL, 'R', 'A'),
(95, 19, 'Ter formação profissional voltada para o trabalho.', NULL, 'R', 'A'),
(96, 19, 'Ter uma formação intelectual mais ampla.', NULL, 'R', 'A'),
(97, 19, 'Ter uma vivência em pesquisa.', NULL, 'R', 'A'),
(98, 19, 'Outro motivo. Qual?', NULL, 'RS', 'A'),
(99, 20, 'Não.', NULL, 'R', 'A'),
(100, 20, 'Sim, mas abandonarei caso passe neste vestibular.', NULL, 'R', 'A'),
(101, 20, 'Sim, se aprovado neste vestibular, conciliarei os dois.', NULL, 'R', 'A'),
(102, 20, 'Sim, mas ainda não sei se vou continuar cursando.', NULL, 'R', 'A'),
(103, 21, 'Não.', NULL, 'R', 'A'),
(104, 21, 'Sim. Em qual Curso?', NULL, 'RS', 'A'),
(105, 22, 'Não.', NULL, 'R', 'A'),
(106, 22, 'Sim. Em qual área?', NULL, 'RS', 'A'),
(107, 22, 'Estou concluindo. Em qual área?', NULL, 'RS', 'I'),
(108, 23, 'Advogado no setor privado.', NULL, 'R', 'A'),
(109, 23, 'Advogado no setor público.', NULL, 'R', 'A'),
(110, 23, 'Juiz.', NULL, 'R', 'A'),
(111, 23, 'Promotor.', NULL, 'R', 'A'),
(112, 23, 'Nenhuma.', NULL, 'R', 'A'),
(113, 23, 'Outra. Qual?', NULL, 'RS', 'A'),
(114, 24, 'Conversa com pessoas do família.', NULL, 'R', 'A'),
(115, 24, 'Indicação de amigos.', NULL, 'R', 'A'),
(116, 24, 'Indicação de profissionais da área.', NULL, 'R', 'A'),
(117, 24, 'Orientações de pessoas da escola/cursinho.', NULL, 'R', 'A'),
(118, 24, 'Visita à instituição.', NULL, 'R', 'A'),
(119, 24, 'Informações divulgadas na mídia.', NULL, 'R', 'A'),
(120, 24, 'Outro motivo. Qual?', NULL, 'RS', 'A'),
(121, 25, 'É o curso de que eu gosto e pretendo seguir carreira.', NULL, 'R', 'A'),
(122, 25, 'É uma profissão que tem um bom mercado de trabalho.', NULL, 'R', 'A'),
(123, 25, 'Seus profissionais têm prestígio social e são bem remunerados.', NULL, 'R', 'A'),
(124, 25, 'É uma profissão que permite fazer algo para melhorar as condições sociais da população.', NULL, 'R', 'A'),
(125, 25, 'Outro. Qual?', NULL, 'RS', 'A'),
(126, 26, 'Menos de 1 semestre.', NULL, 'R', 'A'),
(127, 26, 'De 1 a 2 semestres.', NULL, 'R', 'A'),
(128, 26, 'De 3 a 4 semestres.', NULL, 'R', 'A'),
(129, 26, 'Mais de 4 semestres.', NULL, 'R', 'A'),
(130, 26, 'Não fiz e não faço curso pré-vestibular.', NULL, 'R', 'A'),
(131, 27, 'Instituição pública.', NULL, 'R', 'A'),
(132, 27, 'Instituição particular.', NULL, 'R', 'A'),
(133, 27, 'Maior parte em instituição pública.', NULL, 'R', 'A'),
(134, 27, 'Maior parte em instituição particular.', NULL, 'R', 'A'),
(135, 28, 'Está trabalhando no setor privado.', NULL, 'R', 'A'),
(136, 28, 'Está trabalhando no setor público.', NULL, 'R', 'A'),
(137, 28, 'Está desempregado.', NULL, 'R', 'A'),
(138, 28, 'Está estudando.', NULL, 'R', 'A'),
(139, 29, 'Não frequentou a escola.', NULL, 'R', 'A'),
(140, 29, '1ª a 4ª série do Ensino Fundamental (1º Grau).', NULL, 'R', 'A'),
(141, 29, '5ª a 8ª série do Ensino Fundamental (1º Grau).', NULL, 'R', 'A'),
(142, 29, '1ª a 3ª série do Ensino Médio (2° Grau).', NULL, 'R', 'A'),
(143, 29, 'Superior Completo.', NULL, 'R', 'A'),
(144, 29, 'Superior Incompleto.', NULL, 'R', 'A'),
(145, 29, 'Pós-Graduado.', NULL, 'R', 'A'),
(146, 30, 'Empresário ou profissional liberal com fábrica, escritório, clínica, comércio, entre outros. ', NULL, 'R', 'A'),
(147, 30, 'Administrador.', NULL, 'R', 'A'),
(148, 30, 'Funcionário Público.', NULL, 'R', 'A'),
(149, 30, 'Funcionário de Empresa Privada.', NULL, 'R', 'A'),
(150, 30, 'Profissional Liberal.', NULL, 'R', 'A'),
(151, 30, 'Não trabalha.', NULL, 'R', 'A'),
(152, 30, 'Aposentado.', NULL, 'R', 'A'),
(153, 30, 'Outra. Qual?', NULL, 'RS', 'A'),
(154, 31, 'Não frequentou a escola.', NULL, 'R', 'A'),
(155, 31, '1ª a 4ª série do Ensino Fundamental (1º Grau).', NULL, 'R', 'A'),
(156, 31, '5ª a 8ª série do Ensino Fundamental (1º Grau).', NULL, 'R', 'A'),
(157, 31, '1ª a 3ª série do Ensino Médio (2° Grau).', NULL, 'R', 'A'),
(158, 31, 'Superior Completo.', NULL, 'R', 'A'),
(159, 31, 'Superior Incompleto.', NULL, 'R', 'A'),
(160, 31, 'Pós-Graduada.', NULL, 'R', 'A'),
(161, 32, 'Empresária ou profissional liberal com fábrica, escritório, clínica, comércio, entre outros. ', NULL, 'R', 'A'),
(162, 32, 'Administradora.', NULL, 'R', 'A'),
(163, 32, 'Funcionária Pública.', NULL, 'R', 'A'),
(164, 32, 'Funcionária de Empresa Privada.', NULL, 'R', 'A'),
(165, 32, 'Funcionária Pública.', NULL, 'R', 'A'),
(166, 32, 'Funcionária de Empresa Privada.', NULL, 'R', 'A'),
(167, 32, 'Profissional Liberal.', NULL, 'R', 'A'),
(168, 32, 'Não trabalha.', NULL, 'R', 'A'),
(169, 32, 'Aposentada.', NULL, 'R', 'A'),
(170, 32, 'Outra. Qual?', NULL, 'RS', 'A'),
(171, 33, 'Até R$ 1.243,00.', NULL, 'R', 'A'),
(172, 33, 'De R$ R$ 1.244,00 a R$ 2.487,00.', NULL, 'R', 'A'),
(173, 33, 'De R$ 2.448,00 a R$ 6.219,00.', NULL, 'R', 'A'),
(174, 33, 'De R$ 6.220,00 a R$ 12.439,00.', NULL, 'R', 'A'),
(175, 33, 'Mais de R$ 12.440,00.', NULL, 'R', 'A'),
(176, 34, 'Dependo economicamente da família e não trabalho.', NULL, 'R', 'A'),
(177, 34, 'Dependo economicamente da família e trabalho.', NULL, 'R', 'A'),
(178, 34, 'Não dependo da família, trabalho para me manter.', NULL, 'R', 'A'),
(179, 34, 'Colaboro economicamente na manutenção de minha família.', NULL, 'R', 'A'),
(180, 34, 'Sou arrimo de família.', NULL, 'R', 'A'),
(181, 35, 'Não tenho computador.', NULL, 'R', 'A'),
(182, 35, 'Sim, tenho um computador sem acesso à internet.', NULL, 'R', 'A'),
(183, 35, 'Sim, tenho mais de um computador com acesso à internet.', NULL, 'R', 'A'),
(184, 35, 'Sim, tenho computador com um bom acesso à internet.', NULL, 'R', 'A'),
(185, 36, 'Sim.', NULL, 'R', 'A'),
(186, 36, 'Não, mas agora estou ciente.', NULL, 'R', 'A'),
(187, 37, 'Ter um bom emprego e ser bem remunerado.', NULL, 'R', 'A'),
(188, 37, 'Ter formação profissional voltada para o trabalho.', NULL, 'R', 'A'),
(189, 37, 'Ter uma formação intelectual mais ampla.', NULL, 'R', 'A'),
(190, 37, 'Ter uma vivência em pesquisa.', NULL, 'R', 'A'),
(191, 37, 'Outro motivo. Qual?', NULL, 'RS', 'A'),
(192, 38, 'Não.', NULL, 'R', 'A'),
(193, 38, 'Sim, mas abandonarei caso passe neste vestibular.', NULL, 'R', 'A'),
(194, 38, 'Sim, se aprovado neste vestibular, conciliarei os dois.', NULL, 'R', 'A'),
(195, 38, 'Sim, mas ainda não sei se vou continuar cursando.', NULL, 'R', 'A'),
(196, 39, 'Não.', NULL, 'R', 'A'),
(197, 39, 'Sim. Em qual Curso?', NULL, 'RS', 'A'),
(198, 40, 'Não.', NULL, 'R', 'A'),
(199, 40, 'Sim. Em qual área?', NULL, 'RS', 'A'),
(200, 40, 'Estou concluindo. Em qual área?', NULL, 'RS', 'I'),
(201, 41, 'Advogado no setor privado.', NULL, 'R', 'A'),
(202, 41, 'Advogado no setor público.', NULL, 'R', 'A'),
(203, 41, 'Juiz.', NULL, 'R', 'A'),
(204, 41, 'Promotor.', NULL, 'R', 'A'),
(205, 41, 'Nenhuma.', NULL, 'R', 'A'),
(206, 41, 'Outra. Qual?', NULL, 'RS', 'A'),
(207, 42, 'Conversa com pessoas do família.', NULL, 'R', 'A'),
(208, 42, 'Indicação de amigos.', NULL, 'R', 'A'),
(209, 42, 'Indicação de profissionais da área.', NULL, 'R', 'A'),
(210, 42, 'Orientações de pessoas da escola/cursinho.', NULL, 'R', 'A'),
(211, 42, 'Visita à instituição.', NULL, 'R', 'A'),
(212, 42, 'Informações divulgadas na mídia.', NULL, 'R', 'A'),
(213, 42, 'Outro motivo. Qual?', NULL, 'RS', 'A'),
(214, 43, 'É o curso de que eu gosto e pretendo seguir carreira.', NULL, 'R', 'A'),
(215, 43, 'É uma profissão que tem um bom mercado de trabalho.', NULL, 'R', 'A'),
(216, 43, 'Seus profissionais têm prestígio social e são bem remunerados.', NULL, 'R', 'A'),
(217, 43, 'É uma profissão que permite fazer algo para melhorar as condições sociais da população.', NULL, 'R', 'A'),
(218, 43, 'Outro. Qual?', NULL, 'RS', 'A'),
(219, 44, 'Menos de 1 semestre.', NULL, 'R', 'A'),
(220, 44, 'De 1 a 2 semestres.', NULL, 'R', 'A'),
(221, 44, 'De 3 a 4 semestres.', NULL, 'R', 'A'),
(222, 44, 'Mais de 4 semestres.', NULL, 'R', 'A'),
(223, 44, 'Não fiz e não faço curso pré-vestibular.', NULL, 'R', 'A'),
(224, 45, 'Instituição pública.', NULL, 'R', 'A'),
(225, 45, 'Instituição particular.', NULL, 'R', 'A'),
(226, 45, 'Maior parte em instituição pública.', NULL, 'R', 'A'),
(227, 45, 'Maior parte em instituição particular.', NULL, 'R', 'A'),
(228, 46, 'Está trabalhando no setor privado.', NULL, 'R', 'A'),
(229, 46, 'Está trabalhando no setor público.', NULL, 'R', 'A'),
(230, 46, 'Está desempregado.', NULL, 'R', 'A'),
(231, 46, 'Está estudando.', NULL, 'R', 'A'),
(232, 47, 'Não frequentou a escola.', NULL, 'R', 'A'),
(233, 47, '1ª a 4ª série do Ensino Fundamental (1º Grau).', NULL, 'R', 'A'),
(234, 47, '5ª a 8ª série do Ensino Fundamental (1º Grau).', NULL, 'R', 'A'),
(235, 47, '1ª a 3ª série do Ensino Médio (2° Grau).', NULL, 'R', 'A'),
(236, 47, 'Superior Completo.', NULL, 'R', 'A'),
(237, 47, 'Superior Incompleto.', NULL, 'R', 'A'),
(238, 47, 'Pós-Graduado.', NULL, 'R', 'A'),
(239, 48, 'Empresário ou profissional liberal com fábrica, escritório, clínica, comércio, entre outros. ', NULL, 'R', 'A'),
(240, 48, 'Administrador.', NULL, 'R', 'A'),
(241, 48, 'Funcionário Público.', NULL, 'R', 'A'),
(242, 48, 'Funcionário de Empresa Privada.', NULL, 'R', 'A'),
(243, 48, 'Profissional Liberal.', NULL, 'R', 'A'),
(244, 48, 'Não trabalha.', NULL, 'R', 'A'),
(245, 48, 'Aposentado.', NULL, 'R', 'A'),
(246, 48, 'Outra. Qual?', NULL, 'RS', 'A'),
(247, 49, 'Não frequentou a escola.', NULL, 'R', 'A'),
(248, 49, '1ª a 4ª série do Ensino Fundamental (1º Grau).', NULL, 'R', 'A'),
(249, 49, '5ª a 8ª série do Ensino Fundamental (1º Grau).', NULL, 'R', 'A'),
(250, 49, '1ª a 3ª série do Ensino Médio (2° Grau).', NULL, 'R', 'A'),
(251, 49, 'Superior Completo.', NULL, 'R', 'A'),
(252, 49, 'Superior Incompleto.', NULL, 'R', 'A'),
(253, 49, 'Pós-Graduada.', NULL, 'R', 'A'),
(254, 50, 'Empresária ou profissional liberal com fábrica, escritório, clínica, comércio, entre outros. ', NULL, 'R', 'A'),
(255, 50, 'Administradora.', NULL, 'R', 'A'),
(256, 50, 'Funcionária Pública.', NULL, 'R', 'A'),
(257, 50, 'Funcionária de Empresa Privada.', NULL, 'R', 'A'),
(258, 50, 'Funcionária Pública.', NULL, 'R', 'A'),
(259, 50, 'Funcionária de Empresa Privada.', NULL, 'R', 'A'),
(260, 50, 'Profissional Liberal.', NULL, 'R', 'A'),
(261, 50, 'Não trabalha.', NULL, 'R', 'A'),
(262, 50, 'Aposentada.', NULL, 'R', 'A'),
(263, 50, 'Outra. Qual?', NULL, 'RS', 'A'),
(264, 51, 'Até R$ 1.243,00.', NULL, 'R', 'A'),
(265, 51, 'De R$ R$ 1.244,00 a R$ 2.487,00.', NULL, 'R', 'A'),
(266, 51, 'De R$ 2.448,00 a R$ 6.219,00.', NULL, 'R', 'A'),
(267, 51, 'De R$ 6.220,00 a R$ 12.439,00.', NULL, 'R', 'A'),
(268, 51, 'Mais de R$ 12.440,00.', NULL, 'R', 'A'),
(269, 52, 'Dependo economicamente da família e não trabalho.', NULL, 'R', 'A'),
(270, 52, 'Dependo economicamente da família e trabalho.', NULL, 'R', 'A'),
(271, 52, 'Não dependo da família, trabalho para me manter.', NULL, 'R', 'A'),
(272, 52, 'Colaboro economicamente na manutenção de minha família.', NULL, 'R', 'A'),
(273, 52, 'Sou arrimo de família.', NULL, 'R', 'A'),
(274, 53, 'Não tenho computador.', NULL, 'R', 'A'),
(275, 53, 'Sim, tenho um computador sem acesso à internet.', NULL, 'R', 'A'),
(276, 53, 'Sim, tenho mais de um computador com acesso à internet.', NULL, 'R', 'A'),
(277, 53, 'Sim, tenho computador com um bom acesso à internet.', NULL, 'R', 'A'),
(278, 54, 'Sim.', NULL, 'R', 'A'),
(279, 54, 'Não, mas agora estou ciente.', NULL, 'R', 'A');

-- --------------------------------------------------------

--
-- Estrutura da tabela `proQuestFicouSabendo`
--

CREATE TABLE `proQuestFicouSabendo` (
  `id_opcao` int(11) NOT NULL,
  `str_nome` varchar(50) NOT NULL
) ENGINE=InnoDB DEFAULT CHARSET=utf8;

--
-- Extraindo dados da tabela `proQuestFicouSabendo`
--

INSERT INTO `proQuestFicouSabendo` (`id_opcao`, `str_nome`) VALUES
(1, 'Youtube'),
(2, 'Google'),
(3, 'Facebook'),
(4, 'Jornal'),
(5, 'Revista'),
(6, 'Site da IDP/SP'),
(7, 'Pesquisas na internet'),
(8, 'Notícia na internet'),
(9, 'Indicação'),
(10, 'Outro');

-- --------------------------------------------------------

--
-- Estrutura da tabela `proQuestPerguntas`
--

CREATE TABLE `proQuestPerguntas` (
  `id_qsepergunta` int(11) NOT NULL,
  `id_processo` int(11) DEFAULT NULL,
  `num_posicao` int(11) DEFAULT NULL,
  `str_pergunta` varchar(255) DEFAULT NULL,
  `int_principal` int(1) NOT NULL DEFAULT '0',
  `str_apelido` varchar(255) DEFAULT NULL,
  `ch_situacao` char(1) NOT NULL DEFAULT 'A'
) ENGINE=InnoDB AVG_ROW_LENGTH=176 DEFAULT CHARSET=utf8;

--
-- Extraindo dados da tabela `proQuestPerguntas`
--

INSERT INTO `proQuestPerguntas` (`id_qsepergunta`, `id_processo`, `num_posicao`, `str_pergunta`, `int_principal`, `str_apelido`, `ch_situacao`) VALUES
(1, 1, 1, 'O que o(a) levou a fazer um curso superior?', 0, NULL, 'A'),
(2, 1, 2, 'Você está matriculado(a) atualmente em algum curso superior?', 0, NULL, 'A'),
(3, 1, 3, 'Você tem diploma de curso superior?', 0, NULL, 'A'),
(4, 1, 4, 'Você já tem pós-graduação?', 0, NULL, 'A'),
(5, 1, 5, 'Ao se formar bacharel em Direito, qual carreira jurídica pretende seguir?', 0, NULL, 'A'),
(6, 1, 6, 'O que mais influenciou sua decisão de se inscrever no Vestibular do IDP | SÃO PAULO?', 0, NULL, 'A'),
(7, 1, 7, 'Qual o principal motivo que o levou a fazer a escolha por este curso?', 0, NULL, 'A'),
(8, 1, 8, 'Você fez ou faz curso pré-vestibular durante quanto tempo?', 0, NULL, 'A'),
(9, 1, 9, 'Em que tipo de instituição de ensino você realizou os seus estudos no ensino médio?', 0, NULL, 'A'),
(10, 1, 10, 'Atualmente você:', 0, NULL, 'A'),
(11, 1, 11, 'Qual é o grau de instrução de seu pai?', 0, NULL, 'A'),
(12, 1, 12, 'Qual a ocupação de seu pai?', 0, NULL, 'A'),
(13, 1, 13, 'Qual é o grau de instrução de sua mãe?', 0, NULL, 'A'),
(14, 1, 14, 'Qual a ocupação de sua mãe?', 0, NULL, 'A'),
(15, 1, 15, 'Qual é a renda mensal de sua família? (Considere o salário bruto de todos os membros da família que moram em sua casa e contribuem para o sustento)', 0, NULL, 'A'),
(16, 1, 16, 'Qual é a sua situação econômica?', 0, NULL, 'A'),
(17, 1, 17, 'Você tem computador em casa e acesso à internet?', 0, NULL, 'A'),
(18, 1, 18, 'Você está ciente que o IDP | SÃO PAULO não oferece para este Vestibular 2016 PROUNI, FIES, entre outros programas de bolsas de estudos?', 0, NULL, 'A'),
(19, 2, 1, 'O que o(a) levou a fazer um curso superior?', 0, NULL, 'A'),
(20, 2, 2, 'Você está matriculado(a) atualmente em algum curso superior?', 0, NULL, 'A'),
(21, 2, 3, 'Você tem diploma de curso superior?', 0, NULL, 'A'),
(22, 2, 4, 'Você já tem pós-graduação?', 0, NULL, 'A'),
(23, 2, 5, 'Ao se formar bacharel em Direito, qual carreira jurídica pretende seguir?', 0, NULL, 'A'),
(24, 2, 6, 'O que mais influenciou sua decisão de se inscrever no Vestibular do IDP | SÃO PAULO?', 0, NULL, 'A'),
(25, 2, 7, 'Qual o principal motivo que o levou a fazer a escolha por este curso?', 0, NULL, 'A'),
(26, 2, 8, 'Você fez ou faz curso pré-vestibular durante quanto tempo?', 0, NULL, 'A'),
(27, 2, 9, 'Em que tipo de instituição de ensino você realizou os seus estudos no ensino médio?', 0, NULL, 'A'),
(28, 2, 10, 'Atualmente você:', 0, NULL, 'A'),
(29, 2, 11, 'Qual é o grau de instrução de seu pai?', 0, NULL, 'A'),
(30, 2, 12, 'Qual a ocupação de seu pai?', 0, NULL, 'A'),
(31, 2, 13, 'Qual é o grau de instrução de sua mãe?', 0, NULL, 'A'),
(32, 2, 14, 'Qual a ocupação de sua mãe?', 0, NULL, 'A'),
(33, 2, 15, 'Qual é a renda mensal de sua família? (Considere o salário bruto de todos os membros da família que moram em sua casa e contribuem para o sustento)', 0, NULL, 'A'),
(34, 2, 16, 'Qual é a sua situação econômica?', 0, NULL, 'A'),
(35, 2, 17, 'Você tem computador em casa e acesso à internet?', 0, NULL, 'A'),
(36, 2, 18, 'Você está ciente que o IDP | SÃO PAULO não oferece para este Vestibular 2016 PROUNI, FIES, entre outros programas de bolsas de estudos?', 0, NULL, 'A'),
(37, 3, 1, 'O que o(a) levou a fazer um curso superior?', 0, NULL, 'A'),
(38, 3, 2, 'Você está matriculado(a) atualmente em algum curso superior?', 0, NULL, 'A'),
(39, 3, 3, 'Você tem diploma de curso superior?', 0, NULL, 'A'),
(40, 3, 4, 'Você já tem pós-graduação?', 0, NULL, 'A'),
(41, 3, 5, 'Ao se formar bacharel em Direito, qual carreira jurídica pretende seguir?', 0, NULL, 'A'),
(42, 3, 6, 'O que mais influenciou sua decisão de se inscrever no Vestibular do IDP | SÃO PAULO?', 0, NULL, 'A'),
(43, 3, 7, 'Qual o principal motivo que o levou a fazer a escolha por este curso?', 0, NULL, 'A'),
(44, 3, 8, 'Você fez ou faz curso pré-vestibular durante quanto tempo?', 0, NULL, 'A'),
(45, 3, 9, 'Em que tipo de instituição de ensino você realizou os seus estudos no ensino médio?', 0, NULL, 'A'),
(46, 3, 10, 'Atualmente você:', 0, NULL, 'A'),
(47, 3, 11, 'Qual é o grau de instrução de seu pai?', 0, NULL, 'A'),
(48, 3, 12, 'Qual a ocupação de seu pai?', 0, NULL, 'A'),
(49, 3, 13, 'Qual é o grau de instrução de sua mãe?', 0, NULL, 'A'),
(50, 3, 14, 'Qual a ocupação de sua mãe?', 0, NULL, 'A'),
(51, 3, 15, 'Qual é a renda mensal de sua família? (Considere o salário bruto de todos os membros da família que moram em sua casa e contribuem para o sustento)', 0, NULL, 'A'),
(52, 3, 16, 'Qual é a sua situação econômica?', 0, NULL, 'A'),
(53, 3, 17, 'Você tem computador em casa e acesso à internet?', 0, NULL, 'A'),
(54, 3, 18, 'Você está ciente que o IDP | SÃO PAULO não oferece para este Vestibular 2016 PROUNI, FIES, entre outros programas de bolsas de estudos?', 0, NULL, 'A');

-- --------------------------------------------------------

--
-- Estrutura da tabela `proQuestRespostas`
--

CREATE TABLE `proQuestRespostas` (
  `id_resposta` int(11) NOT NULL,
  `id_inscricao` int(11) DEFAULT NULL,
  `str_resposta` text,
  `dt_save` datetime DEFAULT NULL,
  `id_alternativa` int(11) DEFAULT NULL,
  `id_pergunta` int(11) DEFAULT NULL
) ENGINE=MyISAM DEFAULT CHARSET=utf8;

--
-- Extraindo dados da tabela `proQuestRespostas`
--

INSERT INTO `proQuestRespostas` (`id_resposta`, `id_inscricao`, `str_resposta`, `dt_save`, `id_alternativa`, `id_pergunta`) VALUES
(1, 2, NULL, '2015-11-30 17:33:07', 1, 1),
(2, 2, NULL, '2015-11-30 17:33:07', 6, 2),
(3, 2, NULL, '2015-11-30 17:33:07', 10, 3),
(4, 2, NULL, '2015-11-30 17:33:07', 12, 4),
(5, 2, NULL, '2015-11-30 17:33:07', 15, 5),
(6, 2, NULL, '2015-11-30 17:33:07', 21, 6),
(7, 2, NULL, '2015-11-30 17:33:07', 28, 7),
(8, 2, NULL, '2015-11-30 17:33:07', 33, 8),
(9, 2, NULL, '2015-11-30 17:33:07', 38, 9),
(10, 2, NULL, '2015-11-30 17:33:07', 42, 10),
(11, 2, NULL, '2015-11-30 17:33:07', 46, 11),
(12, 2, NULL, '2015-11-30 17:33:07', 53, 12),
(13, 2, NULL, '2015-11-30 17:33:07', 61, 13),
(14, 2, NULL, '2015-11-30 17:33:07', 68, 14),
(15, 2, NULL, '2015-11-30 17:33:07', 78, 15),
(16, 2, NULL, '2015-11-30 17:33:07', 83, 16),
(17, 2, NULL, '2015-11-30 17:33:07', 88, 17),
(18, 2, NULL, '2015-11-30 17:33:07', 92, 18),
(19, 3, NULL, '2015-12-03 18:24:30', 2, 1),
(20, 3, NULL, '2015-12-03 18:24:30', 6, 2),
(21, 3, NULL, '2015-12-03 18:24:30', 10, 3),
(22, 3, NULL, '2015-12-03 18:24:30', 12, 4),
(23, 3, NULL, '2015-12-03 18:24:30', 19, 5),
(24, 3, NULL, '2015-12-03 18:24:30', 24, 6),
(25, 3, NULL, '2015-12-03 18:24:30', 31, 7),
(26, 3, NULL, '2015-12-03 18:24:30', 37, 8),
(27, 3, NULL, '2015-12-03 18:24:30', 39, 9),
(28, 3, NULL, '2015-12-03 18:24:30', 42, 10),
(29, 3, NULL, '2015-12-03 18:24:30', 52, 11),
(30, 3, NULL, '2015-12-03 18:24:30', 55, 12),
(31, 3, NULL, '2015-12-03 18:24:30', 67, 13),
(32, 3, NULL, '2015-12-03 18:24:30', 68, 14),
(33, 3, NULL, '2015-12-03 18:24:30', 78, 15),
(34, 3, NULL, '2015-12-03 18:24:30', 83, 16),
(35, 3, NULL, '2015-12-03 18:24:30', 88, 17),
(36, 3, NULL, '2015-12-03 18:24:30', 92, 18),
(37, 5, NULL, '2015-12-04 08:18:47', 3, 1),
(38, 5, NULL, '2015-12-04 08:18:47', 7, 2),
(39, 5, NULL, '2015-12-04 08:18:47', 10, 3),
(40, 5, NULL, '2015-12-04 08:18:47', 12, 4),
(41, 5, NULL, '2015-12-04 08:18:47', 18, 5),
(42, 5, NULL, '2015-12-04 08:18:47', 23, 6),
(43, 5, NULL, '2015-12-04 08:18:47', 31, 7),
(44, 5, NULL, '2015-12-04 08:18:47', 37, 8),
(45, 5, NULL, '2015-12-04 08:18:47', 39, 9),
(46, 5, NULL, '2015-12-04 08:18:47', 44, 10),
(47, 5, NULL, '2015-12-04 08:18:47', 49, 11),
(48, 5, NULL, '2015-12-04 08:18:47', 55, 12),
(49, 5, NULL, '2015-12-04 08:18:47', 65, 13),
(50, 5, NULL, '2015-12-04 08:18:47', 73, 14),
(51, 5, NULL, '2015-12-04 08:18:47', 82, 15),
(52, 5, NULL, '2015-12-04 08:18:47', 85, 16),
(53, 5, NULL, '2015-12-04 08:18:47', 89, 17),
(54, 5, NULL, '2015-12-04 08:18:47', 92, 18),
(55, 8, NULL, '2015-12-04 16:08:04', 1, 1),
(56, 8, NULL, '2015-12-04 16:08:04', 6, 2),
(57, 8, NULL, '2015-12-04 16:08:04', 10, 3),
(58, 8, NULL, '2015-12-04 16:08:04', 12, 4),
(59, 8, NULL, '2015-12-04 16:08:04', 15, 5),
(60, 8, NULL, '2015-12-04 16:08:04', 21, 6),
(61, 8, NULL, '2015-12-04 16:08:04', 28, 7),
(62, 8, NULL, '2015-12-04 16:08:04', 33, 8),
(63, 8, NULL, '2015-12-04 16:08:04', 38, 9),
(64, 8, NULL, '2015-12-04 16:08:04', 42, 10),
(65, 8, NULL, '2015-12-04 16:08:04', 46, 11),
(66, 8, NULL, '2015-12-04 16:08:04', 53, 12),
(67, 8, NULL, '2015-12-04 16:08:04', 61, 13),
(68, 8, NULL, '2015-12-04 16:08:04', 68, 14),
(69, 8, NULL, '2015-12-04 16:08:04', 78, 15),
(70, 8, NULL, '2015-12-04 16:08:04', 83, 16),
(71, 8, NULL, '2015-12-04 16:08:04', 88, 17),
(72, 8, NULL, '2015-12-04 16:08:04', 92, 18),
(73, 9, NULL, '2015-12-04 22:55:35', 3, 1),
(74, 9, NULL, '2015-12-04 22:55:35', 6, 2),
(75, 9, NULL, '2015-12-04 22:55:35', 10, 3),
(76, 9, NULL, '2015-12-04 22:55:35', 12, 4),
(77, 9, NULL, '2015-12-04 22:55:35', 17, 5),
(78, 9, NULL, '2015-12-04 22:55:35', 23, 6),
(79, 9, NULL, '2015-12-04 22:55:35', 31, 7),
(80, 9, NULL, '2015-12-04 22:55:35', 37, 8),
(81, 9, NULL, '2015-12-04 22:55:35', 38, 9),
(82, 9, NULL, '2015-12-04 22:55:35', 44, 10),
(83, 9, NULL, '2015-12-04 22:55:35', 52, 11),
(84, 9, NULL, '2015-12-04 22:55:35', 53, 12),
(85, 9, NULL, '2015-12-04 22:55:35', 66, 13),
(86, 9, NULL, '2015-12-04 22:55:35', 74, 14),
(87, 9, NULL, '2015-12-04 22:55:35', 81, 15),
(88, 9, NULL, '2015-12-04 22:55:35', 83, 16),
(89, 9, NULL, '2015-12-04 22:55:35', 90, 17),
(90, 9, NULL, '2015-12-04 22:55:35', 92, 18),
(91, 11, NULL, '2015-12-06 09:21:15', 3, 1),
(92, 11, NULL, '2015-12-06 09:21:15', 6, 2),
(93, 11, 'CIENCIAS CONTÁBEIS', '2015-12-06 09:21:15', NULL, 3),
(94, 11, 'GESTÃO E CONTROLADORIA PÚBLICA', '2015-12-06 09:21:15', NULL, 4),
(95, 11, NULL, '2015-12-06 09:21:15', 18, 5),
(96, 11, NULL, '2015-12-06 09:21:15', 23, 6),
(97, 11, NULL, '2015-12-06 09:21:15', 28, 7),
(98, 11, NULL, '2015-12-06 09:21:15', 34, 8),
(99, 11, NULL, '2015-12-06 09:21:15', 38, 9),
(100, 11, NULL, '2015-12-06 09:21:15', 43, 10),
(101, 11, NULL, '2015-12-06 09:21:15', 47, 11),
(102, 11, NULL, '2015-12-06 09:21:15', 59, 12),
(103, 11, NULL, '2015-12-06 09:21:15', 66, 13),
(104, 11, NULL, '2015-12-06 09:21:15', 72, 14),
(105, 11, NULL, '2015-12-06 09:21:15', 82, 15),
(106, 11, NULL, '2015-12-06 09:21:15', 87, 16),
(107, 11, NULL, '2015-12-06 09:21:15', 91, 17),
(108, 11, NULL, '2015-12-06 09:21:15', 92, 18),
(109, 10, NULL, '2015-12-06 09:25:58', 3, 1),
(110, 10, NULL, '2015-12-06 09:25:58', 6, 2),
(111, 10, NULL, '2015-12-06 09:25:58', 10, 3),
(112, 10, NULL, '2015-12-06 09:25:58', 12, 4),
(113, 10, 'Ainda não decidi', '2015-12-06 09:25:58', NULL, 5),
(114, 10, NULL, '2015-12-06 09:25:58', 21, 6),
(115, 10, NULL, '2015-12-06 09:25:58', 28, 7),
(116, 10, NULL, '2015-12-06 09:25:58', 37, 8),
(117, 10, NULL, '2015-12-06 09:25:58', 39, 9),
(118, 10, NULL, '2015-12-06 09:25:58', 45, 10),
(119, 10, NULL, '2015-12-06 09:25:58', 52, 11),
(120, 10, 'Procurador de Justiça ', '2015-12-06 09:25:58', NULL, 12),
(121, 10, NULL, '2015-12-06 09:25:58', 67, 13),
(122, 10, 'Procuradora de Justiça ', '2015-12-06 09:25:58', NULL, 14),
(123, 10, NULL, '2015-12-06 09:25:58', 82, 15),
(124, 10, NULL, '2015-12-06 09:25:58', 83, 16),
(125, 10, NULL, '2015-12-06 09:25:58', 90, 17),
(126, 10, NULL, '2015-12-06 09:25:58', 92, 18),
(127, 16, NULL, '2015-12-06 11:19:05', 2, 1),
(128, 16, NULL, '2015-12-06 11:19:05', 6, 2),
(129, 16, NULL, '2015-12-06 11:19:05', 10, 3),
(130, 16, NULL, '2015-12-06 11:19:05', 12, 4),
(131, 16, NULL, '2015-12-06 11:19:05', 15, 5),
(132, 16, NULL, '2015-12-06 11:19:05', 22, 6),
(133, 16, NULL, '2015-12-06 11:19:05', 28, 7),
(134, 16, NULL, '2015-12-06 11:19:05', 37, 8),
(135, 16, NULL, '2015-12-06 11:19:05', 40, 9),
(136, 16, NULL, '2015-12-06 11:19:05', 42, 10),
(137, 16, NULL, '2015-12-06 11:19:05', 46, 11),
(138, 16, NULL, '2015-12-06 11:19:05', 59, 12),
(139, 16, NULL, '2015-12-06 11:19:05', 62, 13),
(140, 16, NULL, '2015-12-06 11:19:05', 76, 14),
(141, 16, NULL, '2015-12-06 11:19:05', 79, 15),
(142, 16, NULL, '2015-12-06 11:19:05', 87, 16),
(143, 16, NULL, '2015-12-06 11:19:05', 91, 17),
(144, 16, NULL, '2015-12-06 11:19:05', 92, 18),
(145, 17, NULL, '2015-12-06 11:21:28', 2, 1),
(146, 17, NULL, '2015-12-06 11:21:28', 7, 2),
(147, 17, NULL, '2015-12-06 11:21:28', 10, 3),
(148, 17, NULL, '2015-12-06 11:21:28', 12, 4),
(149, 17, NULL, '2015-12-06 11:21:28', 18, 5),
(150, 17, NULL, '2015-12-06 11:21:28', 23, 6),
(151, 17, NULL, '2015-12-06 11:21:28', 28, 7),
(152, 17, NULL, '2015-12-06 11:21:28', 37, 8),
(153, 17, NULL, '2015-12-06 11:21:28', 38, 9),
(154, 17, NULL, '2015-12-06 11:21:28', 42, 10),
(155, 17, NULL, '2015-12-06 11:21:28', 49, 11),
(156, 17, NULL, '2015-12-06 11:21:28', 59, 12),
(157, 17, NULL, '2015-12-06 11:21:28', 63, 13),
(158, 17, NULL, '2015-12-06 11:21:28', 75, 14),
(159, 17, NULL, '2015-12-06 11:21:28', 79, 15),
(160, 17, NULL, '2015-12-06 11:21:28', 85, 16),
(161, 17, NULL, '2015-12-06 11:21:28', 91, 17),
(162, 17, NULL, '2015-12-06 11:21:28', 92, 18),
(163, 15, NULL, '2015-12-06 11:27:46', 4, 1),
(164, 15, NULL, '2015-12-06 11:27:46', 6, 2),
(165, 15, 'Medicina', '2015-12-06 11:27:46', NULL, 3),
(166, 15, 'Psiquiatria', '2015-12-06 11:27:46', NULL, 4),
(167, 15, NULL, '2015-12-06 11:27:46', 16, 5),
(168, 15, NULL, '2015-12-06 11:27:46', 26, 6),
(169, 15, NULL, '2015-12-06 11:27:46', 31, 7),
(170, 15, NULL, '2015-12-06 11:27:46', 37, 8),
(171, 15, NULL, '2015-12-06 11:27:46', 38, 9),
(172, 15, NULL, '2015-12-06 11:27:46', 42, 10),
(173, 15, NULL, '2015-12-06 11:27:46', 47, 11),
(174, 15, NULL, '2015-12-06 11:27:46', 59, 12),
(175, 15, NULL, '2015-12-06 11:27:46', 61, 13),
(176, 15, NULL, '2015-12-06 11:27:46', 75, 14),
(177, 15, NULL, '2015-12-06 11:27:46', 80, 15),
(178, 15, NULL, '2015-12-06 11:27:46', 85, 16),
(179, 15, NULL, '2015-12-06 11:27:46', 91, 17),
(180, 15, NULL, '2015-12-06 11:27:46', 92, 18),
(181, 18, NULL, '2015-12-06 12:02:18', 2, 1),
(182, 18, NULL, '2015-12-06 12:02:18', 6, 2),
(183, 18, NULL, '2015-12-06 12:02:18', 10, 3),
(184, 18, NULL, '2015-12-06 12:02:18', 12, 4),
(185, 18, NULL, '2015-12-06 12:02:18', 17, 5),
(186, 18, NULL, '2015-12-06 12:02:18', 26, 6),
(187, 18, NULL, '2015-12-06 12:02:18', 28, 7),
(188, 18, NULL, '2015-12-06 12:02:18', 37, 8),
(189, 18, NULL, '2015-12-06 12:02:18', 38, 9),
(190, 18, NULL, '2015-12-06 12:02:18', 42, 10),
(191, 18, NULL, '2015-12-06 12:02:18', 47, 11),
(192, 18, NULL, '2015-12-06 12:02:18', 59, 12),
(193, 18, NULL, '2015-12-06 12:02:18', 62, 13),
(194, 18, 'falecida', '2015-12-06 12:02:18', NULL, 14),
(195, 18, NULL, '2015-12-06 12:02:18', 81, 15),
(196, 18, NULL, '2015-12-06 12:02:18', 85, 16),
(197, 18, NULL, '2015-12-06 12:02:18', 91, 17),
(198, 18, NULL, '2015-12-06 12:02:18', 92, 18),
(199, 19, NULL, '2015-12-06 12:16:17', 3, 1),
(200, 19, NULL, '2015-12-06 12:16:17', 6, 2),
(201, 19, 'medicina; letras- USP( Inglês- Português)', '2015-12-06 12:16:17', NULL, 3),
(202, 19, 'mestrado em cirurgia cardiovascular EPM- Unifesp', '2015-12-06 12:16:17', NULL, 4),
(203, 19, NULL, '2015-12-06 12:16:17', 17, 5),
(204, 19, NULL, '2015-12-06 12:16:17', 26, 6),
(205, 19, NULL, '2015-12-06 12:16:17', 31, 7),
(206, 19, NULL, '2015-12-06 12:16:17', 36, 8),
(207, 19, NULL, '2015-12-06 12:16:17', 39, 9),
(208, 19, NULL, '2015-12-06 12:16:17', 45, 10),
(209, 19, NULL, '2015-12-06 12:16:17', 52, 11),
(210, 19, NULL, '2015-12-06 12:16:17', 57, 12),
(211, 19, NULL, '2015-12-06 12:16:17', 62, 13),
(212, 19, 'trabalho no lar.', '2015-12-06 12:16:17', NULL, 14),
(213, 19, NULL, '2015-12-06 12:16:17', 80, 15),
(214, 19, NULL, '2015-12-06 12:16:17', 85, 16),
(215, 19, NULL, '2015-12-06 12:16:17', 91, 17),
(216, 19, NULL, '2015-12-06 12:16:17', 93, 18),
(217, 20, 'Adquirir embasamento jurídico para mover uma ação de ressarcimento contra a União que me prejudicou. Pagar advogado é muito caro.', '2015-12-06 16:00:44', NULL, 1),
(218, 20, NULL, '2015-12-06 16:00:44', 6, 2),
(219, 20, 'Fisioterapia', '2015-12-06 16:00:44', NULL, 3),
(220, 20, 'Docência do Ensino Superior e Fisioterapia Traumatismo Ortopédica', '2015-12-06 16:00:44', NULL, 4),
(221, 20, NULL, '2015-12-06 16:00:44', 16, 5),
(222, 20, NULL, '2015-12-06 16:00:44', 26, 6),
(223, 20, 'Ajuizar uma ação de reparação contra a União que me prejudicou', '2015-12-06 16:00:44', NULL, 7),
(224, 20, NULL, '2015-12-06 16:00:44', 34, 8),
(225, 20, NULL, '2015-12-06 16:00:44', 38, 9),
(226, 20, NULL, '2015-12-06 16:00:44', 43, 10),
(227, 20, NULL, '2015-12-06 16:00:44', 46, 11),
(228, 20, 'Agricultor', '2015-12-06 16:00:44', NULL, 12),
(229, 20, NULL, '2015-12-06 16:00:44', 62, 13),
(230, 20, 'Dona de casa', '2015-12-06 16:00:44', NULL, 14),
(231, 20, NULL, '2015-12-06 16:00:44', 79, 15),
(232, 20, NULL, '2015-12-06 16:00:44', 86, 16),
(233, 20, NULL, '2015-12-06 16:00:44', 90, 17),
(234, 20, NULL, '2015-12-06 16:00:44', 92, 18),
(235, 23, NULL, '2015-12-06 18:42:28', 3, 1),
(236, 23, NULL, '2015-12-06 18:42:28', 9, 2),
(237, 23, NULL, '2015-12-06 18:42:28', 10, 3),
(238, 23, NULL, '2015-12-06 18:42:28', 12, 4),
(239, 23, NULL, '2015-12-06 18:42:28', 18, 5),
(240, 23, 'Por ser perto da minha casa, e por ter professores renomados.', '2015-12-06 18:42:28', NULL, 6),
(241, 23, NULL, '2015-12-06 18:42:28', 28, 7),
(242, 23, NULL, '2015-12-06 18:42:28', 35, 8),
(243, 23, NULL, '2015-12-06 18:42:28', 38, 9),
(244, 23, NULL, '2015-12-06 18:42:28', 45, 10),
(245, 23, NULL, '2015-12-06 18:42:28', 47, 11),
(246, 23, NULL, '2015-12-06 18:42:28', 59, 12),
(247, 23, NULL, '2015-12-06 18:42:28', 63, 13),
(248, 23, NULL, '2015-12-06 18:42:28', 76, 14),
(249, 23, NULL, '2015-12-06 18:42:28', 79, 15),
(250, 23, NULL, '2015-12-06 18:42:28', 85, 16),
(251, 23, NULL, '2015-12-06 18:42:28', 90, 17),
(252, 23, NULL, '2015-12-06 18:42:28', 92, 18),
(253, 24, NULL, '2015-12-06 19:04:55', 1, 1),
(254, 24, NULL, '2015-12-06 19:04:55', 6, 2),
(255, 24, NULL, '2015-12-06 19:04:55', 10, 3),
(256, 24, NULL, '2015-12-06 19:04:55', 12, 4),
(257, 24, NULL, '2015-12-06 19:04:55', 15, 5),
(258, 24, NULL, '2015-12-06 19:04:55', 26, 6),
(259, 24, NULL, '2015-12-06 19:04:55', 28, 7),
(260, 24, NULL, '2015-12-06 19:04:55', 37, 8),
(261, 24, NULL, '2015-12-06 19:04:55', 39, 9),
(262, 24, NULL, '2015-12-06 19:04:55', 45, 10),
(263, 24, NULL, '2015-12-06 19:04:55', 50, 11),
(264, 24, NULL, '2015-12-06 19:04:55', 57, 12),
(265, 24, NULL, '2015-12-06 19:04:55', 65, 13),
(266, 24, NULL, '2015-12-06 19:04:55', 72, 14),
(267, 24, NULL, '2015-12-06 19:04:55', 82, 15),
(268, 24, NULL, '2015-12-06 19:04:55', 83, 16),
(269, 24, NULL, '2015-12-06 19:04:55', 91, 17),
(270, 24, NULL, '2015-12-06 19:04:55', 92, 18),
(271, 25, NULL, '2015-12-06 19:56:06', 3, 1),
(272, 25, NULL, '2015-12-06 19:56:06', 6, 2),
(273, 25, 'Administraçao', '2015-12-06 19:56:06', NULL, 3),
(274, 25, NULL, '2015-12-06 19:56:06', 12, 4),
(275, 25, NULL, '2015-12-06 19:56:06', 16, 5),
(276, 25, NULL, '2015-12-06 19:56:06', 21, 6),
(277, 25, NULL, '2015-12-06 19:56:06', 31, 7),
(278, 25, NULL, '2015-12-06 19:56:06', 37, 8),
(279, 25, NULL, '2015-12-06 19:56:06', 38, 9),
(280, 25, NULL, '2015-12-06 19:56:06', 44, 10),
(281, 25, NULL, '2015-12-06 19:56:06', 46, 11),
(282, 25, 'falecido', '2015-12-06 19:56:06', NULL, 12),
(283, 25, NULL, '2015-12-06 19:56:06', 61, 13),
(284, 25, 'falecida', '2015-12-06 19:56:06', NULL, 14),
(285, 25, NULL, '2015-12-06 19:56:06', 80, 15),
(286, 25, NULL, '2015-12-06 19:56:06', 86, 16),
(287, 25, NULL, '2015-12-06 19:56:06', 91, 17),
(288, 25, NULL, '2015-12-06 19:56:06', 92, 18),
(289, 27, NULL, '2015-12-06 22:42:46', 1, 1),
(290, 27, NULL, '2015-12-06 22:42:46', 6, 2),
(291, 27, NULL, '2015-12-06 22:42:46', 10, 3),
(292, 27, NULL, '2015-12-06 22:42:46', 12, 4),
(293, 27, NULL, '2015-12-06 22:42:46', 15, 5),
(294, 27, NULL, '2015-12-06 22:42:46', 23, 6),
(295, 27, NULL, '2015-12-06 22:42:46', 31, 7),
(296, 27, NULL, '2015-12-06 22:42:46', 37, 8),
(297, 27, NULL, '2015-12-06 22:42:46', 39, 9),
(298, 27, NULL, '2015-12-06 22:42:46', 45, 10),
(299, 27, NULL, '2015-12-06 22:42:46', 52, 11),
(300, 27, NULL, '2015-12-06 22:42:46', 56, 12),
(301, 27, NULL, '2015-12-06 22:42:46', 65, 13),
(302, 27, NULL, '2015-12-06 22:42:46', 73, 14),
(303, 27, NULL, '2015-12-06 22:42:46', 82, 15),
(304, 27, NULL, '2015-12-06 22:42:46', 83, 16),
(305, 27, NULL, '2015-12-06 22:42:46', 91, 17),
(306, 27, NULL, '2015-12-06 22:42:46', 92, 18),
(307, 28, NULL, '2015-12-06 22:52:49', 1, 1),
(308, 28, NULL, '2015-12-06 22:52:49', 6, 2),
(309, 28, NULL, '2015-12-06 22:52:49', 10, 3),
(310, 28, NULL, '2015-12-06 22:52:49', 12, 4),
(311, 28, NULL, '2015-12-06 22:52:49', 17, 5),
(312, 28, NULL, '2015-12-06 22:52:49', 21, 6),
(313, 28, NULL, '2015-12-06 22:52:49', 29, 7),
(314, 28, NULL, '2015-12-06 22:52:49', 37, 8),
(315, 28, NULL, '2015-12-06 22:52:49', 39, 9),
(316, 28, NULL, '2015-12-06 22:52:49', 45, 10),
(317, 28, NULL, '2015-12-06 22:52:49', 52, 11),
(318, 28, NULL, '2015-12-06 22:52:49', 53, 12),
(319, 28, NULL, '2015-12-06 22:52:49', 67, 13),
(320, 28, NULL, '2015-12-06 22:52:49', 69, 14),
(321, 28, NULL, '2015-12-06 22:52:49', 82, 15),
(322, 28, NULL, '2015-12-06 22:52:49', 83, 16),
(323, 28, NULL, '2015-12-06 22:52:49', 90, 17),
(324, 28, NULL, '2015-12-06 22:52:49', 92, 18),
(325, 29, NULL, '2015-12-07 00:40:41', 3, 1),
(326, 29, NULL, '2015-12-07 00:40:41', 6, 2),
(327, 29, NULL, '2015-12-07 00:40:41', 10, 3),
(328, 29, NULL, '2015-12-07 00:40:41', 12, 4),
(329, 29, NULL, '2015-12-07 00:40:41', 18, 5),
(330, 29, NULL, '2015-12-07 00:40:41', 22, 6),
(331, 29, NULL, '2015-12-07 00:40:41', 31, 7),
(332, 29, NULL, '2015-12-07 00:40:41', 34, 8),
(333, 29, NULL, '2015-12-07 00:40:41', 39, 9),
(334, 29, NULL, '2015-12-07 00:40:41', 45, 10),
(335, 29, NULL, '2015-12-07 00:40:41', 52, 11),
(336, 29, NULL, '2015-12-07 00:40:41', 55, 12),
(337, 29, NULL, '2015-12-07 00:40:41', 67, 13),
(338, 29, NULL, '2015-12-07 00:40:41', 68, 14),
(339, 29, NULL, '2015-12-07 00:40:41', 81, 15),
(340, 29, NULL, '2015-12-07 00:40:41', 83, 16),
(341, 29, NULL, '2015-12-07 00:40:41', 91, 17),
(342, 29, NULL, '2015-12-07 00:40:41', 92, 18),
(343, 31, NULL, '2015-12-07 12:54:51', 2, 1),
(344, 31, NULL, '2015-12-07 12:54:51', 6, 2),
(345, 31, NULL, '2015-12-07 12:54:51', 10, 3),
(346, 31, NULL, '2015-12-07 12:54:51', 12, 4),
(347, 31, NULL, '2015-12-07 12:54:51', 18, 5),
(348, 31, NULL, '2015-12-07 12:54:51', 26, 6),
(349, 31, NULL, '2015-12-07 12:54:51', 31, 7),
(350, 31, NULL, '2015-12-07 12:54:51', 37, 8),
(351, 31, NULL, '2015-12-07 12:54:51', 39, 9),
(352, 31, NULL, '2015-12-07 12:54:51', 45, 10),
(353, 31, NULL, '2015-12-07 12:54:51', 52, 11),
(354, 31, NULL, '2015-12-07 12:54:51', 57, 12),
(355, 31, NULL, '2015-12-07 12:54:51', 67, 13),
(356, 31, NULL, '2015-12-07 12:54:51', 72, 14),
(357, 31, NULL, '2015-12-07 12:54:51', 82, 15),
(358, 31, NULL, '2015-12-07 12:54:51', 83, 16),
(359, 31, NULL, '2015-12-07 12:54:51', 91, 17),
(360, 31, NULL, '2015-12-07 12:54:51', 92, 18),
(361, 32, NULL, '2015-12-07 13:49:08', 3, 1),
(362, 32, NULL, '2015-12-07 13:49:08', 6, 2),
(363, 32, NULL, '2015-12-07 13:49:08', 10, 3),
(364, 32, NULL, '2015-12-07 13:49:08', 12, 4),
(365, 32, NULL, '2015-12-07 13:49:08', 17, 5),
(366, 32, NULL, '2015-12-07 13:49:08', 21, 6),
(367, 32, NULL, '2015-12-07 13:49:08', 28, 7),
(368, 32, NULL, '2015-12-07 13:49:08', 33, 8),
(369, 32, NULL, '2015-12-07 13:49:08', 39, 9),
(370, 32, NULL, '2015-12-07 13:49:08', 45, 10),
(371, 32, NULL, '2015-12-07 13:49:08', 50, 11),
(372, 32, NULL, '2015-12-07 13:49:08', 53, 12),
(373, 32, NULL, '2015-12-07 13:49:08', 65, 13),
(374, 32, NULL, '2015-12-07 13:49:08', 75, 14),
(375, 32, NULL, '2015-12-07 13:49:08', 82, 15),
(376, 32, NULL, '2015-12-07 13:49:08', 83, 16),
(377, 32, NULL, '2015-12-07 13:49:08', 91, 17),
(378, 32, NULL, '2015-12-07 13:49:08', 92, 18),
(379, 21, NULL, '2015-12-07 14:45:33', 3, 1),
(380, 21, NULL, '2015-12-07 14:45:33', 6, 2),
(381, 21, 'Comunicação Social/Cinema', '2015-12-07 14:45:33', NULL, 3),
(382, 21, 'Cinema', '2015-12-07 14:45:33', NULL, 4),
(383, 21, NULL, '2015-12-07 14:45:33', 15, 5),
(384, 21, NULL, '2015-12-07 14:45:33', 21, 6),
(385, 21, 'devia ter feito direito 25 anos atrás', '2015-12-07 14:45:33', NULL, 7),
(386, 21, NULL, '2015-12-07 14:45:33', 37, 8),
(387, 21, NULL, '2015-12-07 14:45:33', 39, 9),
(388, 21, NULL, '2015-12-07 14:45:33', 42, 10),
(389, 21, NULL, '2015-12-07 14:45:33', 51, 11),
(390, 21, NULL, '2015-12-07 14:45:33', 53, 12),
(391, 21, NULL, '2015-12-07 14:45:33', 66, 13),
(392, 21, NULL, '2015-12-07 14:45:33', 75, 14),
(393, 21, NULL, '2015-12-07 14:45:33', 82, 15),
(394, 21, NULL, '2015-12-07 14:45:33', 87, 16),
(395, 21, NULL, '2015-12-07 14:45:33', 91, 17),
(396, 21, NULL, '2015-12-07 14:45:33', 92, 18),
(397, 34, 'Querer entrar pra vida pública', '2015-12-07 17:20:19', NULL, 1),
(398, 34, NULL, '2015-12-07 17:20:19', 6, 2),
(399, 34, NULL, '2015-12-07 17:20:19', 10, 3),
(400, 34, NULL, '2015-12-07 17:20:19', 12, 4),
(401, 34, 'Carreira Política', '2015-12-07 17:20:19', NULL, 5),
(402, 34, NULL, '2015-12-07 17:20:19', 21, 6),
(403, 34, NULL, '2015-12-07 17:20:19', 30, 7),
(404, 34, NULL, '2015-12-07 17:20:19', 37, 8),
(405, 34, NULL, '2015-12-07 17:20:19', 39, 9),
(406, 34, NULL, '2015-12-07 17:20:19', 45, 10),
(407, 34, NULL, '2015-12-07 17:20:19', 52, 11),
(408, 34, NULL, '2015-12-07 17:20:19', 55, 12),
(409, 34, NULL, '2015-12-07 17:20:19', 67, 13),
(410, 34, NULL, '2015-12-07 17:20:19', 72, 14),
(411, 34, NULL, '2015-12-07 17:20:19', 80, 15),
(412, 34, NULL, '2015-12-07 17:20:19', 83, 16),
(413, 34, NULL, '2015-12-07 17:20:19', 91, 17),
(414, 34, NULL, '2015-12-07 17:20:19', 92, 18),
(415, 35, NULL, '2015-12-07 18:00:05', 3, 1),
(416, 35, NULL, '2015-12-07 18:00:05', 6, 2),
(417, 35, NULL, '2015-12-07 18:00:05', 10, 3),
(418, 35, NULL, '2015-12-07 18:00:05', 12, 4),
(419, 35, NULL, '2015-12-07 18:00:05', 17, 5),
(420, 35, NULL, '2015-12-07 18:00:05', 23, 6),
(421, 35, NULL, '2015-12-07 18:00:05', 28, 7),
(422, 35, NULL, '2015-12-07 18:00:05', 36, 8),
(423, 35, NULL, '2015-12-07 18:00:05', 39, 9),
(424, 35, NULL, '2015-12-07 18:00:05', 45, 10),
(425, 35, NULL, '2015-12-07 18:00:05', 52, 11),
(426, 35, NULL, '2015-12-07 18:00:05', 54, 12),
(427, 35, NULL, '2015-12-07 18:00:05', 67, 13),
(428, 35, NULL, '2015-12-07 18:00:05', 72, 14),
(429, 35, NULL, '2015-12-07 18:00:05', 81, 15),
(430, 35, NULL, '2015-12-07 18:00:05', 83, 16),
(431, 35, NULL, '2015-12-07 18:00:05', 90, 17),
(432, 35, NULL, '2015-12-07 18:00:05', 92, 18),
(433, 36, NULL, '2015-12-07 20:21:16', 2, 1),
(434, 36, NULL, '2015-12-07 20:21:16', 6, 2),
(435, 36, 'Administração ', '2015-12-07 20:21:16', NULL, 3),
(436, 36, NULL, '2015-12-07 20:21:16', 12, 4),
(437, 36, NULL, '2015-12-07 20:21:16', 17, 5),
(438, 36, NULL, '2015-12-07 20:21:16', 26, 6),
(439, 36, NULL, '2015-12-07 20:21:16', 31, 7),
(440, 36, NULL, '2015-12-07 20:21:16', 37, 8),
(441, 36, NULL, '2015-12-07 20:21:16', 38, 9),
(442, 36, NULL, '2015-12-07 20:21:16', 42, 10),
(443, 36, NULL, '2015-12-07 20:21:16', 48, 11),
(444, 36, NULL, '2015-12-07 20:21:16', 57, 12),
(445, 36, NULL, '2015-12-07 20:21:16', 63, 13),
(446, 36, NULL, '2015-12-07 20:21:16', 74, 14),
(447, 36, NULL, '2015-12-07 20:21:16', 80, 15),
(448, 36, NULL, '2015-12-07 20:21:16', 85, 16),
(449, 36, NULL, '2015-12-07 20:21:16', 90, 17),
(450, 36, NULL, '2015-12-07 20:21:16', 93, 18),
(451, 37, NULL, '2015-12-08 08:21:38', 3, 1),
(452, 37, NULL, '2015-12-08 08:21:38', 6, 2),
(453, 37, 'ADMINISTRAÇÃO DE EMPRESA', '2015-12-08 08:21:38', NULL, 3),
(454, 37, 'FUNDAÇÃO ARMANDO ALVES PENTEADO ', '2015-12-08 08:21:38', NULL, 4),
(455, 37, NULL, '2015-12-08 08:21:38', 16, 5),
(456, 37, 'OS  DOCENTES ', '2015-12-08 08:21:38', NULL, 6),
(457, 37, NULL, '2015-12-08 08:21:38', 28, 7),
(458, 37, NULL, '2015-12-08 08:21:38', 37, 8),
(459, 37, NULL, '2015-12-08 08:21:38', 38, 9),
(460, 37, NULL, '2015-12-08 08:21:38', 42, 10),
(461, 37, NULL, '2015-12-08 08:21:38', 47, 11),
(462, 37, NULL, '2015-12-08 08:21:38', 53, 12),
(463, 37, NULL, '2015-12-08 08:21:38', 61, 13),
(464, 37, NULL, '2015-12-08 08:21:38', 75, 14),
(465, 37, NULL, '2015-12-08 08:21:38', 79, 15),
(466, 37, NULL, '2015-12-08 08:21:38', 86, 16),
(467, 37, NULL, '2015-12-08 08:21:38', 91, 17),
(468, 37, NULL, '2015-12-08 08:21:38', 93, 18),
(469, 38, NULL, '2015-12-08 15:02:03', 3, 1),
(470, 38, NULL, '2015-12-08 15:02:03', 7, 2),
(471, 38, NULL, '2015-12-08 15:02:03', 10, 3),
(472, 38, NULL, '2015-12-08 15:02:03', 12, 4),
(473, 38, NULL, '2015-12-08 15:02:03', 15, 5),
(474, 38, 'Já fui acadêmico de bacharel de Direito  no IDP em Brasilia cursei até o segundo semestre ', '2015-12-08 15:02:03', NULL, 6),
(475, 38, NULL, '2015-12-08 15:02:03', 31, 7),
(476, 38, NULL, '2015-12-08 15:02:03', 34, 8),
(477, 38, NULL, '2015-12-08 15:02:03', 39, 9),
(478, 38, NULL, '2015-12-08 15:02:03', 42, 10),
(479, 38, NULL, '2015-12-08 15:02:03', 50, 11),
(480, 38, NULL, '2015-12-08 15:02:03', 53, 12),
(481, 38, NULL, '2015-12-08 15:02:03', 65, 13),
(482, 38, NULL, '2015-12-08 15:02:03', 68, 14),
(483, 38, NULL, '2015-12-08 15:02:03', 82, 15),
(484, 38, NULL, '2015-12-08 15:02:03', 84, 16),
(485, 38, NULL, '2015-12-08 15:02:03', 90, 17),
(486, 38, NULL, '2015-12-08 15:02:03', 92, 18),
(487, 39, NULL, '2015-12-08 18:25:48', 3, 1),
(488, 39, NULL, '2015-12-08 18:25:48', 6, 2),
(489, 39, NULL, '2015-12-08 18:25:48', 10, 3),
(490, 39, NULL, '2015-12-08 18:25:48', 12, 4),
(491, 39, NULL, '2015-12-08 18:25:48', 15, 5),
(492, 39, NULL, '2015-12-08 18:25:48', 25, 6),
(493, 39, NULL, '2015-12-08 18:25:48', 28, 7),
(494, 39, NULL, '2015-12-08 18:25:48', 37, 8),
(495, 39, NULL, '2015-12-08 18:25:48', 38, 9),
(496, 39, NULL, '2015-12-08 18:25:48', 42, 10),
(497, 39, NULL, '2015-12-08 18:25:48', 50, 11),
(498, 39, NULL, '2015-12-08 18:25:48', 59, 12),
(499, 39, NULL, '2015-12-08 18:25:48', 64, 13),
(500, 39, NULL, '2015-12-08 18:25:48', 75, 14),
(501, 39, NULL, '2015-12-08 18:25:48', 80, 15),
(502, 39, NULL, '2015-12-08 18:25:48', 85, 16),
(503, 39, NULL, '2015-12-08 18:25:48', 90, 17),
(504, 39, NULL, '2015-12-08 18:25:48', 92, 18),
(505, 43, NULL, '2015-12-09 12:42:48', 2, 1),
(506, 43, NULL, '2015-12-09 12:42:48', 6, 2),
(507, 43, 'ciências contábeis', '2015-12-09 12:42:48', NULL, 3),
(508, 43, NULL, '2015-12-09 12:42:48', 12, 4),
(509, 43, NULL, '2015-12-09 12:42:48', 18, 5),
(510, 43, 'desejo próprio', '2015-12-09 12:42:48', NULL, 6),
(511, 43, NULL, '2015-12-09 12:42:48', 31, 7),
(512, 43, NULL, '2015-12-09 12:42:48', 37, 8),
(513, 43, NULL, '2015-12-09 12:42:48', 38, 9),
(514, 43, NULL, '2015-12-09 12:42:48', 43, 10),
(515, 43, NULL, '2015-12-09 12:42:48', 46, 11),
(516, 43, NULL, '2015-12-09 12:42:48', 59, 12),
(517, 43, NULL, '2015-12-09 12:42:48', 61, 13),
(518, 43, NULL, '2015-12-09 12:42:48', 76, 14),
(519, 43, NULL, '2015-12-09 12:42:48', 78, 15),
(520, 43, NULL, '2015-12-09 12:42:48', 85, 16),
(521, 43, NULL, '2015-12-09 12:42:48', 89, 17),
(522, 43, NULL, '2015-12-09 12:42:48', 92, 18),
(523, 44, NULL, '2015-12-09 12:56:13', 1, 1),
(524, 44, NULL, '2015-12-09 12:56:13', 6, 2),
(525, 44, NULL, '2015-12-09 12:56:13', 10, 3),
(526, 44, NULL, '2015-12-09 12:56:13', 12, 4),
(527, 44, NULL, '2015-12-09 12:56:13', 16, 5),
(528, 44, NULL, '2015-12-09 12:56:13', 21, 6),
(529, 44, NULL, '2015-12-09 12:56:13', 28, 7),
(530, 44, NULL, '2015-12-09 12:56:13', 37, 8),
(531, 44, NULL, '2015-12-09 12:56:13', 39, 9),
(532, 44, NULL, '2015-12-09 12:56:13', 42, 10),
(533, 44, NULL, '2015-12-09 12:56:13', 50, 11),
(534, 44, NULL, '2015-12-09 12:56:13', 53, 12),
(535, 44, NULL, '2015-12-09 12:56:13', 65, 13),
(536, 44, NULL, '2015-12-09 12:56:13', 73, 14),
(537, 44, NULL, '2015-12-09 12:56:13', 81, 15),
(538, 44, NULL, '2015-12-09 12:56:13', 86, 16),
(539, 44, NULL, '2015-12-09 12:56:13', 90, 17),
(540, 44, NULL, '2015-12-09 12:56:13', 92, 18),
(541, 47, NULL, '2015-12-09 21:00:21', 3, 1),
(542, 47, NULL, '2015-12-09 21:00:21', 6, 2),
(543, 47, NULL, '2015-12-09 21:00:21', 10, 3),
(544, 47, NULL, '2015-12-09 21:00:21', 12, 4),
(545, 47, NULL, '2015-12-09 21:00:21', 16, 5),
(546, 47, NULL, '2015-12-09 21:00:21', 26, 6),
(547, 47, NULL, '2015-12-09 21:00:21', 31, 7),
(548, 47, NULL, '2015-12-09 21:00:21', 35, 8),
(549, 47, NULL, '2015-12-09 21:00:21', 38, 9),
(550, 47, NULL, '2015-12-09 21:00:21', 44, 10),
(551, 47, NULL, '2015-12-09 21:00:21', 49, 11),
(552, 47, NULL, '2015-12-09 21:00:21', 57, 12),
(553, 47, NULL, '2015-12-09 21:00:21', 64, 13),
(554, 47, NULL, '2015-12-09 21:00:21', 74, 14),
(555, 47, NULL, '2015-12-09 21:00:21', 80, 15),
(556, 47, NULL, '2015-12-09 21:00:21', 83, 16),
(557, 47, NULL, '2015-12-09 21:00:21', 91, 17),
(558, 47, NULL, '2015-12-09 21:00:21', 92, 18),
(559, 48, 'Conhecimento jurídico ', '2015-12-09 22:17:21', NULL, 1),
(560, 48, NULL, '2015-12-09 22:17:21', 6, 2),
(561, 48, NULL, '2015-12-09 22:17:21', 10, 3),
(562, 48, NULL, '2015-12-09 22:17:21', 12, 4),
(563, 48, NULL, '2015-12-09 22:17:21', 19, 5),
(564, 48, 'O corpo discente ', '2015-12-09 22:17:21', NULL, 6),
(565, 48, 'Conhecer meus direitos', '2015-12-09 22:17:21', NULL, 7),
(566, 48, NULL, '2015-12-09 22:17:21', 37, 8),
(567, 48, NULL, '2015-12-09 22:17:21', 39, 9),
(568, 48, NULL, '2015-12-09 22:17:21', 42, 10),
(569, 48, NULL, '2015-12-09 22:17:21', 50, 11),
(570, 48, NULL, '2015-12-09 22:17:21', 59, 12),
(571, 48, NULL, '2015-12-09 22:17:21', 65, 13),
(572, 48, 'Falecida', '2015-12-09 22:17:21', NULL, 14),
(573, 48, NULL, '2015-12-09 22:17:21', 81, 15),
(574, 48, NULL, '2015-12-09 22:17:21', 85, 16),
(575, 48, NULL, '2015-12-09 22:17:21', 90, 17),
(576, 48, NULL, '2015-12-09 22:17:21', 92, 18),
(577, 50, NULL, '2015-12-10 18:47:09', 3, 1),
(578, 50, NULL, '2015-12-10 18:47:09', 6, 2),
(579, 50, 'ECONOMIA', '2015-12-10 18:47:09', NULL, 3),
(580, 50, NULL, '2015-12-10 18:47:09', 12, 4),
(581, 50, NULL, '2015-12-10 18:47:09', 16, 5),
(582, 50, 'QUALIDADE DOS PROFESSORES', '2015-12-10 18:47:09', NULL, 6),
(583, 50, NULL, '2015-12-10 18:47:09', 31, 7),
(584, 50, NULL, '2015-12-10 18:47:09', 37, 8),
(585, 50, NULL, '2015-12-10 18:47:09', 38, 9),
(586, 50, NULL, '2015-12-10 18:47:09', 42, 10),
(587, 50, NULL, '2015-12-10 18:47:09', 50, 11),
(588, 50, NULL, '2015-12-10 18:47:09', 55, 12),
(589, 50, NULL, '2015-12-10 18:47:09', 64, 13),
(590, 50, NULL, '2015-12-10 18:47:09', 75, 14),
(591, 50, NULL, '2015-12-10 18:47:09', 81, 15),
(592, 50, NULL, '2015-12-10 18:47:09', 86, 16),
(593, 50, NULL, '2015-12-10 18:47:09', 91, 17),
(594, 50, NULL, '2015-12-10 18:47:09', 92, 18),
(595, 51, NULL, '2015-12-10 18:59:45', 3, 1),
(596, 51, NULL, '2015-12-10 18:59:45', 6, 2),
(597, 51, NULL, '2015-12-10 18:59:45', 10, 3),
(598, 51, NULL, '2015-12-10 18:59:45', 12, 4),
(599, 51, NULL, '2015-12-10 18:59:45', 16, 5),
(600, 51, NULL, '2015-12-10 18:59:45', 26, 6),
(601, 51, NULL, '2015-12-10 18:59:45', 31, 7),
(602, 51, NULL, '2015-12-10 18:59:45', 37, 8),
(603, 51, NULL, '2015-12-10 18:59:45', 38, 9),
(604, 51, NULL, '2015-12-10 18:59:45', 44, 10),
(605, 51, NULL, '2015-12-10 18:59:45', 48, 11),
(606, 51, NULL, '2015-12-10 18:59:45', 59, 12),
(607, 51, NULL, '2015-12-10 18:59:45', 63, 13),
(608, 51, NULL, '2015-12-10 18:59:45', 76, 14),
(609, 51, NULL, '2015-12-10 18:59:45', 81, 15),
(610, 51, NULL, '2015-12-10 18:59:45', 86, 16),
(611, 51, NULL, '2015-12-10 18:59:45', 91, 17),
(612, 51, NULL, '2015-12-10 18:59:45', 92, 18),
(613, 54, NULL, '2015-12-11 10:38:04', 1, 1),
(614, 54, NULL, '2015-12-11 10:38:04', 7, 2),
(615, 54, NULL, '2015-12-11 10:38:04', 10, 3),
(616, 54, NULL, '2015-12-11 10:38:04', 12, 4),
(617, 54, NULL, '2015-12-11 10:38:04', 15, 5),
(618, 54, NULL, '2015-12-11 10:38:04', 23, 6),
(619, 54, NULL, '2015-12-11 10:38:04', 28, 7),
(620, 54, NULL, '2015-12-11 10:38:04', 34, 8),
(621, 54, NULL, '2015-12-11 10:38:04', 39, 9),
(622, 54, NULL, '2015-12-11 10:38:04', 43, 10),
(623, 54, NULL, '2015-12-11 10:38:04', 50, 11),
(624, 54, NULL, '2015-12-11 10:38:04', 56, 12),
(625, 54, NULL, '2015-12-11 10:38:04', 65, 13),
(626, 54, NULL, '2015-12-11 10:38:04', 76, 14),
(627, 54, NULL, '2015-12-11 10:38:04', 82, 15),
(628, 54, NULL, '2015-12-11 10:38:04', 84, 16),
(629, 54, NULL, '2015-12-11 10:38:04', 90, 17),
(630, 54, NULL, '2015-12-11 10:38:04', 92, 18),
(631, 55, NULL, '2015-12-11 22:10:00', 3, 1),
(632, 55, NULL, '2015-12-11 22:10:00', 7, 2),
(633, 55, NULL, '2015-12-11 22:10:00', 10, 3),
(634, 55, NULL, '2015-12-11 22:10:00', 12, 4),
(635, 55, NULL, '2015-12-11 22:10:00', 15, 5),
(636, 55, NULL, '2015-12-11 22:10:00', 26, 6),
(637, 55, NULL, '2015-12-11 22:10:00', 31, 7),
(638, 55, NULL, '2015-12-11 22:10:00', 37, 8),
(639, 55, NULL, '2015-12-11 22:10:00', 41, 9),
(640, 55, NULL, '2015-12-11 22:10:00', 44, 10),
(641, 55, NULL, '2015-12-11 22:10:00', 46, 11),
(642, 55, NULL, '2015-12-11 22:10:00', 57, 12),
(643, 55, NULL, '2015-12-11 22:10:00', 62, 13),
(644, 55, NULL, '2015-12-11 22:10:00', 76, 14),
(645, 55, NULL, '2015-12-11 22:10:00', 78, 15),
(646, 55, NULL, '2015-12-11 22:10:00', 83, 16),
(647, 55, NULL, '2015-12-11 22:10:00', 88, 17),
(648, 55, NULL, '2015-12-11 22:10:00', 93, 18),
(649, 56, NULL, '2015-12-11 22:40:00', 3, 1),
(650, 56, NULL, '2015-12-11 22:40:00', 6, 2),
(651, 56, NULL, '2015-12-11 22:40:00', 10, 3),
(652, 56, NULL, '2015-12-11 22:40:00', 12, 4),
(653, 56, 'Consultor de Negócios Jurídicos', '2015-12-11 22:40:00', NULL, 5),
(654, 56, NULL, '2015-12-11 22:40:00', 23, 6),
(655, 56, NULL, '2015-12-11 22:40:00', 31, 7),
(656, 56, NULL, '2015-12-11 22:40:00', 37, 8),
(657, 56, NULL, '2015-12-11 22:40:00', 39, 9),
(658, 56, NULL, '2015-12-11 22:40:00', 45, 10),
(659, 56, NULL, '2015-12-11 22:40:00', 48, 11),
(660, 56, NULL, '2015-12-11 22:40:00', 57, 12),
(661, 56, NULL, '2015-12-11 22:40:00', 63, 13),
(662, 56, NULL, '2015-12-11 22:40:00', 75, 14),
(663, 56, NULL, '2015-12-11 22:40:00', 80, 15),
(664, 56, NULL, '2015-12-11 22:40:00', 84, 16),
(665, 56, NULL, '2015-12-11 22:40:00', 91, 17),
(666, 56, NULL, '2015-12-11 22:40:00', 92, 18),
(667, 58, NULL, '2015-12-12 09:51:13', 2, 1),
(668, 58, NULL, '2015-12-12 09:51:13', 6, 2),
(669, 58, 'Engenharia Civil', '2015-12-12 09:51:13', NULL, 3),
(670, 58, 'Direito Ambiental', '2015-12-12 09:51:13', NULL, 4),
(671, 58, NULL, '2015-12-12 09:51:13', 15, 5),
(672, 58, 'Pelo meio profissional em que vive', '2015-12-12 09:51:14', NULL, 6),
(673, 58, 'Por necessidade do mercado que já atua', '2015-12-12 09:51:14', NULL, 7),
(674, 58, NULL, '2015-12-12 09:51:14', 37, 8),
(675, 58, NULL, '2015-12-12 09:51:14', 38, 9),
(676, 58, NULL, '2015-12-12 09:51:14', 43, 10),
(677, 58, NULL, '2015-12-12 09:51:14', 47, 11),
(678, 58, NULL, '2015-12-12 09:51:14', 55, 12),
(679, 58, NULL, '2015-12-12 09:51:14', 64, 13),
(680, 58, NULL, '2015-12-12 09:51:14', 73, 14),
(681, 58, NULL, '2015-12-12 09:51:14', 81, 15),
(682, 58, NULL, '2015-12-12 09:51:14', 86, 16),
(683, 58, NULL, '2015-12-12 09:51:14', 90, 17),
(684, 58, NULL, '2015-12-12 09:51:14', 92, 18),
(685, 59, NULL, '2015-12-14 12:30:00', 2, 1),
(686, 59, NULL, '2015-12-14 12:30:00', 6, 2),
(687, 59, NULL, '2015-12-14 12:30:00', 10, 3),
(688, 59, NULL, '2015-12-14 12:30:00', 12, 4),
(689, 59, NULL, '2015-12-14 12:30:00', 16, 5),
(690, 59, NULL, '2015-12-14 12:30:00', 26, 6),
(691, 59, NULL, '2015-12-14 12:30:00', 28, 7),
(692, 59, NULL, '2015-12-14 12:30:00', 34, 8),
(693, 59, NULL, '2015-12-14 12:30:00', 39, 9),
(694, 59, NULL, '2015-12-14 12:30:00', 45, 10),
(695, 59, NULL, '2015-12-14 12:30:00', 50, 11),
(696, 59, NULL, '2015-12-14 12:30:00', 53, 12),
(697, 59, NULL, '2015-12-14 12:30:00', 65, 13),
(698, 59, NULL, '2015-12-14 12:30:00', 68, 14),
(699, 59, NULL, '2015-12-14 12:30:00', 82, 15),
(700, 59, NULL, '2015-12-14 12:30:00', 83, 16),
(701, 59, NULL, '2015-12-14 12:30:00', 91, 17),
(702, 59, NULL, '2015-12-14 12:30:00', 92, 18),
(703, 60, NULL, '2015-12-15 20:04:04', 1, 1),
(704, 60, NULL, '2015-12-15 20:04:04', 6, 2),
(705, 60, 'Fisiotetapia', '2015-12-15 20:04:04', NULL, 3),
(706, 60, NULL, '2015-12-15 20:04:04', 12, 4),
(707, 60, NULL, '2015-12-15 20:04:04', 16, 5),
(708, 60, NULL, '2015-12-15 20:04:04', 26, 6),
(709, 60, NULL, '2015-12-15 20:04:04', 31, 7),
(710, 60, NULL, '2015-12-15 20:04:04', 37, 8),
(711, 60, NULL, '2015-12-15 20:04:04', 40, 9),
(712, 60, NULL, '2015-12-15 20:04:04', 42, 10),
(713, 60, NULL, '2015-12-15 20:04:04', 49, 11),
(714, 60, NULL, '2015-12-15 20:04:04', 59, 12),
(715, 60, NULL, '2015-12-15 20:04:04', 64, 13),
(716, 60, NULL, '2015-12-15 20:04:04', 74, 14),
(717, 60, NULL, '2015-12-15 20:04:04', 79, 15),
(718, 60, NULL, '2015-12-15 20:04:04', 87, 16),
(719, 60, NULL, '2015-12-15 20:04:04', 90, 17),
(720, 60, NULL, '2015-12-15 20:04:04', 92, 18),
(721, 63, NULL, '2015-12-17 00:43:10', 2, 1),
(722, 63, NULL, '2015-12-17 00:43:10', 6, 2),
(723, 63, NULL, '2015-12-17 00:43:10', 10, 3),
(724, 63, NULL, '2015-12-17 00:43:10', 12, 4),
(725, 63, NULL, '2015-12-17 00:43:10', 17, 5),
(726, 63, NULL, '2015-12-17 00:43:10', 23, 6),
(727, 63, NULL, '2015-12-17 00:43:10', 31, 7),
(728, 63, NULL, '2015-12-17 00:43:10', 37, 8),
(729, 63, NULL, '2015-12-17 00:43:10', 38, 9),
(730, 63, NULL, '2015-12-17 00:43:10', 44, 10),
(731, 63, NULL, '2015-12-17 00:43:10', 48, 11),
(732, 63, NULL, '2015-12-17 00:43:10', 56, 12),
(733, 63, NULL, '2015-12-17 00:43:10', 63, 13),
(734, 63, NULL, '2015-12-17 00:43:10', 75, 14),
(735, 63, NULL, '2015-12-17 00:43:10', 80, 15),
(736, 63, NULL, '2015-12-17 00:43:10', 83, 16),
(737, 63, NULL, '2015-12-17 00:43:10', 91, 17),
(738, 63, NULL, '2015-12-17 00:43:10', 92, 18),
(739, 66, NULL, '2015-12-18 18:28:44', 3, 1),
(740, 66, NULL, '2015-12-18 18:28:44', 6, 2),
(741, 66, NULL, '2015-12-18 18:28:44', 10, 3),
(742, 66, NULL, '2015-12-18 18:28:44', 12, 4),
(743, 66, NULL, '2015-12-18 18:28:44', 16, 5),
(744, 66, NULL, '2015-12-18 18:28:44', 22, 6),
(745, 66, NULL, '2015-12-18 18:28:44', 28, 7),
(746, 66, NULL, '2015-12-18 18:28:44', 34, 8),
(747, 66, NULL, '2015-12-18 18:28:44', 39, 9),
(748, 66, NULL, '2015-12-18 18:28:44', 45, 10),
(749, 66, NULL, '2015-12-18 18:28:44', 52, 11),
(750, 66, NULL, '2015-12-18 18:28:44', 56, 12),
(751, 66, NULL, '2015-12-18 18:28:44', 67, 13),
(752, 66, NULL, '2015-12-18 18:28:44', 72, 14),
(753, 66, NULL, '2015-12-18 18:28:44', 81, 15),
(754, 66, NULL, '2015-12-18 18:28:44', 83, 16),
(755, 66, NULL, '2015-12-18 18:28:44', 91, 17),
(756, 66, NULL, '2015-12-18 18:28:44', 92, 18),
(757, 68, NULL, '2015-12-21 13:10:39', 2, 1),
(758, 68, NULL, '2015-12-21 13:10:39', 6, 2),
(759, 68, NULL, '2015-12-21 13:10:39', 10, 3),
(760, 68, NULL, '2015-12-21 13:10:39', 12, 4),
(761, 68, NULL, '2015-12-21 13:10:39', 17, 5),
(762, 68, NULL, '2015-12-21 13:10:39', 21, 6),
(763, 68, NULL, '2015-12-21 13:10:39', 28, 7),
(764, 68, NULL, '2015-12-21 13:10:39', 37, 8),
(765, 68, NULL, '2015-12-21 13:10:39', 39, 9),
(766, 68, NULL, '2015-12-21 13:10:39', 45, 10),
(767, 68, NULL, '2015-12-21 13:10:39', 50, 11),
(768, 68, 'Atualmente desempregado', '2015-12-21 13:10:39', NULL, 12),
(769, 68, NULL, '2015-12-21 13:10:39', 67, 13),
(770, 68, NULL, '2015-12-21 13:10:39', 74, 14),
(771, 68, NULL, '2015-12-21 13:10:39', 80, 15),
(772, 68, NULL, '2015-12-21 13:10:39', 83, 16),
(773, 68, NULL, '2015-12-21 13:10:39', 89, 17),
(774, 68, NULL, '2015-12-21 13:10:39', 92, 18),
(775, 69, NULL, '2015-12-21 16:38:53', 2, 1),
(776, 69, NULL, '2015-12-21 16:38:53', 6, 2),
(777, 69, NULL, '2015-12-21 16:38:53', 10, 3),
(778, 69, NULL, '2015-12-21 16:38:53', 12, 4),
(779, 69, NULL, '2015-12-21 16:38:53', 17, 5),
(780, 69, NULL, '2015-12-21 16:38:53', 21, 6),
(781, 69, NULL, '2015-12-21 16:38:53', 28, 7),
(782, 69, NULL, '2015-12-21 16:38:53', 33, 8),
(783, 69, NULL, '2015-12-21 16:38:53', 38, 9),
(784, 69, NULL, '2015-12-21 16:38:53', 44, 10),
(785, 69, NULL, '2015-12-21 16:38:53', 49, 11),
(786, 69, NULL, '2015-12-21 16:38:53', 56, 12),
(787, 69, NULL, '2015-12-21 16:38:53', 64, 13),
(788, 69, NULL, '2015-12-21 16:38:53', 73, 14),
(789, 69, NULL, '2015-12-21 16:38:53', 78, 15),
(790, 69, NULL, '2015-12-21 16:38:53', 83, 16),
(791, 69, NULL, '2015-12-21 16:38:53', 91, 17),
(792, 69, NULL, '2015-12-21 16:38:53', 92, 18),
(793, 70, NULL, '2015-12-21 18:28:35', 3, 1),
(794, 70, NULL, '2015-12-21 18:28:35', 6, 2),
(795, 70, NULL, '2015-12-21 18:28:35', 10, 3),
(796, 70, NULL, '2015-12-21 18:28:35', 12, 4),
(797, 70, NULL, '2015-12-21 18:28:35', 17, 5),
(798, 70, NULL, '2015-12-21 18:28:35', 21, 6),
(799, 70, NULL, '2015-12-21 18:28:35', 31, 7),
(800, 70, NULL, '2015-12-21 18:28:35', 34, 8),
(801, 70, NULL, '2015-12-21 18:28:35', 39, 9),
(802, 70, NULL, '2015-12-21 18:28:35', 45, 10),
(803, 70, NULL, '2015-12-21 18:28:35', 52, 11),
(804, 70, NULL, '2015-12-21 18:28:35', 54, 12),
(805, 70, NULL, '2015-12-21 18:28:35', 65, 13),
(806, 70, 'professora', '2015-12-21 18:28:35', NULL, 14),
(807, 70, NULL, '2015-12-21 18:28:35', 82, 15),
(808, 70, NULL, '2015-12-21 18:28:35', 83, 16),
(809, 70, NULL, '2015-12-21 18:28:35', 91, 17),
(810, 70, NULL, '2015-12-21 18:28:35', 93, 18),
(811, 73, NULL, '2015-12-28 16:01:57', 1, 1),
(812, 73, NULL, '2015-12-28 16:01:57', 6, 2),
(813, 73, NULL, '2015-12-28 16:01:57', 10, 3),
(814, 73, NULL, '2015-12-28 16:01:57', 12, 4),
(815, 73, NULL, '2015-12-28 16:01:57', 17, 5),
(816, 73, NULL, '2015-12-28 16:01:57', 21, 6),
(817, 73, NULL, '2015-12-28 16:01:57', 28, 7),
(818, 73, NULL, '2015-12-28 16:01:57', 34, 8),
(819, 73, NULL, '2015-12-28 16:01:57', 38, 9),
(820, 73, NULL, '2015-12-28 16:01:57', 44, 10),
(821, 73, NULL, '2015-12-28 16:01:57', 49, 11),
(822, 73, 'autônomo', '2015-12-28 16:01:57', NULL, 12),
(823, 73, NULL, '2015-12-28 16:01:57', 64, 13),
(824, 73, 'autônoma', '2015-12-28 16:01:57', NULL, 14),
(825, 73, NULL, '2015-12-28 16:01:57', 80, 15),
(826, 73, NULL, '2015-12-28 16:01:57', 83, 16),
(827, 73, NULL, '2015-12-28 16:01:57', 91, 17),
(828, 73, NULL, '2015-12-28 16:01:57', 92, 18),
(829, 75, NULL, '2016-01-03 14:51:09', 3, 1),
(830, 75, NULL, '2016-01-03 14:51:09', 6, 2),
(831, 75, NULL, '2016-01-03 14:51:09', 10, 3),
(832, 75, NULL, '2016-01-03 14:51:09', 12, 4),
(833, 75, NULL, '2016-01-03 14:51:09', 15, 5),
(834, 75, NULL, '2016-01-03 14:51:09', 22, 6),
(835, 75, NULL, '2016-01-03 14:51:09', 28, 7),
(836, 75, NULL, '2016-01-03 14:51:09', 37, 8),
(837, 75, NULL, '2016-01-03 14:51:09', 39, 9),
(838, 75, NULL, '2016-01-03 14:51:09', 42, 10),
(839, 75, NULL, '2016-01-03 14:51:09', 52, 11),
(840, 75, NULL, '2016-01-03 14:51:09', 53, 12),
(841, 75, NULL, '2016-01-03 14:51:09', 65, 13),
(842, 75, NULL, '2016-01-03 14:51:09', 68, 14),
(843, 75, NULL, '2016-01-03 14:51:09', 82, 15),
(844, 75, NULL, '2016-01-03 14:51:09', 85, 16),
(845, 75, NULL, '2016-01-03 14:51:09', 91, 17),
(846, 75, NULL, '2016-01-03 14:51:09', 92, 18),
(847, 76, NULL, '2016-01-04 15:32:38', 1, 1),
(848, 76, NULL, '2016-01-04 15:32:38', 6, 2),
(849, 76, NULL, '2016-01-04 15:32:38', 10, 3),
(850, 76, NULL, '2016-01-04 15:32:38', 12, 4),
(851, 76, NULL, '2016-01-04 15:32:38', 17, 5),
(852, 76, NULL, '2016-01-04 15:32:38', 21, 6),
(853, 76, NULL, '2016-01-04 15:32:38', 31, 7),
(854, 76, NULL, '2016-01-04 15:32:38', 37, 8),
(855, 76, NULL, '2016-01-04 15:32:38', 39, 9),
(856, 76, NULL, '2016-01-04 15:32:38', 45, 10),
(857, 76, NULL, '2016-01-04 15:32:38', 50, 11),
(858, 76, NULL, '2016-01-04 15:32:38', 55, 12),
(859, 76, NULL, '2016-01-04 15:32:38', 64, 13),
(860, 76, NULL, '2016-01-04 15:32:38', 75, 14),
(861, 76, NULL, '2016-01-04 15:32:38', 81, 15),
(862, 76, NULL, '2016-01-04 15:32:38', 83, 16),
(863, 76, NULL, '2016-01-04 15:32:38', 90, 17),
(864, 76, NULL, '2016-01-04 15:32:38', 92, 18),
(865, 78, 'Aprender e abrir portas para o futuro em outra área além da minha formação superior atual.', '2016-01-04 19:10:52', NULL, 1),
(866, 78, NULL, '2016-01-04 19:10:52', 6, 2),
(867, 78, 'Comunicação Social - ESPM SP', '2016-01-04 19:10:52', NULL, 3),
(868, 78, NULL, '2016-01-04 19:10:52', 12, 4),
(869, 78, 'Juiz ou concurso para cartório extra-judicial. ', '2016-01-04 19:10:52', NULL, 5),
(870, 78, NULL, '2016-01-04 19:10:52', 23, 6),
(871, 78, 'Minha mãe é juíza e sempre goste e valorizei muito a profissão dela.', '2016-01-04 19:10:52', NULL, 7),
(872, 78, NULL, '2016-01-04 19:10:52', 37, 8),
(873, 78, NULL, '2016-01-04 19:10:52', 39, 9),
(874, 78, NULL, '2016-01-04 19:10:52', 42, 10),
(875, 78, NULL, '2016-01-04 19:10:52', 52, 11),
(876, 78, NULL, '2016-01-04 19:10:52', 57, 12),
(877, 78, NULL, '2016-01-04 19:10:52', 67, 13),
(878, 78, NULL, '2016-01-04 19:10:52', 72, 14),
(879, 78, NULL, '2016-01-04 19:10:52', 82, 15),
(880, 78, NULL, '2016-01-04 19:10:52', 86, 16),
(881, 78, NULL, '2016-01-04 19:10:52', 90, 17),
(882, 78, NULL, '2016-01-04 19:10:52', 92, 18),
(883, 80, NULL, '2016-01-06 12:50:52', 2, 1),
(884, 80, NULL, '2016-01-06 12:50:52', 6, 2),
(885, 80, NULL, '2016-01-06 12:50:52', 10, 3),
(886, 80, NULL, '2016-01-06 12:50:52', 12, 4),
(887, 80, NULL, '2016-01-06 12:50:52', 15, 5),
(888, 80, NULL, '2016-01-06 12:50:52', 26, 6),
(889, 80, NULL, '2016-01-06 12:50:52', 28, 7),
(890, 80, NULL, '2016-01-06 12:50:52', 37, 8),
(891, 80, NULL, '2016-01-06 12:50:52', 38, 9),
(892, 80, NULL, '2016-01-06 12:50:52', 42, 10),
(893, 80, NULL, '2016-01-06 12:50:52', 48, 11),
(894, 80, 'Pedreiro', '2016-01-06 12:50:52', NULL, 12),
(895, 80, NULL, '2016-01-06 12:50:52', 63, 13),
(896, 80, NULL, '2016-01-06 12:50:52', 72, 14),
(897, 80, NULL, '2016-01-06 12:50:52', 79, 15),
(898, 80, NULL, '2016-01-06 12:50:52', 86, 16),
(899, 80, NULL, '2016-01-06 12:50:52', 88, 17),
(900, 80, NULL, '2016-01-06 12:50:52', 93, 18),
(901, 81, NULL, '2016-01-06 16:03:22', 3, 1),
(902, 81, NULL, '2016-01-06 16:03:22', 6, 2),
(903, 81, 'Enfermagem', '2016-01-06 16:03:22', NULL, 3),
(904, 81, 'Mestrado, Doutorado e Pós Doutorado', '2016-01-06 16:03:22', NULL, 4),
(905, 81, NULL, '2016-01-06 16:03:22', 18, 5),
(906, 81, NULL, '2016-01-06 16:03:22', 26, 6),
(907, 81, 'Carreira cujos conhecimentos ajudam a tomar decisões em várias áreas.', '2016-01-06 16:03:22', NULL, 7),
(908, 81, NULL, '2016-01-06 16:03:22', 37, 8),
(909, 81, NULL, '2016-01-06 16:03:22', 38, 9),
(910, 81, NULL, '2016-01-06 16:03:22', 43, 10),
(911, 81, NULL, '2016-01-06 16:03:22', 48, 11),
(912, 81, NULL, '2016-01-06 16:03:22', 53, 12),
(913, 81, NULL, '2016-01-06 16:03:22', 64, 13),
(914, 81, NULL, '2016-01-06 16:03:22', 72, 14),
(915, 81, NULL, '2016-01-06 16:03:22', 82, 15),
(916, 81, NULL, '2016-01-06 16:03:22', 86, 16),
(917, 81, NULL, '2016-01-06 16:03:22', 90, 17),
(918, 81, NULL, '2016-01-06 16:03:22', 92, 18),
(919, 82, NULL, '2016-01-06 17:07:51', 1, 1),
(920, 82, NULL, '2016-01-06 17:07:51', 6, 2),
(921, 82, NULL, '2016-01-06 17:07:51', 10, 3),
(922, 82, NULL, '2016-01-06 17:07:51', 12, 4),
(923, 82, NULL, '2016-01-06 17:07:51', 17, 5),
(924, 82, NULL, '2016-01-06 17:07:51', 21, 6),
(925, 82, NULL, '2016-01-06 17:07:51', 28, 7),
(926, 82, NULL, '2016-01-06 17:07:51', 34, 8),
(927, 82, NULL, '2016-01-06 17:07:51', 39, 9),
(928, 82, NULL, '2016-01-06 17:07:51', 42, 10),
(929, 82, NULL, '2016-01-06 17:07:51', 52, 11),
(930, 82, 'Falecido', '2016-01-06 17:07:51', NULL, 12),
(931, 82, NULL, '2016-01-06 17:07:51', 67, 13),
(932, 82, NULL, '2016-01-06 17:07:51', 68, 14),
(933, 82, NULL, '2016-01-06 17:07:51', 81, 15),
(934, 82, NULL, '2016-01-06 17:07:51', 83, 16),
(935, 82, NULL, '2016-01-06 17:07:51', 91, 17),
(936, 82, NULL, '2016-01-06 17:07:51', 92, 18),
(937, 83, NULL, '2016-01-06 19:27:45', 2, 1),
(938, 83, NULL, '2016-01-06 19:27:45', 7, 2),
(939, 83, NULL, '2016-01-06 19:27:45', 10, 3),
(940, 83, NULL, '2016-01-06 19:27:45', 12, 4),
(941, 83, NULL, '2016-01-06 19:27:45', 18, 5),
(942, 83, NULL, '2016-01-06 19:27:45', 21, 6),
(943, 83, NULL, '2016-01-06 19:27:45', 31, 7),
(944, 83, NULL, '2016-01-06 19:27:45', 37, 8),
(945, 83, NULL, '2016-01-06 19:27:45', 39, 9),
(946, 83, NULL, '2016-01-06 19:27:45', 45, 10),
(947, 83, NULL, '2016-01-06 19:27:45', 52, 11),
(948, 83, NULL, '2016-01-06 19:27:45', 53, 12),
(949, 83, NULL, '2016-01-06 19:27:45', 67, 13),
(950, 83, NULL, '2016-01-06 19:27:45', 68, 14),
(951, 83, NULL, '2016-01-06 19:27:45', 81, 15),
(952, 83, NULL, '2016-01-06 19:27:45', 83, 16),
(953, 83, NULL, '2016-01-06 19:27:45', 91, 17),
(954, 83, NULL, '2016-01-06 19:27:45', 92, 18),
(955, 65, NULL, '2016-01-06 21:56:24', 1, 1),
(956, 65, NULL, '2016-01-06 21:56:24', 6, 2),
(957, 65, NULL, '2016-01-06 21:56:24', 10, 3),
(958, 65, NULL, '2016-01-06 21:56:24', 12, 4),
(959, 65, NULL, '2016-01-06 21:56:24', 17, 5),
(960, 65, 'Meu pai era advogado, e sempre trabalhei nessa área.', '2016-01-06 21:56:24', NULL, 6),
(961, 65, NULL, '2016-01-06 21:56:24', 28, 7),
(962, 65, NULL, '2016-01-06 21:56:24', 37, 8),
(963, 65, NULL, '2016-01-06 21:56:24', 39, 9),
(964, 65, NULL, '2016-01-06 21:56:24', 42, 10),
(965, 65, NULL, '2016-01-06 21:56:24', 50, 11),
(966, 65, NULL, '2016-01-06 21:56:24', 53, 12),
(967, 65, NULL, '2016-01-06 21:56:24', 63, 13),
(968, 65, NULL, '2016-01-06 21:56:24', 75, 14),
(969, 65, NULL, '2016-01-06 21:56:24', 80, 15),
(970, 65, NULL, '2016-01-06 21:56:24', 87, 16),
(971, 65, NULL, '2016-01-06 21:56:24', 91, 17),
(972, 65, NULL, '2016-01-06 21:56:24', 93, 18),
(973, 84, NULL, '2016-01-06 23:50:05', 2, 1),
(974, 84, NULL, '2016-01-06 23:50:05', 6, 2),
(975, 84, NULL, '2016-01-06 23:50:05', 10, 3),
(976, 84, NULL, '2016-01-06 23:50:05', 12, 4),
(977, 84, NULL, '2016-01-06 23:50:05', 17, 5),
(978, 84, 'Excelência no ensino', '2016-01-06 23:50:05', NULL, 6),
(979, 84, 'Ele pare minha vocação para a area junto do amplo mercado de trabalho', '2016-01-06 23:50:05', NULL, 7),
(980, 84, NULL, '2016-01-06 23:50:05', 37, 8),
(981, 84, NULL, '2016-01-06 23:50:05', 38, 9),
(982, 84, NULL, '2016-01-06 23:50:05', 44, 10),
(983, 84, NULL, '2016-01-06 23:50:05', 48, 11),
(984, 84, NULL, '2016-01-06 23:50:05', 57, 12),
(985, 84, NULL, '2016-01-06 23:50:05', 64, 13),
(986, 84, 'Empregada doméstica ', '2016-01-06 23:50:05', NULL, 14),
(987, 84, NULL, '2016-01-06 23:50:05', 78, 15),
(988, 84, NULL, '2016-01-06 23:50:05', 83, 16),
(989, 84, NULL, '2016-01-06 23:50:05', 90, 17),
(990, 84, NULL, '2016-01-06 23:50:05', 93, 18),
(991, 88, NULL, '2016-01-12 12:54:41', 1, 1),
(992, 88, NULL, '2016-01-12 12:54:41', 6, 2),
(993, 88, NULL, '2016-01-12 12:54:41', 10, 3),
(994, 88, NULL, '2016-01-12 12:54:41', 12, 4),
(995, 88, NULL, '2016-01-12 12:54:41', 18, 5),
(996, 88, NULL, '2016-01-12 12:54:41', 21, 6),
(997, 88, NULL, '2016-01-12 12:54:41', 28, 7),
(998, 88, NULL, '2016-01-12 12:54:41', 37, 8),
(999, 88, NULL, '2016-01-12 12:54:41', 39, 9),
(1000, 88, NULL, '2016-01-12 12:54:41', 45, 10),
(1001, 88, NULL, '2016-01-12 12:54:41', 51, 11),
(1002, 88, NULL, '2016-01-12 12:54:41', 55, 12),
(1003, 88, NULL, '2016-01-12 12:54:41', 66, 13),
(1004, 88, NULL, '2016-01-12 12:54:41', 73, 14),
(1005, 88, NULL, '2016-01-12 12:54:41', 80, 15),
(1006, 88, NULL, '2016-01-12 12:54:41', 83, 16),
(1007, 88, NULL, '2016-01-12 12:54:41', 90, 17),
(1008, 88, NULL, '2016-01-12 12:54:41', 92, 18),
(1009, 89, NULL, '2016-01-13 02:53:52', 2, 1),
(1010, 89, NULL, '2016-01-13 02:53:52', 6, 2),
(1011, 89, NULL, '2016-01-13 02:53:52', 10, 3),
(1012, 89, NULL, '2016-01-13 02:53:52', 12, 4),
(1013, 89, NULL, '2016-01-13 02:53:52', 15, 5),
(1014, 89, NULL, '2016-01-13 02:53:52', 26, 6),
(1015, 89, NULL, '2016-01-13 02:53:52', 28, 7),
(1016, 89, NULL, '2016-01-13 02:53:52', 35, 8),
(1017, 89, NULL, '2016-01-13 02:53:52', 39, 9),
(1018, 89, NULL, '2016-01-13 02:53:52', 45, 10),
(1019, 89, NULL, '2016-01-13 02:53:52', 50, 11),
(1020, 89, NULL, '2016-01-13 02:53:52', 53, 12),
(1021, 89, NULL, '2016-01-13 02:53:52', 65, 13),
(1022, 89, NULL, '2016-01-13 02:53:52', 68, 14),
(1023, 89, NULL, '2016-01-13 02:53:52', 82, 15),
(1024, 89, NULL, '2016-01-13 02:53:52', 83, 16),
(1025, 89, NULL, '2016-01-13 02:53:52', 91, 17),
(1026, 89, NULL, '2016-01-13 02:53:52', 92, 18),
(1027, 90, 'Concurso Publico', '2016-01-13 09:13:05', NULL, 1),
(1028, 90, NULL, '2016-01-13 09:13:05', 6, 2),
(1029, 90, NULL, '2016-01-13 09:13:05', 10, 3),
(1030, 90, NULL, '2016-01-13 09:13:05', 12, 4),
(1031, 90, NULL, '2016-01-13 09:13:05', 16, 5),
(1032, 90, 'Pesquisa no e-MEC', '2016-01-13 09:13:05', NULL, 6),
(1033, 90, NULL, '2016-01-13 09:13:05', 28, 7),
(1034, 90, NULL, '2016-01-13 09:13:05', 37, 8),
(1035, 90, NULL, '2016-01-13 09:13:05', 38, 9),
(1036, 90, NULL, '2016-01-13 09:13:05', 45, 10),
(1037, 90, NULL, '2016-01-13 09:13:05', 47, 11),
(1038, 90, 'Falescido', '2016-01-13 09:13:05', NULL, 12),
(1039, 90, NULL, '2016-01-13 09:13:05', 62, 13),
(1040, 90, 'Falescida', '2016-01-13 09:13:05', NULL, 14),
(1041, 90, NULL, '2016-01-13 09:13:05', 82, 15),
(1042, 90, NULL, '2016-01-13 09:13:05', 83, 16),
(1043, 90, NULL, '2016-01-13 09:13:05', 91, 17),
(1044, 90, NULL, '2016-01-13 09:13:05', 92, 18),
(1045, 91, NULL, '2016-01-15 19:09:14', 1, 1),
(1046, 91, NULL, '2016-01-15 19:09:14', 6, 2),
(1047, 91, NULL, '2016-01-15 19:09:14', 10, 3),
(1048, 91, NULL, '2016-01-15 19:09:14', 12, 4),
(1049, 91, NULL, '2016-01-15 19:09:14', 18, 5),
(1050, 91, NULL, '2016-01-15 19:09:14', 21, 6),
(1051, 91, NULL, '2016-01-15 19:09:14', 28, 7),
(1052, 91, NULL, '2016-01-15 19:09:14', 37, 8),
(1053, 91, NULL, '2016-01-15 19:09:14', 39, 9),
(1054, 91, NULL, '2016-01-15 19:09:14', 45, 10),
(1055, 91, NULL, '2016-01-15 19:09:14', 50, 11),
(1056, 91, NULL, '2016-01-15 19:09:14', 56, 12),
(1057, 91, NULL, '2016-01-15 19:09:14', 65, 13),
(1058, 91, NULL, '2016-01-15 19:09:14', 76, 14),
(1059, 91, NULL, '2016-01-15 19:09:14', 80, 15),
(1060, 91, NULL, '2016-01-15 19:09:14', 83, 16),
(1061, 91, NULL, '2016-01-15 19:09:14', 90, 17);
INSERT INTO `proQuestRespostas` (`id_resposta`, `id_inscricao`, `str_resposta`, `dt_save`, `id_alternativa`, `id_pergunta`) VALUES
(1062, 91, NULL, '2016-01-15 19:09:14', 92, 18),
(1063, 93, NULL, '2016-01-16 23:43:20', 3, 1),
(1064, 93, NULL, '2016-01-16 23:43:20', 6, 2),
(1065, 93, NULL, '2016-01-16 23:43:20', 10, 3),
(1066, 93, NULL, '2016-01-16 23:43:20', 12, 4),
(1067, 93, NULL, '2016-01-16 23:43:20', 17, 5),
(1068, 93, NULL, '2016-01-16 23:43:20', 26, 6),
(1069, 93, NULL, '2016-01-16 23:43:20', 31, 7),
(1070, 93, NULL, '2016-01-16 23:43:20', 37, 8),
(1071, 93, NULL, '2016-01-16 23:43:20', 38, 9),
(1072, 93, NULL, '2016-01-16 23:43:20', 44, 10),
(1073, 93, NULL, '2016-01-16 23:43:20', 48, 11),
(1074, 93, 'trabalho informal', '2016-01-16 23:43:20', NULL, 12),
(1075, 93, NULL, '2016-01-16 23:43:20', 64, 13),
(1076, 93, NULL, '2016-01-16 23:43:20', 75, 14),
(1077, 93, NULL, '2016-01-16 23:43:20', 79, 15),
(1078, 93, NULL, '2016-01-16 23:43:20', 83, 16),
(1079, 93, NULL, '2016-01-16 23:43:20', 89, 17),
(1080, 93, NULL, '2016-01-16 23:43:20', 93, 18),
(1081, 94, NULL, '2016-01-18 15:31:00', 2, 1),
(1082, 94, NULL, '2016-01-18 15:31:00', 6, 2),
(1083, 94, NULL, '2016-01-18 15:31:00', 10, 3),
(1084, 94, NULL, '2016-01-18 15:31:00', 12, 4),
(1085, 94, NULL, '2016-01-18 15:31:00', 18, 5),
(1086, 94, NULL, '2016-01-18 15:31:00', 22, 6),
(1087, 94, NULL, '2016-01-18 15:31:00', 31, 7),
(1088, 94, NULL, '2016-01-18 15:31:00', 34, 8),
(1089, 94, NULL, '2016-01-18 15:31:00', 39, 9),
(1090, 94, NULL, '2016-01-18 15:31:00', 45, 10),
(1091, 94, NULL, '2016-01-18 15:31:00', 52, 11),
(1092, 94, NULL, '2016-01-18 15:31:00', 53, 12),
(1093, 94, NULL, '2016-01-18 15:31:00', 67, 13),
(1094, 94, NULL, '2016-01-18 15:31:00', 68, 14),
(1095, 94, NULL, '2016-01-18 15:31:00', 82, 15),
(1096, 94, NULL, '2016-01-18 15:31:00', 83, 16),
(1097, 94, NULL, '2016-01-18 15:31:00', 90, 17),
(1098, 94, NULL, '2016-01-18 15:31:00', 92, 18),
(1099, 96, NULL, '2016-01-19 12:29:11', 2, 1),
(1100, 96, NULL, '2016-01-19 12:29:11', 6, 2),
(1101, 96, NULL, '2016-01-19 12:29:11', 10, 3),
(1102, 96, NULL, '2016-01-19 12:29:11', 12, 4),
(1103, 96, NULL, '2016-01-19 12:29:11', 15, 5),
(1104, 96, NULL, '2016-01-19 12:29:11', 26, 6),
(1105, 96, 'Trabalho com RH e domino as Leis trabalhista', '2016-01-19 12:29:11', NULL, 7),
(1106, 96, NULL, '2016-01-19 12:29:11', 37, 8),
(1107, 96, NULL, '2016-01-19 12:29:11', 39, 9),
(1108, 96, NULL, '2016-01-19 12:29:11', 42, 10),
(1109, 96, NULL, '2016-01-19 12:29:11', 47, 11),
(1110, 96, 'falecido', '2016-01-19 12:29:11', NULL, 12),
(1111, 96, NULL, '2016-01-19 12:29:11', 62, 13),
(1112, 96, 'falecida', '2016-01-19 12:29:11', NULL, 14),
(1113, 96, NULL, '2016-01-19 12:29:11', 80, 15),
(1114, 96, NULL, '2016-01-19 12:29:11', 85, 16),
(1115, 96, NULL, '2016-01-19 12:29:11', 91, 17),
(1116, 96, NULL, '2016-01-19 12:29:11', 92, 18),
(1117, 98, 'conhecimento', '2016-01-19 20:18:41', NULL, 1),
(1118, 98, NULL, '2016-01-19 20:18:41', 6, 2),
(1119, 98, NULL, '2016-01-19 20:18:41', 10, 3),
(1120, 98, NULL, '2016-01-19 20:18:41', 12, 4),
(1121, 98, NULL, '2016-01-19 20:18:41', 19, 5),
(1122, 98, 'curiosidade', '2016-01-19 20:18:41', NULL, 6),
(1123, 98, 'me defender', '2016-01-19 20:18:41', NULL, 7),
(1124, 98, NULL, '2016-01-19 20:18:41', 37, 8),
(1125, 98, NULL, '2016-01-19 20:18:41', 40, 9),
(1126, 98, NULL, '2016-01-19 20:18:41', 42, 10),
(1127, 98, NULL, '2016-01-19 20:18:41', 47, 11),
(1128, 98, 'falecido', '2016-01-19 20:18:41', NULL, 12),
(1129, 98, NULL, '2016-01-19 20:18:41', 62, 13),
(1130, 98, 'falecida', '2016-01-19 20:18:41', NULL, 14),
(1131, 98, NULL, '2016-01-19 20:18:41', 80, 15),
(1132, 98, NULL, '2016-01-19 20:18:41', 86, 16),
(1133, 98, NULL, '2016-01-19 20:18:41', 91, 17),
(1134, 98, NULL, '2016-01-19 20:18:41', 93, 18),
(1135, 100, NULL, '2016-01-19 22:16:47', 1, 1),
(1136, 100, NULL, '2016-01-19 22:16:47', 6, 2),
(1137, 100, NULL, '2016-01-19 22:16:47', 10, 3),
(1138, 100, NULL, '2016-01-19 22:16:47', 12, 4),
(1139, 100, NULL, '2016-01-19 22:16:47', 15, 5),
(1140, 100, NULL, '2016-01-19 22:16:47', 26, 6),
(1141, 100, NULL, '2016-01-19 22:16:47', 28, 7),
(1142, 100, NULL, '2016-01-19 22:16:47', 37, 8),
(1143, 100, NULL, '2016-01-19 22:16:47', 39, 9),
(1144, 100, NULL, '2016-01-19 22:16:47', 45, 10),
(1145, 100, NULL, '2016-01-19 22:16:47', 52, 11),
(1146, 100, NULL, '2016-01-19 22:16:47', 53, 12),
(1147, 100, NULL, '2016-01-19 22:16:47', 67, 13),
(1148, 100, NULL, '2016-01-19 22:16:47', 69, 14),
(1149, 100, NULL, '2016-01-19 22:16:47', 82, 15),
(1150, 100, NULL, '2016-01-19 22:16:47', 83, 16),
(1151, 100, NULL, '2016-01-19 22:16:47', 91, 17),
(1152, 100, NULL, '2016-01-19 22:16:47', 92, 18),
(1153, 103, NULL, '2016-01-21 11:19:37', 2, 1),
(1154, 103, NULL, '2016-01-21 11:19:37', 6, 2),
(1155, 103, NULL, '2016-01-21 11:19:37', 10, 3),
(1156, 103, NULL, '2016-01-21 11:19:37', 12, 4),
(1157, 103, 'INVESTIGADOR CRIMINAL', '2016-01-21 11:19:37', NULL, 5),
(1158, 103, NULL, '2016-01-21 11:19:37', 26, 6),
(1159, 103, NULL, '2016-01-21 11:19:37', 28, 7),
(1160, 103, NULL, '2016-01-21 11:19:37', 37, 8),
(1161, 103, NULL, '2016-01-21 11:19:37', 38, 9),
(1162, 103, NULL, '2016-01-21 11:19:37', 42, 10),
(1163, 103, NULL, '2016-01-21 11:19:37', 46, 11),
(1164, 103, 'PEDREIRO', '2016-01-21 11:19:37', NULL, 12),
(1165, 103, NULL, '2016-01-21 11:19:37', 62, 13),
(1166, 103, 'DIARISTA', '2016-01-21 11:19:37', NULL, 14),
(1167, 103, NULL, '2016-01-21 11:19:37', 78, 15),
(1168, 103, NULL, '2016-01-21 11:19:37', 86, 16),
(1169, 103, NULL, '2016-01-21 11:19:37', 91, 17),
(1170, 103, NULL, '2016-01-21 11:19:37', 93, 18),
(1171, 104, NULL, '2016-01-21 12:19:08', 3, 1),
(1172, 104, NULL, '2016-01-21 12:19:08', 6, 2),
(1173, 104, 'Filosofia', '2016-01-21 12:19:08', NULL, 3),
(1174, 104, 'Filosofia', '2016-01-21 12:19:08', NULL, 4),
(1175, 104, NULL, '2016-01-21 12:19:08', 17, 5),
(1176, 104, NULL, '2016-01-21 12:19:08', 26, 6),
(1177, 104, NULL, '2016-01-21 12:19:08', 31, 7),
(1178, 104, NULL, '2016-01-21 12:19:08', 37, 8),
(1179, 104, NULL, '2016-01-21 12:19:08', 39, 9),
(1180, 104, NULL, '2016-01-21 12:19:08', 43, 10),
(1181, 104, NULL, '2016-01-21 12:19:08', 49, 11),
(1182, 104, NULL, '2016-01-21 12:19:08', 59, 12),
(1183, 104, NULL, '2016-01-21 12:19:08', 64, 13),
(1184, 104, NULL, '2016-01-21 12:19:08', 75, 14),
(1185, 104, NULL, '2016-01-21 12:19:08', 81, 15),
(1186, 104, NULL, '2016-01-21 12:19:08', 85, 16),
(1187, 104, NULL, '2016-01-21 12:19:08', 91, 17),
(1188, 104, NULL, '2016-01-21 12:19:08', 93, 18),
(1189, 105, 'Um desejo desde criança.', '2016-01-21 20:25:55', NULL, 1),
(1190, 105, NULL, '2016-01-21 20:25:55', 6, 2),
(1191, 105, 'Gestão em Tecnologia da Informação ', '2016-01-21 20:25:55', NULL, 3),
(1192, 105, NULL, '2016-01-21 20:25:55', 12, 4),
(1193, 105, 'Delegado', '2016-01-21 20:25:55', NULL, 5),
(1194, 105, 'Interesse pela área ', '2016-01-21 20:25:55', NULL, 6),
(1195, 105, NULL, '2016-01-21 20:25:55', 31, 7),
(1196, 105, NULL, '2016-01-21 20:25:55', 37, 8),
(1197, 105, NULL, '2016-01-21 20:25:55', 40, 9),
(1198, 105, NULL, '2016-01-21 20:25:55', 44, 10),
(1199, 105, NULL, '2016-01-21 20:25:55', 47, 11),
(1200, 105, NULL, '2016-01-21 20:25:55', 56, 12),
(1201, 105, NULL, '2016-01-21 20:25:55', 62, 13),
(1202, 105, NULL, '2016-01-21 20:25:55', 74, 14),
(1203, 105, NULL, '2016-01-21 20:25:55', 80, 15),
(1204, 105, NULL, '2016-01-21 20:25:55', 86, 16),
(1205, 105, NULL, '2016-01-21 20:25:55', 90, 17),
(1206, 105, NULL, '2016-01-21 20:25:55', 92, 18),
(1207, 106, NULL, '2016-01-22 09:54:50', 2, 1),
(1208, 106, NULL, '2016-01-22 09:54:50', 6, 2),
(1209, 106, NULL, '2016-01-22 09:54:50', 10, 3),
(1210, 106, NULL, '2016-01-22 09:54:50', 12, 4),
(1211, 106, NULL, '2016-01-22 09:54:50', 17, 5),
(1212, 106, NULL, '2016-01-22 09:54:50', 21, 6),
(1213, 106, NULL, '2016-01-22 09:54:50', 31, 7),
(1214, 106, NULL, '2016-01-22 09:54:50', 37, 8),
(1215, 106, NULL, '2016-01-22 09:54:50', 39, 9),
(1216, 106, NULL, '2016-01-22 09:54:50', 45, 10),
(1217, 106, NULL, '2016-01-22 09:54:50', 50, 11),
(1218, 106, NULL, '2016-01-22 09:54:50', 55, 12),
(1219, 106, NULL, '2016-01-22 09:54:50', 64, 13),
(1220, 106, NULL, '2016-01-22 09:54:50', 75, 14),
(1221, 106, NULL, '2016-01-22 09:54:50', 80, 15),
(1222, 106, NULL, '2016-01-22 09:54:50', 83, 16),
(1223, 106, NULL, '2016-01-22 09:54:50', 89, 17),
(1224, 106, NULL, '2016-01-22 09:54:50', 92, 18),
(1225, 107, NULL, '2016-01-22 14:54:48', 2, 1),
(1226, 107, NULL, '2016-01-22 14:54:48', 6, 2),
(1227, 107, NULL, '2016-01-22 14:54:48', 10, 3),
(1228, 107, NULL, '2016-01-22 14:54:48', 12, 4),
(1229, 107, NULL, '2016-01-22 14:54:48', 17, 5),
(1230, 107, NULL, '2016-01-22 14:54:48', 26, 6),
(1231, 107, NULL, '2016-01-22 14:54:48', 28, 7),
(1232, 107, NULL, '2016-01-22 14:54:48', 33, 8),
(1233, 107, NULL, '2016-01-22 14:54:48', 41, 9),
(1234, 107, NULL, '2016-01-22 14:54:48', 42, 10),
(1235, 107, NULL, '2016-01-22 14:54:48', 49, 11),
(1236, 107, NULL, '2016-01-22 14:54:48', 58, 12),
(1237, 107, NULL, '2016-01-22 14:54:48', 64, 13),
(1238, 107, NULL, '2016-01-22 14:54:48', 75, 14),
(1239, 107, NULL, '2016-01-22 14:54:48', 79, 15),
(1240, 107, NULL, '2016-01-22 14:54:48', 86, 16),
(1241, 107, NULL, '2016-01-22 14:54:48', 91, 17),
(1242, 107, NULL, '2016-01-22 14:54:48', 92, 18),
(1243, 108, NULL, '2016-01-22 18:38:25', 1, 1),
(1244, 108, NULL, '2016-01-22 18:38:25', 6, 2),
(1245, 108, NULL, '2016-01-22 18:38:25', 10, 3),
(1246, 108, NULL, '2016-01-22 18:38:25', 12, 4),
(1247, 108, NULL, '2016-01-22 18:38:25', 18, 5),
(1248, 108, NULL, '2016-01-22 18:38:25', 21, 6),
(1249, 108, NULL, '2016-01-22 18:38:25', 28, 7),
(1250, 108, NULL, '2016-01-22 18:38:25', 37, 8),
(1251, 108, NULL, '2016-01-22 18:38:25', 39, 9),
(1252, 108, NULL, '2016-01-22 18:38:25', 44, 10),
(1253, 108, NULL, '2016-01-22 18:38:25', 48, 11),
(1254, 108, NULL, '2016-01-22 18:38:25', 53, 12),
(1255, 108, NULL, '2016-01-22 18:38:25', 64, 13),
(1256, 108, NULL, '2016-01-22 18:38:25', 68, 14),
(1257, 108, NULL, '2016-01-22 18:38:25', 80, 15),
(1258, 108, NULL, '2016-01-22 18:38:25', 83, 16),
(1259, 108, NULL, '2016-01-22 18:38:25', 91, 17),
(1260, 108, NULL, '2016-01-22 18:38:25', 93, 18),
(1261, 110, NULL, '2016-01-24 12:43:32', 1, 1),
(1262, 110, NULL, '2016-01-24 12:43:32', 8, 2),
(1263, 110, NULL, '2016-01-24 12:43:32', 10, 3),
(1264, 110, NULL, '2016-01-24 12:43:32', 12, 4),
(1265, 110, NULL, '2016-01-24 12:43:32', 17, 5),
(1266, 110, NULL, '2016-01-24 12:43:32', 23, 6),
(1267, 110, NULL, '2016-01-24 12:43:32', 28, 7),
(1268, 110, NULL, '2016-01-24 12:43:32', 37, 8),
(1269, 110, NULL, '2016-01-24 12:43:32', 41, 9),
(1270, 110, NULL, '2016-01-24 12:43:32', 42, 10),
(1271, 110, NULL, '2016-01-24 12:43:32', 50, 11),
(1272, 110, 'Já falecido DESDE 1995', '2016-01-24 12:43:32', NULL, 12),
(1273, 110, NULL, '2016-01-24 12:43:32', 65, 13),
(1274, 110, NULL, '2016-01-24 12:43:32', 76, 14),
(1275, 110, NULL, '2016-01-24 12:43:32', 79, 15),
(1276, 110, NULL, '2016-01-24 12:43:32', 84, 16),
(1277, 110, NULL, '2016-01-24 12:43:32', 91, 17),
(1278, 110, NULL, '2016-01-24 12:43:32', 92, 18),
(1279, 112, NULL, '2016-01-24 17:30:25', 3, 1),
(1280, 112, NULL, '2016-01-24 17:30:25', 8, 2),
(1281, 112, 'Enfermagem', '2016-01-24 17:30:25', NULL, 3),
(1282, 112, 'Doutorado em Saúde. ', '2016-01-24 17:30:25', NULL, 4),
(1283, 112, NULL, '2016-01-24 17:30:25', 16, 5),
(1284, 112, NULL, '2016-01-24 17:30:25', 26, 6),
(1285, 112, NULL, '2016-01-24 17:30:25', 31, 7),
(1286, 112, NULL, '2016-01-24 17:30:25', 35, 8),
(1287, 112, NULL, '2016-01-24 17:30:25', 38, 9),
(1288, 112, NULL, '2016-01-24 17:30:25', 43, 10),
(1289, 112, NULL, '2016-01-24 17:30:25', 48, 11),
(1290, 112, NULL, '2016-01-24 17:30:25', 56, 12),
(1291, 112, NULL, '2016-01-24 17:30:25', 63, 13),
(1292, 112, NULL, '2016-01-24 17:30:25', 73, 14),
(1293, 112, NULL, '2016-01-24 17:30:25', 81, 15),
(1294, 112, NULL, '2016-01-24 17:30:25', 85, 16),
(1295, 112, NULL, '2016-01-24 17:30:25', 91, 17),
(1296, 112, NULL, '2016-01-24 17:30:25', 92, 18),
(1297, 115, NULL, '2016-01-25 17:17:43', 3, 1),
(1298, 115, NULL, '2016-01-25 17:17:43', 6, 2),
(1299, 115, 'Ciências da Computação - USP', '2016-01-25 17:17:43', NULL, 3),
(1300, 115, 'CEAG na FGV e MBA Executivo no INSPER', '2016-01-25 17:17:43', NULL, 4),
(1301, 115, NULL, '2016-01-25 17:17:43', 16, 5),
(1302, 115, NULL, '2016-01-25 17:17:43', 26, 6),
(1303, 115, 'Além de sempre desejar fazer este curso, o principal motivo é aumentar as oportunidades profissionais após os meus 50 anos de idade - aumento de empregabilidade após carreira construída no setor privado.', '2016-01-25 17:17:43', NULL, 7),
(1304, 115, NULL, '2016-01-25 17:17:43', 37, 8),
(1305, 115, NULL, '2016-01-25 17:17:43', 40, 9),
(1306, 115, NULL, '2016-01-25 17:17:43', 42, 10),
(1307, 115, NULL, '2016-01-25 17:17:43', 49, 11),
(1308, 115, 'Falecido - era bancário aposentado', '2016-01-25 17:17:43', NULL, 12),
(1309, 115, NULL, '2016-01-25 17:17:43', 62, 13),
(1310, 115, NULL, '2016-01-25 17:17:43', 76, 14),
(1311, 115, NULL, '2016-01-25 17:17:43', 82, 15),
(1312, 115, NULL, '2016-01-25 17:17:43', 86, 16),
(1313, 115, NULL, '2016-01-25 17:17:43', 91, 17),
(1314, 115, NULL, '2016-01-25 17:17:43', 92, 18),
(1315, 116, NULL, '2016-01-25 20:17:02', 3, 1),
(1316, 116, NULL, '2016-01-25 20:17:02', 6, 2),
(1317, 116, NULL, '2016-01-25 20:17:02', 10, 3),
(1318, 116, NULL, '2016-01-25 20:17:02', 12, 4),
(1319, 116, NULL, '2016-01-25 20:17:02', 15, 5),
(1320, 116, NULL, '2016-01-25 20:17:02', 23, 6),
(1321, 116, NULL, '2016-01-25 20:17:02', 28, 7),
(1322, 116, NULL, '2016-01-25 20:17:02', 37, 8),
(1323, 116, NULL, '2016-01-25 20:17:02', 39, 9),
(1324, 116, NULL, '2016-01-25 20:17:02', 42, 10),
(1325, 116, NULL, '2016-01-25 20:17:02', 50, 11),
(1326, 116, NULL, '2016-01-25 20:17:02', 53, 12),
(1327, 116, NULL, '2016-01-25 20:17:02', 66, 13),
(1328, 116, NULL, '2016-01-25 20:17:02', 75, 14),
(1329, 116, NULL, '2016-01-25 20:17:02', 81, 15),
(1330, 116, NULL, '2016-01-25 20:17:02', 85, 16),
(1331, 116, NULL, '2016-01-25 20:17:02', 91, 17),
(1332, 116, NULL, '2016-01-25 20:17:02', 92, 18),
(1333, 120, 'Mover um processo contra a União, em que fui prejudicado.', '2016-01-26 09:46:05', NULL, 1),
(1334, 120, NULL, '2016-01-26 09:46:05', 6, 2),
(1335, 120, NULL, '2016-01-26 09:46:05', 10, 3),
(1336, 120, NULL, '2016-01-26 09:46:05', 12, 4),
(1337, 120, NULL, '2016-01-26 09:46:05', 16, 5),
(1338, 120, 'Ter como Professor o Ministro Gilmar Mendes', '2016-01-26 09:46:05', NULL, 6),
(1339, 120, NULL, '2016-01-26 09:46:05', 30, 7),
(1340, 120, NULL, '2016-01-26 09:46:05', 37, 8),
(1341, 120, NULL, '2016-01-26 09:46:05', 38, 9),
(1342, 120, NULL, '2016-01-26 09:46:05', 45, 10),
(1343, 120, NULL, '2016-01-26 09:46:05', 46, 11),
(1344, 120, 'Agricultor. Já falecido.', '2016-01-26 09:46:05', NULL, 12),
(1345, 120, NULL, '2016-01-26 09:46:05', 61, 13),
(1346, 120, 'Dona de casa. Falecida.', '2016-01-26 09:46:05', NULL, 14),
(1347, 120, NULL, '2016-01-26 09:46:05', 78, 15),
(1348, 120, NULL, '2016-01-26 09:46:05', 83, 16),
(1349, 120, NULL, '2016-01-26 09:46:05', 88, 17),
(1350, 120, NULL, '2016-01-26 09:46:05', 92, 18),
(1351, 121, NULL, '2016-01-26 11:39:47', 2, 1),
(1352, 121, NULL, '2016-01-26 11:39:47', 6, 2),
(1353, 121, NULL, '2016-01-26 11:39:47', 10, 3),
(1354, 121, NULL, '2016-01-26 11:39:47', 12, 4),
(1355, 121, NULL, '2016-01-26 11:39:47', 18, 5),
(1356, 121, NULL, '2016-01-26 11:39:47', 22, 6),
(1357, 121, NULL, '2016-01-26 11:39:47', 28, 7),
(1358, 121, NULL, '2016-01-26 11:39:47', 37, 8),
(1359, 121, NULL, '2016-01-26 11:39:47', 38, 9),
(1360, 121, NULL, '2016-01-26 11:39:47', 42, 10),
(1361, 121, NULL, '2016-01-26 11:39:47', 49, 11),
(1362, 121, NULL, '2016-01-26 11:39:47', 59, 12),
(1363, 121, NULL, '2016-01-26 11:39:47', 64, 13),
(1364, 121, NULL, '2016-01-26 11:39:47', 73, 14),
(1365, 121, NULL, '2016-01-26 11:39:47', 80, 15),
(1366, 121, NULL, '2016-01-26 11:39:47', 84, 16),
(1367, 121, NULL, '2016-01-26 11:39:47', 90, 17),
(1368, 121, NULL, '2016-01-26 11:39:47', 92, 18),
(1369, 122, 'JÁ SOU FORMADO E TRABALHO EM TRIBUNAL', '2016-01-26 15:59:44', NULL, 1),
(1370, 122, NULL, '2016-01-26 15:59:44', 6, 2),
(1371, 122, 'CIÊNCIA DA COMPUTAÇAO', '2016-01-26 15:59:44', NULL, 3),
(1372, 122, 'GESTÃO PUBLICA', '2016-01-26 15:59:44', NULL, 4),
(1373, 122, NULL, '2016-01-26 15:59:44', 18, 5),
(1374, 122, NULL, '2016-01-26 15:59:44', 21, 6),
(1375, 122, NULL, '2016-01-26 15:59:44', 28, 7),
(1376, 122, NULL, '2016-01-26 15:59:44', 37, 8),
(1377, 122, NULL, '2016-01-26 15:59:44', 38, 9),
(1378, 122, NULL, '2016-01-26 15:59:44', 43, 10),
(1379, 122, NULL, '2016-01-26 15:59:44', 48, 11),
(1380, 122, NULL, '2016-01-26 15:59:44', 57, 12),
(1381, 122, NULL, '2016-01-26 15:59:44', 63, 13),
(1382, 122, NULL, '2016-01-26 15:59:44', 75, 14),
(1383, 122, NULL, '2016-01-26 15:59:44', 82, 15),
(1384, 122, NULL, '2016-01-26 15:59:44', 85, 16),
(1385, 122, NULL, '2016-01-26 15:59:44', 91, 17),
(1386, 122, NULL, '2016-01-26 15:59:44', 92, 18),
(1387, 125, NULL, '2016-01-26 23:25:40', 3, 1),
(1388, 125, NULL, '2016-01-26 23:25:40', 6, 2),
(1389, 125, 'Comunicação Social - Jornalismo', '2016-01-26 23:25:40', NULL, 3),
(1390, 125, NULL, '2016-01-26 23:25:40', 12, 4),
(1391, 125, 'Gestor de Comunicação em entidades jurídicas', '2016-01-26 23:25:40', NULL, 5),
(1392, 125, NULL, '2016-01-26 23:25:40', 22, 6),
(1393, 125, NULL, '2016-01-26 23:25:40', 28, 7),
(1394, 125, NULL, '2016-01-26 23:25:40', 37, 8),
(1395, 125, NULL, '2016-01-26 23:25:40', 38, 9),
(1396, 125, NULL, '2016-01-26 23:25:40', 43, 10),
(1397, 125, NULL, '2016-01-26 23:25:40', 49, 11),
(1398, 125, NULL, '2016-01-26 23:25:40', 59, 12),
(1399, 125, NULL, '2016-01-26 23:25:40', 65, 13),
(1400, 125, NULL, '2016-01-26 23:25:40', 76, 14),
(1401, 125, NULL, '2016-01-26 23:25:40', 81, 15),
(1402, 125, NULL, '2016-01-26 23:25:40', 85, 16),
(1403, 125, NULL, '2016-01-26 23:25:40', 91, 17),
(1404, 125, NULL, '2016-01-26 23:25:40', 92, 18),
(1405, 127, NULL, '2016-01-27 18:06:17', 3, 1),
(1406, 127, NULL, '2016-01-27 18:06:17', 6, 2),
(1407, 127, NULL, '2016-01-27 18:06:17', 10, 3),
(1408, 127, NULL, '2016-01-27 18:06:17', 12, 4),
(1409, 127, NULL, '2016-01-27 18:06:17', 17, 5),
(1410, 127, NULL, '2016-01-27 18:06:17', 26, 6),
(1411, 127, NULL, '2016-01-27 18:06:17', 28, 7),
(1412, 127, NULL, '2016-01-27 18:06:17', 37, 8),
(1413, 127, NULL, '2016-01-27 18:06:17', 39, 9),
(1414, 127, NULL, '2016-01-27 18:06:17', 45, 10),
(1415, 127, NULL, '2016-01-27 18:06:17', 52, 11),
(1416, 127, 'Medico', '2016-01-27 18:06:17', NULL, 12),
(1417, 127, NULL, '2016-01-27 18:06:17', 65, 13),
(1418, 127, NULL, '2016-01-27 18:06:17', 74, 14),
(1419, 127, NULL, '2016-01-27 18:06:17', 82, 15),
(1420, 127, NULL, '2016-01-27 18:06:17', 83, 16),
(1421, 127, NULL, '2016-01-27 18:06:17', 91, 17),
(1422, 127, NULL, '2016-01-27 18:06:17', 92, 18),
(1423, 132, NULL, '2016-01-28 12:21:22', 3, 1),
(1424, 132, NULL, '2016-01-28 12:21:22', 6, 2),
(1425, 132, 'administracao de empresas', '2016-01-28 12:21:22', NULL, 3),
(1426, 132, NULL, '2016-01-28 12:21:22', 12, 4),
(1427, 132, 'a decidir', '2016-01-28 12:21:22', NULL, 5),
(1428, 132, NULL, '2016-01-28 12:21:22', 26, 6),
(1429, 132, NULL, '2016-01-28 12:21:22', 31, 7),
(1430, 132, NULL, '2016-01-28 12:21:22', 37, 8),
(1431, 132, NULL, '2016-01-28 12:21:22', 39, 9),
(1432, 132, NULL, '2016-01-28 12:21:22', 42, 10),
(1433, 132, NULL, '2016-01-28 12:21:22', 48, 11),
(1434, 132, NULL, '2016-01-28 12:21:22', 53, 12),
(1435, 132, NULL, '2016-01-28 12:21:22', 65, 13),
(1436, 132, NULL, '2016-01-28 12:21:22', 68, 14),
(1437, 132, NULL, '2016-01-28 12:21:22', 82, 15),
(1438, 132, NULL, '2016-01-28 12:21:22', 86, 16),
(1439, 132, NULL, '2016-01-28 12:21:22', 91, 17),
(1440, 132, NULL, '2016-01-28 12:21:22', 93, 18),
(1441, 133, NULL, '2016-01-28 12:47:23', 3, 1),
(1442, 133, NULL, '2016-01-28 12:47:23', 7, 2),
(1443, 133, NULL, '2016-01-28 12:47:23', 10, 3),
(1444, 133, NULL, '2016-01-28 12:47:23', 12, 4),
(1445, 133, 'delegado', '2016-01-28 12:47:23', NULL, 5),
(1446, 133, NULL, '2016-01-28 12:47:23', 26, 6),
(1447, 133, NULL, '2016-01-28 12:47:23', 28, 7),
(1448, 133, NULL, '2016-01-28 12:47:23', 37, 8),
(1449, 133, NULL, '2016-01-28 12:47:23', 38, 9),
(1450, 133, NULL, '2016-01-28 12:47:23', 45, 10),
(1451, 133, NULL, '2016-01-28 12:47:23', 47, 11),
(1452, 133, 'lavrador', '2016-01-28 12:47:23', NULL, 12),
(1453, 133, NULL, '2016-01-28 12:47:23', 62, 13),
(1454, 133, NULL, '2016-01-28 12:47:23', 75, 14),
(1455, 133, NULL, '2016-01-28 12:47:23', 78, 15),
(1456, 133, NULL, '2016-01-28 12:47:23', 85, 16),
(1457, 133, NULL, '2016-01-28 12:47:23', 89, 17),
(1458, 133, NULL, '2016-01-28 12:47:23', 92, 18),
(1459, 134, NULL, '2016-01-28 20:24:51', 1, 1),
(1460, 134, NULL, '2016-01-28 20:24:51', 6, 2),
(1461, 134, NULL, '2016-01-28 20:24:51', 10, 3),
(1462, 134, NULL, '2016-01-28 20:24:51', 12, 4),
(1463, 134, NULL, '2016-01-28 20:24:51', 15, 5),
(1464, 134, NULL, '2016-01-28 20:24:51', 26, 6),
(1465, 134, NULL, '2016-01-28 20:24:51', 31, 7),
(1466, 134, NULL, '2016-01-28 20:24:51', 37, 8),
(1467, 134, NULL, '2016-01-28 20:24:51', 38, 9),
(1468, 134, NULL, '2016-01-28 20:24:51', 42, 10),
(1469, 134, NULL, '2016-01-28 20:24:51', 50, 11),
(1470, 134, NULL, '2016-01-28 20:24:51', 59, 12),
(1471, 134, NULL, '2016-01-28 20:24:51', 64, 13),
(1472, 134, NULL, '2016-01-28 20:24:51', 76, 14),
(1473, 134, NULL, '2016-01-28 20:24:51', 81, 15),
(1474, 134, NULL, '2016-01-28 20:24:51', 85, 16),
(1475, 134, NULL, '2016-01-28 20:24:51', 90, 17),
(1476, 134, NULL, '2016-01-28 20:24:51', 92, 18),
(1477, 117, 'Sonho em me formar como bacharel em Direito', '2016-01-28 21:43:53', NULL, 1),
(1478, 117, NULL, '2016-01-28 21:43:53', 9, 2),
(1479, 117, 'processos gerenciais', '2016-01-28 21:43:53', NULL, 3),
(1480, 117, NULL, '2016-01-28 21:43:53', 12, 4),
(1481, 117, NULL, '2016-01-28 21:43:53', 18, 5),
(1482, 117, NULL, '2016-01-28 21:43:53', 26, 6),
(1483, 117, NULL, '2016-01-28 21:43:53', 28, 7),
(1484, 117, NULL, '2016-01-28 21:43:53', 37, 8),
(1485, 117, NULL, '2016-01-28 21:43:53', 39, 9),
(1486, 117, NULL, '2016-01-28 21:43:53', 42, 10),
(1487, 117, NULL, '2016-01-28 21:43:53', 48, 11),
(1488, 117, NULL, '2016-01-28 21:43:53', 58, 12),
(1489, 117, NULL, '2016-01-28 21:43:53', 64, 13),
(1490, 117, NULL, '2016-01-28 21:43:53', 76, 14),
(1491, 117, NULL, '2016-01-28 21:43:53', 78, 15),
(1492, 117, NULL, '2016-01-28 21:43:53', 87, 16),
(1493, 117, NULL, '2016-01-28 21:43:53', 91, 17),
(1494, 117, NULL, '2016-01-28 21:43:53', 93, 18),
(1495, 136, NULL, '2016-01-28 21:58:17', 2, 1),
(1496, 136, NULL, '2016-01-28 21:58:17', 6, 2),
(1497, 136, NULL, '2016-01-28 21:58:17', 10, 3),
(1498, 136, NULL, '2016-01-28 21:58:17', 12, 4),
(1499, 136, NULL, '2016-01-28 21:58:17', 17, 5),
(1500, 136, NULL, '2016-01-28 21:58:17', 26, 6),
(1501, 136, NULL, '2016-01-28 21:58:17', 31, 7),
(1502, 136, NULL, '2016-01-28 21:58:17', 37, 8),
(1503, 136, NULL, '2016-01-28 21:58:17', 38, 9),
(1504, 136, NULL, '2016-01-28 21:58:17', 44, 10),
(1505, 136, NULL, '2016-01-28 21:58:17', 46, 11),
(1506, 136, 'falecido ', '2016-01-28 21:58:17', NULL, 12),
(1507, 136, NULL, '2016-01-28 21:58:17', 61, 13),
(1508, 136, NULL, '2016-01-28 21:58:17', 76, 14),
(1509, 136, NULL, '2016-01-28 21:58:17', 78, 15),
(1510, 136, NULL, '2016-01-28 21:58:17', 85, 16),
(1511, 136, NULL, '2016-01-28 21:58:17', 91, 17),
(1512, 136, NULL, '2016-01-28 21:58:17', 93, 18),
(1513, 140, NULL, '2016-01-29 11:56:43', 2, 1),
(1514, 140, NULL, '2016-01-29 11:56:43', 6, 2),
(1515, 140, 'HISTÓRIA', '2016-01-29 11:56:43', NULL, 3),
(1516, 140, 'GESTÃO EDUCACIONAL, PSICOPEDAGOGIA, METODOLOGIA DO ENSINO SUPERIOR', '2016-01-29 11:56:43', NULL, 4),
(1517, 140, NULL, '2016-01-29 11:56:43', 16, 5),
(1518, 140, NULL, '2016-01-29 11:56:43', 26, 6),
(1519, 140, NULL, '2016-01-29 11:56:43', 31, 7),
(1520, 140, NULL, '2016-01-29 11:56:43', 37, 8),
(1521, 140, NULL, '2016-01-29 11:56:43', 40, 9),
(1522, 140, NULL, '2016-01-29 11:56:43', 44, 10),
(1523, 140, NULL, '2016-01-29 11:56:43', 48, 11),
(1524, 140, 'FALECIDO', '2016-01-29 11:56:43', NULL, 12),
(1525, 140, NULL, '2016-01-29 11:56:43', 61, 13),
(1526, 140, 'FALECIDA', '2016-01-29 11:56:43', NULL, 14),
(1527, 140, NULL, '2016-01-29 11:56:43', 79, 15),
(1528, 140, NULL, '2016-01-29 11:56:43', 84, 16),
(1529, 140, NULL, '2016-01-29 11:56:43', 89, 17),
(1530, 140, NULL, '2016-01-29 11:56:43', 93, 18),
(1531, 141, NULL, '2016-01-29 14:28:16', 2, 1),
(1532, 141, NULL, '2016-01-29 14:28:16', 6, 2),
(1533, 141, NULL, '2016-01-29 14:28:16', 10, 3),
(1534, 141, NULL, '2016-01-29 14:28:16', 12, 4),
(1535, 141, NULL, '2016-01-29 14:28:16', 15, 5),
(1536, 141, NULL, '2016-01-29 14:28:16', 26, 6),
(1537, 141, NULL, '2016-01-29 14:28:16', 28, 7),
(1538, 141, NULL, '2016-01-29 14:28:16', 37, 8),
(1539, 141, NULL, '2016-01-29 14:28:16', 41, 9),
(1540, 141, NULL, '2016-01-29 14:28:16', 44, 10),
(1541, 141, NULL, '2016-01-29 14:28:16', 52, 11),
(1542, 141, NULL, '2016-01-29 14:28:16', 56, 12),
(1543, 141, NULL, '2016-01-29 14:28:16', 66, 13),
(1544, 141, NULL, '2016-01-29 14:28:16', 75, 14),
(1545, 141, NULL, '2016-01-29 14:28:16', 80, 15),
(1546, 141, NULL, '2016-01-29 14:28:16', 83, 16),
(1547, 141, NULL, '2016-01-29 14:28:16', 91, 17),
(1548, 141, NULL, '2016-01-29 14:28:16', 93, 18),
(1549, 143, NULL, '2016-01-29 15:40:33', 3, 1),
(1550, 143, NULL, '2016-01-29 15:40:33', 7, 2),
(1551, 143, NULL, '2016-01-29 15:40:33', 10, 3),
(1552, 143, NULL, '2016-01-29 15:40:33', 12, 4),
(1553, 143, NULL, '2016-01-29 15:40:33', 16, 5),
(1554, 143, NULL, '2016-01-29 15:40:33', 26, 6),
(1555, 143, NULL, '2016-01-29 15:40:33', 31, 7),
(1556, 143, NULL, '2016-01-29 15:40:33', 37, 8),
(1557, 143, NULL, '2016-01-29 15:40:33', 39, 9),
(1558, 143, NULL, '2016-01-29 15:40:33', 45, 10),
(1559, 143, NULL, '2016-01-29 15:40:33', 51, 11),
(1560, 143, NULL, '2016-01-29 15:40:33', 53, 12),
(1561, 143, NULL, '2016-01-29 15:40:33', 67, 13),
(1562, 143, NULL, '2016-01-29 15:40:33', 74, 14),
(1563, 143, NULL, '2016-01-29 15:40:33', 80, 15),
(1564, 143, NULL, '2016-01-29 15:40:33', 84, 16),
(1565, 143, NULL, '2016-01-29 15:40:33', 90, 17),
(1566, 143, NULL, '2016-01-29 15:40:33', 92, 18),
(1567, 145, NULL, '2016-01-30 19:52:51', 3, 1),
(1568, 145, NULL, '2016-01-30 19:52:51', 6, 2),
(1569, 145, NULL, '2016-01-30 19:52:51', 10, 3),
(1570, 145, NULL, '2016-01-30 19:52:51', 12, 4),
(1571, 145, NULL, '2016-01-30 19:52:51', 18, 5),
(1572, 145, NULL, '2016-01-30 19:52:51', 23, 6),
(1573, 145, NULL, '2016-01-30 19:52:51', 31, 7),
(1574, 145, NULL, '2016-01-30 19:52:51', 37, 8),
(1575, 145, NULL, '2016-01-30 19:52:51', 38, 9),
(1576, 145, NULL, '2016-01-30 19:52:51', 42, 10),
(1577, 145, NULL, '2016-01-30 19:52:51', 51, 11),
(1578, 145, NULL, '2016-01-30 19:52:51', 53, 12),
(1579, 145, NULL, '2016-01-30 19:52:51', 64, 13),
(1580, 145, NULL, '2016-01-30 19:52:51', 74, 14),
(1581, 145, NULL, '2016-01-30 19:52:51', 80, 15),
(1582, 145, NULL, '2016-01-30 19:52:51', 87, 16),
(1583, 145, NULL, '2016-01-30 19:52:51', 90, 17),
(1584, 145, NULL, '2016-01-30 19:52:51', 92, 18),
(1585, 147, NULL, '2016-01-30 21:54:38', 2, 1),
(1586, 147, NULL, '2016-01-30 21:54:38', 6, 2),
(1587, 147, NULL, '2016-01-30 21:54:38', 10, 3),
(1588, 147, NULL, '2016-01-30 21:54:38', 12, 4),
(1589, 147, NULL, '2016-01-30 21:54:38', 17, 5),
(1590, 147, NULL, '2016-01-30 21:54:38', 21, 6),
(1591, 147, NULL, '2016-01-30 21:54:38', 28, 7),
(1592, 147, NULL, '2016-01-30 21:54:38', 37, 8),
(1593, 147, NULL, '2016-01-30 21:54:38', 38, 9),
(1594, 147, NULL, '2016-01-30 21:54:38', 45, 10),
(1595, 147, NULL, '2016-01-30 21:54:38', 51, 11),
(1596, 147, NULL, '2016-01-30 21:54:38', 57, 12),
(1597, 147, NULL, '2016-01-30 21:54:38', 64, 13),
(1598, 147, NULL, '2016-01-30 21:54:38', 75, 14),
(1599, 147, NULL, '2016-01-30 21:54:38', 79, 15),
(1600, 147, NULL, '2016-01-30 21:54:38', 83, 16),
(1601, 147, NULL, '2016-01-30 21:54:38', 91, 17),
(1602, 147, NULL, '2016-01-30 21:54:38', 93, 18),
(1603, 148, NULL, '2016-01-31 11:10:23', 2, 1),
(1604, 148, NULL, '2016-01-31 11:10:23', 6, 2),
(1605, 148, NULL, '2016-01-31 11:10:23', 10, 3),
(1606, 148, NULL, '2016-01-31 11:10:23', 12, 4),
(1607, 148, NULL, '2016-01-31 11:10:23', 16, 5),
(1608, 148, NULL, '2016-01-31 11:10:23', 26, 6),
(1609, 148, NULL, '2016-01-31 11:10:23', 28, 7),
(1610, 148, NULL, '2016-01-31 11:10:23', 34, 8),
(1611, 148, NULL, '2016-01-31 11:10:23', 39, 9),
(1612, 148, NULL, '2016-01-31 11:10:23', 42, 10),
(1613, 148, NULL, '2016-01-31 11:10:23', 51, 11),
(1614, 148, NULL, '2016-01-31 11:10:23', 57, 12),
(1615, 148, NULL, '2016-01-31 11:10:23', 66, 13),
(1616, 148, NULL, '2016-01-31 11:10:23', 76, 14),
(1617, 148, NULL, '2016-01-31 11:10:23', 80, 15),
(1618, 148, NULL, '2016-01-31 11:10:23', 85, 16),
(1619, 148, NULL, '2016-01-31 11:10:23', 91, 17),
(1620, 148, NULL, '2016-01-31 11:10:23', 93, 18),
(1621, 152, NULL, '2016-02-01 20:47:57', 3, 1),
(1622, 152, NULL, '2016-02-01 20:47:57', 6, 2),
(1623, 152, NULL, '2016-02-01 20:47:57', 10, 3),
(1624, 152, NULL, '2016-02-01 20:47:57', 12, 4),
(1625, 152, NULL, '2016-02-01 20:47:57', 17, 5),
(1626, 152, NULL, '2016-02-01 20:47:57', 21, 6),
(1627, 152, NULL, '2016-02-01 20:47:57', 28, 7),
(1628, 152, NULL, '2016-02-01 20:47:57', 37, 8),
(1629, 152, NULL, '2016-02-01 20:47:57', 39, 9),
(1630, 152, NULL, '2016-02-01 20:47:57', 45, 10),
(1631, 152, NULL, '2016-02-01 20:47:57', 50, 11),
(1632, 152, NULL, '2016-02-01 20:47:57', 59, 12),
(1633, 152, NULL, '2016-02-01 20:47:57', 66, 13),
(1634, 152, NULL, '2016-02-01 20:47:57', 72, 14),
(1635, 152, NULL, '2016-02-01 20:47:57', 81, 15),
(1636, 152, NULL, '2016-02-01 20:47:57', 83, 16),
(1637, 152, NULL, '2016-02-01 20:47:57', 90, 17),
(1638, 152, NULL, '2016-02-01 20:47:57', 93, 18),
(1639, 153, NULL, '2016-02-01 22:14:19', 1, 1),
(1640, 153, NULL, '2016-02-01 22:14:19', 7, 2),
(1641, 153, NULL, '2016-02-01 22:14:19', 10, 3),
(1642, 153, NULL, '2016-02-01 22:14:19', 12, 4),
(1643, 153, NULL, '2016-02-01 22:14:19', 17, 5),
(1644, 153, NULL, '2016-02-01 22:14:19', 26, 6),
(1645, 153, NULL, '2016-02-01 22:14:19', 28, 7),
(1646, 153, NULL, '2016-02-01 22:14:19', 34, 8),
(1647, 153, NULL, '2016-02-01 22:14:19', 39, 9),
(1648, 153, NULL, '2016-02-01 22:14:19', 45, 10),
(1649, 153, NULL, '2016-02-01 22:14:19', 50, 11),
(1650, 153, NULL, '2016-02-01 22:14:19', 55, 12),
(1651, 153, NULL, '2016-02-01 22:14:19', 67, 13),
(1652, 153, NULL, '2016-02-01 22:14:19', 72, 14),
(1653, 153, NULL, '2016-02-01 22:14:19', 82, 15),
(1654, 153, NULL, '2016-02-01 22:14:19', 83, 16),
(1655, 153, NULL, '2016-02-01 22:14:19', 90, 17),
(1656, 153, NULL, '2016-02-01 22:14:19', 92, 18),
(1657, 154, NULL, '2016-02-02 15:17:31', 2, 1),
(1658, 154, NULL, '2016-02-02 15:17:31', 7, 2),
(1659, 154, NULL, '2016-02-02 15:17:31', 10, 3),
(1660, 154, NULL, '2016-02-02 15:17:31', 12, 4),
(1661, 154, NULL, '2016-02-02 15:17:31', 15, 5),
(1662, 154, NULL, '2016-02-02 15:17:31', 26, 6),
(1663, 154, NULL, '2016-02-02 15:17:31', 31, 7),
(1664, 154, NULL, '2016-02-02 15:17:31', 37, 8),
(1665, 154, NULL, '2016-02-02 15:17:31', 38, 9),
(1666, 154, NULL, '2016-02-02 15:17:31', 44, 10),
(1667, 154, NULL, '2016-02-02 15:17:31', 47, 11),
(1668, 154, 'Faleceu', '2016-02-02 15:17:31', NULL, 12),
(1669, 154, NULL, '2016-02-02 15:17:31', 62, 13),
(1670, 154, 'Domestica', '2016-02-02 15:17:31', NULL, 14),
(1671, 154, NULL, '2016-02-02 15:17:31', 79, 15),
(1672, 154, NULL, '2016-02-02 15:17:31', 83, 16),
(1673, 154, NULL, '2016-02-02 15:17:31', 89, 17),
(1674, 154, NULL, '2016-02-02 15:17:31', 93, 18),
(1675, 155, NULL, '2016-02-02 18:13:59', 3, 1),
(1676, 155, NULL, '2016-02-02 18:13:59', 6, 2),
(1677, 155, 'Engenharia - Metalurgia', '2016-02-02 18:13:59', NULL, 3),
(1678, 155, 'Administração', '2016-02-02 18:13:59', NULL, 4),
(1679, 155, NULL, '2016-02-02 18:13:59', 15, 5),
(1680, 155, 'Amor pelo Direito. Frustração por não ter começado mais cedo!', '2016-02-02 18:13:59', NULL, 6),
(1681, 155, NULL, '2016-02-02 18:13:59', 31, 7),
(1682, 155, NULL, '2016-02-02 18:13:59', 37, 8),
(1683, 155, NULL, '2016-02-02 18:13:59', 38, 9),
(1684, 155, NULL, '2016-02-02 18:13:59', 42, 10),
(1685, 155, NULL, '2016-02-02 18:13:59', 46, 11),
(1686, 155, 'É falecido!', '2016-02-02 18:13:59', NULL, 12),
(1687, 155, NULL, '2016-02-02 18:13:59', 62, 13),
(1688, 155, 'É falecida', '2016-02-02 18:13:59', NULL, 14),
(1689, 155, NULL, '2016-02-02 18:13:59', 81, 15),
(1690, 155, NULL, '2016-02-02 18:13:59', 86, 16),
(1691, 155, NULL, '2016-02-02 18:13:59', 91, 17),
(1692, 155, NULL, '2016-02-02 18:13:59', 92, 18),
(1693, 160, NULL, '2016-02-03 09:31:51', 1, 1),
(1694, 160, NULL, '2016-02-03 09:31:51', 6, 2),
(1695, 160, NULL, '2016-02-03 09:31:51', 10, 3),
(1696, 160, NULL, '2016-02-03 09:31:51', 12, 4),
(1697, 160, NULL, '2016-02-03 09:31:51', 16, 5),
(1698, 160, 'realiza o meu sonho de ser advogada', '2016-02-03 09:31:51', NULL, 6),
(1699, 160, NULL, '2016-02-03 09:31:51', 28, 7),
(1700, 160, NULL, '2016-02-03 09:31:51', 37, 8),
(1701, 160, NULL, '2016-02-03 09:31:51', 38, 9),
(1702, 160, NULL, '2016-02-03 09:31:51', 44, 10),
(1703, 160, NULL, '2016-02-03 09:31:51', 48, 11),
(1704, 160, NULL, '2016-02-03 09:31:51', 59, 12),
(1705, 160, NULL, '2016-02-03 09:31:51', 63, 13),
(1706, 160, 'do lar', '2016-02-03 09:31:51', NULL, 14),
(1707, 160, NULL, '2016-02-03 09:31:51', 79, 15),
(1708, 160, NULL, '2016-02-03 09:31:51', 84, 16),
(1709, 160, NULL, '2016-02-03 09:31:51', 91, 17),
(1710, 160, NULL, '2016-02-03 09:31:51', 93, 18),
(1711, 162, NULL, '2016-02-03 11:29:58', 2, 1),
(1712, 162, NULL, '2016-02-03 11:29:58', 6, 2),
(1713, 162, 'Jornalismo', '2016-02-03 11:29:58', NULL, 3),
(1714, 162, NULL, '2016-02-03 11:29:58', 12, 4),
(1715, 162, NULL, '2016-02-03 11:29:58', 18, 5),
(1716, 162, NULL, '2016-02-03 11:29:58', 22, 6),
(1717, 162, NULL, '2016-02-03 11:29:58', 30, 7),
(1718, 162, NULL, '2016-02-03 11:29:58', 37, 8),
(1719, 162, NULL, '2016-02-03 11:29:58', 38, 9),
(1720, 162, NULL, '2016-02-03 11:29:58', 43, 10),
(1721, 162, NULL, '2016-02-03 11:29:58', 49, 11),
(1722, 162, NULL, '2016-02-03 11:29:58', 59, 12),
(1723, 162, NULL, '2016-02-03 11:29:58', 64, 13),
(1724, 162, NULL, '2016-02-03 11:29:58', 75, 14),
(1725, 162, NULL, '2016-02-03 11:29:58', 82, 15),
(1726, 162, NULL, '2016-02-03 11:29:58', 86, 16),
(1727, 162, NULL, '2016-02-03 11:29:58', 90, 17),
(1728, 162, NULL, '2016-02-03 11:29:58', 92, 18),
(1729, 163, NULL, '2016-02-03 12:31:55', 1, 1),
(1730, 163, NULL, '2016-02-03 12:31:55', 7, 2),
(1731, 163, NULL, '2016-02-03 12:31:55', 10, 3),
(1732, 163, NULL, '2016-02-03 12:31:55', 12, 4),
(1733, 163, NULL, '2016-02-03 12:31:55', 17, 5),
(1734, 163, NULL, '2016-02-03 12:31:55', 23, 6),
(1735, 163, NULL, '2016-02-03 12:31:55', 28, 7),
(1736, 163, NULL, '2016-02-03 12:31:55', 37, 8),
(1737, 163, NULL, '2016-02-03 12:31:55', 38, 9),
(1738, 163, NULL, '2016-02-03 12:31:55', 44, 10),
(1739, 163, NULL, '2016-02-03 12:31:55', 47, 11),
(1740, 163, NULL, '2016-02-03 12:31:55', 53, 12),
(1741, 163, NULL, '2016-02-03 12:31:55', 67, 13),
(1742, 163, NULL, '2016-02-03 12:31:55', 68, 14),
(1743, 163, NULL, '2016-02-03 12:31:55', 79, 15),
(1744, 163, NULL, '2016-02-03 12:31:55', 83, 16),
(1745, 163, NULL, '2016-02-03 12:31:55', 90, 17),
(1746, 163, NULL, '2016-02-03 12:31:55', 92, 18),
(1747, 161, NULL, '2016-02-03 12:56:46', 2, 1),
(1748, 161, NULL, '2016-02-03 12:56:46', 6, 2),
(1749, 161, NULL, '2016-02-03 12:56:46', 10, 3),
(1750, 161, NULL, '2016-02-03 12:56:46', 12, 4),
(1751, 161, NULL, '2016-02-03 12:56:46', 15, 5),
(1752, 161, NULL, '2016-02-03 12:56:46', 21, 6),
(1753, 161, NULL, '2016-02-03 12:56:46', 28, 7),
(1754, 161, NULL, '2016-02-03 12:56:46', 37, 8),
(1755, 161, NULL, '2016-02-03 12:56:46', 38, 9),
(1756, 161, NULL, '2016-02-03 12:56:46', 42, 10),
(1757, 161, NULL, '2016-02-03 12:56:46', 49, 11),
(1758, 161, NULL, '2016-02-03 12:56:46', 56, 12),
(1759, 161, NULL, '2016-02-03 12:56:46', 66, 13),
(1760, 161, NULL, '2016-02-03 12:56:46', 68, 14),
(1761, 161, NULL, '2016-02-03 12:56:46', 79, 15),
(1762, 161, NULL, '2016-02-03 12:56:46', 84, 16),
(1763, 161, NULL, '2016-02-03 12:56:46', 88, 17),
(1764, 161, NULL, '2016-02-03 12:56:46', 92, 18),
(1765, 170, NULL, '2016-02-03 23:20:07', 2, 1),
(1766, 170, NULL, '2016-02-03 23:20:07', 6, 2),
(1767, 170, NULL, '2016-02-03 23:20:07', 10, 3),
(1768, 170, NULL, '2016-02-03 23:20:07', 12, 4),
(1769, 170, NULL, '2016-02-03 23:20:07', 16, 5),
(1770, 170, NULL, '2016-02-03 23:20:07', 26, 6),
(1771, 170, NULL, '2016-02-03 23:20:07', 28, 7),
(1772, 170, NULL, '2016-02-03 23:20:07', 37, 8),
(1773, 170, NULL, '2016-02-03 23:20:07', 39, 9),
(1774, 170, NULL, '2016-02-03 23:20:07', 42, 10),
(1775, 170, NULL, '2016-02-03 23:20:07', 49, 11),
(1776, 170, NULL, '2016-02-03 23:20:07', 59, 12),
(1777, 170, NULL, '2016-02-03 23:20:07', 64, 13),
(1778, 170, NULL, '2016-02-03 23:20:07', 76, 14),
(1779, 170, NULL, '2016-02-03 23:20:07', 81, 15),
(1780, 170, NULL, '2016-02-03 23:20:07', 85, 16),
(1781, 170, NULL, '2016-02-03 23:20:07', 90, 17),
(1782, 170, NULL, '2016-02-03 23:20:07', 92, 18),
(1783, 172, NULL, '2016-02-04 08:48:52', 2, 1),
(1784, 172, NULL, '2016-02-04 08:48:52', 6, 2),
(1785, 172, 'Marketing', '2016-02-04 08:48:52', NULL, 3),
(1786, 172, NULL, '2016-02-04 08:48:52', 12, 4),
(1787, 172, NULL, '2016-02-04 08:48:52', 16, 5),
(1788, 172, NULL, '2016-02-04 08:48:52', 26, 6),
(1789, 172, NULL, '2016-02-04 08:48:52', 29, 7),
(1790, 172, NULL, '2016-02-04 08:48:52', 37, 8),
(1791, 172, NULL, '2016-02-04 08:48:52', 39, 9),
(1792, 172, NULL, '2016-02-04 08:48:52', 42, 10),
(1793, 172, NULL, '2016-02-04 08:48:52', 50, 11),
(1794, 172, NULL, '2016-02-04 08:48:52', 55, 12),
(1795, 172, NULL, '2016-02-04 08:48:52', 65, 13),
(1796, 172, NULL, '2016-02-04 08:48:52', 76, 14),
(1797, 172, NULL, '2016-02-04 08:48:52', 82, 15),
(1798, 172, NULL, '2016-02-04 08:48:52', 86, 16),
(1799, 172, NULL, '2016-02-04 08:48:52', 91, 17),
(1800, 172, NULL, '2016-02-04 08:48:52', 92, 18),
(1801, 175, NULL, '2016-02-04 13:17:41', 2, 1),
(1802, 175, NULL, '2016-02-04 13:17:41', 6, 2),
(1803, 175, NULL, '2016-02-04 13:17:41', 10, 3),
(1804, 175, NULL, '2016-02-04 13:17:41', 12, 4),
(1805, 175, NULL, '2016-02-04 13:17:41', 18, 5),
(1806, 175, NULL, '2016-02-04 13:17:41', 21, 6),
(1807, 175, NULL, '2016-02-04 13:17:41', 28, 7),
(1808, 175, NULL, '2016-02-04 13:17:41', 34, 8),
(1809, 175, NULL, '2016-02-04 13:17:41', 39, 9),
(1810, 175, NULL, '2016-02-04 13:17:41', 45, 10),
(1811, 175, NULL, '2016-02-04 13:17:41', 50, 11),
(1812, 175, NULL, '2016-02-04 13:17:41', 53, 12),
(1813, 175, NULL, '2016-02-04 13:17:41', 67, 13),
(1814, 175, NULL, '2016-02-04 13:17:41', 68, 14),
(1815, 175, NULL, '2016-02-04 13:17:41', 82, 15),
(1816, 175, NULL, '2016-02-04 13:17:41', 83, 16),
(1817, 175, NULL, '2016-02-04 13:17:41', 91, 17),
(1818, 175, NULL, '2016-02-04 13:17:41', 92, 18),
(1819, 176, NULL, '2016-02-04 17:41:35', 2, 1),
(1820, 176, NULL, '2016-02-04 17:41:35', 7, 2),
(1821, 176, NULL, '2016-02-04 17:41:35', 10, 3),
(1822, 176, NULL, '2016-02-04 17:41:35', 12, 4),
(1823, 176, NULL, '2016-02-04 17:41:35', 15, 5),
(1824, 176, NULL, '2016-02-04 17:41:35', 23, 6),
(1825, 176, NULL, '2016-02-04 17:41:35', 28, 7),
(1826, 176, NULL, '2016-02-04 17:41:35', 37, 8),
(1827, 176, NULL, '2016-02-04 17:41:35', 39, 9),
(1828, 176, NULL, '2016-02-04 17:41:35', 45, 10),
(1829, 176, NULL, '2016-02-04 17:41:35', 52, 11),
(1830, 176, NULL, '2016-02-04 17:41:35', 55, 12),
(1831, 176, NULL, '2016-02-04 17:41:35', 67, 13),
(1832, 176, NULL, '2016-02-04 17:41:35', 73, 14),
(1833, 176, NULL, '2016-02-04 17:41:35', 81, 15),
(1834, 176, NULL, '2016-02-04 17:41:35', 83, 16),
(1835, 176, NULL, '2016-02-04 17:41:35', 90, 17),
(1836, 176, NULL, '2016-02-04 17:41:35', 92, 18),
(1837, 114, NULL, '2016-02-05 11:43:57', 3, 1),
(1838, 114, NULL, '2016-02-05 11:43:57', 6, 2),
(1839, 114, 'Geografia (USP)/ Adm. Empresas (U.MACK)/ Teconol. Eletrica(U.MACK)/ Teologia(P.F.T.N.S.ASSUNCÃO).', '2016-02-05 11:43:57', NULL, 3),
(1840, 114, 'TEOLOGIA', '2016-02-05 11:43:57', NULL, 4),
(1841, 114, NULL, '2016-02-05 11:43:57', 16, 5),
(1842, 114, NULL, '2016-02-05 11:43:57', 26, 6),
(1843, 114, NULL, '2016-02-05 11:43:57', 31, 7),
(1844, 114, NULL, '2016-02-05 11:43:57', 37, 8),
(1845, 114, NULL, '2016-02-05 11:43:57', 38, 9),
(1846, 114, NULL, '2016-02-05 11:43:57', 45, 10),
(1847, 114, NULL, '2016-02-05 11:43:57', 47, 11),
(1848, 114, 'FALECIDO', '2016-02-05 11:43:57', NULL, 12),
(1849, 114, NULL, '2016-02-05 11:43:57', 63, 13),
(1850, 114, 'PENSIONISTA C/ 92 ANOS DE IDADE', '2016-02-05 11:43:57', NULL, 14),
(1851, 114, NULL, '2016-02-05 11:43:57', 82, 15),
(1852, 114, NULL, '2016-02-05 11:43:57', 85, 16),
(1853, 114, NULL, '2016-02-05 11:43:57', 91, 17),
(1854, 114, NULL, '2016-02-05 11:43:57', 93, 18),
(1855, 177, NULL, '2016-02-05 12:59:34', 3, 1),
(1856, 177, NULL, '2016-02-05 12:59:34', 7, 2),
(1857, 177, NULL, '2016-02-05 12:59:34', 10, 3),
(1858, 177, NULL, '2016-02-05 12:59:34', 12, 4),
(1859, 177, NULL, '2016-02-05 12:59:34', 19, 5),
(1860, 177, NULL, '2016-02-05 12:59:34', 22, 6),
(1861, 177, NULL, '2016-02-05 12:59:34', 31, 7),
(1862, 177, NULL, '2016-02-05 12:59:34', 33, 8),
(1863, 177, NULL, '2016-02-05 12:59:34', 40, 9),
(1864, 177, NULL, '2016-02-05 12:59:34', 45, 10),
(1865, 177, NULL, '2016-02-05 12:59:34', 50, 11),
(1866, 177, NULL, '2016-02-05 12:59:34', 53, 12),
(1867, 177, NULL, '2016-02-05 12:59:34', 65, 13),
(1868, 177, NULL, '2016-02-05 12:59:34', 68, 14),
(1869, 177, NULL, '2016-02-05 12:59:34', 82, 15),
(1870, 177, NULL, '2016-02-05 12:59:34', 83, 16),
(1871, 177, NULL, '2016-02-05 12:59:34', 91, 17),
(1872, 177, NULL, '2016-02-05 12:59:34', 92, 18),
(1873, 178, NULL, '2016-02-05 15:41:29', 2, 1),
(1874, 178, NULL, '2016-02-05 15:41:29', 6, 2),
(1875, 178, NULL, '2016-02-05 15:41:29', 10, 3),
(1876, 178, NULL, '2016-02-05 15:41:29', 12, 4),
(1877, 178, NULL, '2016-02-05 15:41:29', 15, 5),
(1878, 178, 'Desde que eu tinha 19 anos, meu maior sonho e ser advogada. estou com 64 anos e vou me formar em direito.', '2016-02-05 15:41:29', NULL, 6),
(1879, 178, NULL, '2016-02-05 15:41:29', 28, 7),
(1880, 178, NULL, '2016-02-05 15:41:29', 37, 8),
(1881, 178, NULL, '2016-02-05 15:41:29', 39, 9),
(1882, 178, NULL, '2016-02-05 15:41:29', 42, 10),
(1883, 178, NULL, '2016-02-05 15:41:29', 49, 11),
(1884, 178, NULL, '2016-02-05 15:41:29', 59, 12),
(1885, 178, NULL, '2016-02-05 15:41:29', 64, 13),
(1886, 178, NULL, '2016-02-05 15:41:29', 76, 14),
(1887, 178, NULL, '2016-02-05 15:41:29', 81, 15),
(1888, 178, NULL, '2016-02-05 15:41:29', 85, 16),
(1889, 178, NULL, '2016-02-05 15:41:29', 90, 17),
(1890, 178, NULL, '2016-02-05 15:41:29', 92, 18),
(1891, 179, NULL, '2016-02-05 20:02:57', 3, 1),
(1892, 179, NULL, '2016-02-05 20:02:57', 6, 2),
(1893, 179, NULL, '2016-02-05 20:02:57', 10, 3),
(1894, 179, NULL, '2016-02-05 20:02:57', 12, 4),
(1895, 179, NULL, '2016-02-05 20:02:57', 15, 5),
(1896, 179, NULL, '2016-02-05 20:02:57', 21, 6),
(1897, 179, NULL, '2016-02-05 20:02:57', 31, 7),
(1898, 179, NULL, '2016-02-05 20:02:57', 35, 8),
(1899, 179, NULL, '2016-02-05 20:02:57', 39, 9),
(1900, 179, NULL, '2016-02-05 20:02:57', 44, 10),
(1901, 179, NULL, '2016-02-05 20:02:57', 49, 11),
(1902, 179, NULL, '2016-02-05 20:02:57', 57, 12),
(1903, 179, NULL, '2016-02-05 20:02:57', 64, 13),
(1904, 179, NULL, '2016-02-05 20:02:57', 74, 14),
(1905, 179, NULL, '2016-02-05 20:02:57', 80, 15),
(1906, 179, NULL, '2016-02-05 20:02:57', 83, 16),
(1907, 179, NULL, '2016-02-05 20:02:57', 91, 17),
(1908, 179, NULL, '2016-02-05 20:02:57', 92, 18),
(1909, 181, NULL, '2016-02-05 22:07:44', 2, 1),
(1910, 181, NULL, '2016-02-05 22:07:44', 6, 2),
(1911, 181, NULL, '2016-02-05 22:07:44', 10, 3),
(1912, 181, NULL, '2016-02-05 22:07:44', 12, 4),
(1913, 181, NULL, '2016-02-05 22:07:44', 17, 5),
(1914, 181, NULL, '2016-02-05 22:07:44', 22, 6),
(1915, 181, NULL, '2016-02-05 22:07:44', 31, 7),
(1916, 181, NULL, '2016-02-05 22:07:44', 37, 8),
(1917, 181, NULL, '2016-02-05 22:07:44', 38, 9),
(1918, 181, NULL, '2016-02-05 22:07:44', 42, 10),
(1919, 181, NULL, '2016-02-05 22:07:44', 48, 11),
(1920, 181, NULL, '2016-02-05 22:07:44', 57, 12),
(1921, 181, NULL, '2016-02-05 22:07:44', 62, 13),
(1922, 181, NULL, '2016-02-05 22:07:44', 76, 14),
(1923, 181, NULL, '2016-02-05 22:07:44', 79, 15),
(1924, 181, NULL, '2016-02-05 22:07:44', 85, 16),
(1925, 181, NULL, '2016-02-05 22:07:44', 90, 17),
(1926, 181, NULL, '2016-02-05 22:07:44', 93, 18),
(1927, 182, NULL, '2016-02-06 16:34:17', 2, 1),
(1928, 182, NULL, '2016-02-06 16:34:17', 6, 2),
(1929, 182, 'Engenharia Mecânica', '2016-02-06 16:34:17', NULL, 3),
(1930, 182, NULL, '2016-02-06 16:34:17', 12, 4),
(1931, 182, NULL, '2016-02-06 16:34:17', 16, 5),
(1932, 182, NULL, '2016-02-06 16:34:17', 26, 6),
(1933, 182, NULL, '2016-02-06 16:34:17', 29, 7),
(1934, 182, NULL, '2016-02-06 16:34:17', 37, 8),
(1935, 182, NULL, '2016-02-06 16:34:17', 39, 9),
(1936, 182, NULL, '2016-02-06 16:34:17', 43, 10),
(1937, 182, NULL, '2016-02-06 16:34:17', 50, 11),
(1938, 182, NULL, '2016-02-06 16:34:17', 59, 12),
(1939, 182, NULL, '2016-02-06 16:34:17', 65, 13),
(1940, 182, NULL, '2016-02-06 16:34:17', 76, 14),
(1941, 182, NULL, '2016-02-06 16:34:17', 82, 15),
(1942, 182, NULL, '2016-02-06 16:34:17', 87, 16),
(1943, 182, NULL, '2016-02-06 16:34:17', 90, 17),
(1944, 182, NULL, '2016-02-06 16:34:17', 92, 18),
(1945, 183, NULL, '2016-02-07 19:41:09', 1, 1),
(1946, 183, NULL, '2016-02-07 19:41:09', 6, 2),
(1947, 183, 'Jornalismo', '2016-02-07 19:41:09', NULL, 3),
(1948, 183, NULL, '2016-02-07 19:41:09', 12, 4),
(1949, 183, NULL, '2016-02-07 19:41:09', 18, 5),
(1950, 183, NULL, '2016-02-07 19:41:09', 26, 6),
(1951, 183, NULL, '2016-02-07 19:41:09', 31, 7),
(1952, 183, NULL, '2016-02-07 19:41:09', 37, 8),
(1953, 183, NULL, '2016-02-07 19:41:09', 39, 9),
(1954, 183, NULL, '2016-02-07 19:41:09', 42, 10),
(1955, 183, NULL, '2016-02-07 19:41:09', 50, 11),
(1956, 183, NULL, '2016-02-07 19:41:09', 53, 12),
(1957, 183, NULL, '2016-02-07 19:41:09', 65, 13),
(1958, 183, NULL, '2016-02-07 19:41:09', 75, 14),
(1959, 183, NULL, '2016-02-07 19:41:09', 80, 15),
(1960, 183, NULL, '2016-02-07 19:41:09', 85, 16),
(1961, 183, NULL, '2016-02-07 19:41:09', 91, 17),
(1962, 183, NULL, '2016-02-07 19:41:09', 92, 18),
(1963, 185, 'Eu amo Direito', '2016-02-08 18:35:58', NULL, 1),
(1964, 185, NULL, '2016-02-08 18:35:58', 6, 2),
(1965, 185, 'Administração de Empresas', '2016-02-08 18:35:58', NULL, 3),
(1966, 185, NULL, '2016-02-08 18:35:58', 12, 4),
(1967, 185, NULL, '2016-02-08 18:35:58', 15, 5),
(1968, 185, 'Informações divulgadas na mídia e posterior pesquisa sobre a instituição.', '2016-02-08 18:35:58', NULL, 6),
(1969, 185, 'O motivo principal é por puro prazer! Eu me identifico demais com o Direito. Também como complementação de conhecimentos para uso profissional e, talvez, futuramente, mudar definitivamente para a área do Direito.', '2016-02-08 18:35:58', NULL, 7),
(1970, 185, NULL, '2016-02-08 18:35:58', 37, 8),
(1971, 185, NULL, '2016-02-08 18:35:58', 39, 9),
(1972, 185, NULL, '2016-02-08 18:35:58', 42, 10),
(1973, 185, NULL, '2016-02-08 18:35:58', 48, 11),
(1974, 185, NULL, '2016-02-08 18:35:58', 59, 12),
(1975, 185, NULL, '2016-02-08 18:35:58', 63, 13),
(1976, 185, 'Trabalha com encomendas para festas (bolos, doces e salgados).', '2016-02-08 18:35:58', NULL, 14),
(1977, 185, NULL, '2016-02-08 18:35:58', 80, 15),
(1978, 185, NULL, '2016-02-08 18:35:58', 85, 16),
(1979, 185, NULL, '2016-02-08 18:35:58', 90, 17),
(1980, 185, NULL, '2016-02-08 18:35:58', 92, 18),
(1981, 187, NULL, '2016-02-09 00:53:06', 3, 1),
(1982, 187, NULL, '2016-02-09 00:53:06', 8, 2),
(1983, 187, NULL, '2016-02-09 00:53:06', 10, 3),
(1984, 187, NULL, '2016-02-09 00:53:06', 12, 4),
(1985, 187, NULL, '2016-02-09 00:53:06', 15, 5),
(1986, 187, NULL, '2016-02-09 00:53:06', 26, 6),
(1987, 187, NULL, '2016-02-09 00:53:06', 31, 7),
(1988, 187, NULL, '2016-02-09 00:53:06', 37, 8),
(1989, 187, NULL, '2016-02-09 00:53:06', 38, 9),
(1990, 187, NULL, '2016-02-09 00:53:06', 43, 10),
(1991, 187, NULL, '2016-02-09 00:53:06', 48, 11),
(1992, 187, NULL, '2016-02-09 00:53:06', 56, 12),
(1993, 187, NULL, '2016-02-09 00:53:06', 63, 13),
(1994, 187, NULL, '2016-02-09 00:53:06', 76, 14),
(1995, 187, NULL, '2016-02-09 00:53:06', 81, 15),
(1996, 187, NULL, '2016-02-09 00:53:06', 86, 16),
(1997, 187, NULL, '2016-02-09 00:53:06', 91, 17),
(1998, 187, NULL, '2016-02-09 00:53:06', 92, 18),
(1999, 189, NULL, '2016-02-09 16:35:10', 2, 1),
(2000, 189, NULL, '2016-02-09 16:35:10', 6, 2),
(2001, 189, 'Engenharia Civil', '2016-02-09 16:35:10', NULL, 3),
(2002, 189, NULL, '2016-02-09 16:35:10', 12, 4),
(2003, 189, NULL, '2016-02-09 16:35:10', 15, 5),
(2004, 189, NULL, '2016-02-09 16:35:10', 21, 6),
(2005, 189, NULL, '2016-02-09 16:35:10', 31, 7),
(2006, 189, NULL, '2016-02-09 16:35:10', 37, 8),
(2007, 189, NULL, '2016-02-09 16:35:10', 41, 9),
(2008, 189, NULL, '2016-02-09 16:35:10', 42, 10),
(2009, 189, NULL, '2016-02-09 16:35:10', 49, 11),
(2010, 189, NULL, '2016-02-09 16:35:10', 53, 12),
(2011, 189, NULL, '2016-02-09 16:35:10', 64, 13),
(2012, 189, NULL, '2016-02-09 16:35:10', 76, 14),
(2013, 189, NULL, '2016-02-09 16:35:10', 80, 15),
(2014, 189, NULL, '2016-02-09 16:35:10', 85, 16),
(2015, 189, NULL, '2016-02-09 16:35:10', 91, 17),
(2016, 189, NULL, '2016-02-09 16:35:10', 92, 18),
(2017, 190, NULL, '2016-02-09 22:04:33', 2, 1),
(2018, 190, NULL, '2016-02-09 22:04:33', 6, 2),
(2019, 190, 'Administracao', '2016-02-09 22:04:33', NULL, 3),
(2020, 190, 'Mestrado em administracao', '2016-02-09 22:04:33', NULL, 4),
(2021, 190, 'Consultor', '2016-02-09 22:04:33', NULL, 5),
(2022, 190, NULL, '2016-02-09 22:04:33', 26, 6),
(2023, 190, 'Complementar formação para consultoria', '2016-02-09 22:04:33', NULL, 7),
(2024, 190, NULL, '2016-02-09 22:04:33', 37, 8),
(2025, 190, NULL, '2016-02-09 22:04:33', 41, 9),
(2026, 190, NULL, '2016-02-09 22:04:33', 42, 10),
(2027, 190, NULL, '2016-02-09 22:04:33', 51, 11),
(2028, 190, 'Falecido', '2016-02-09 22:04:33', NULL, 12),
(2029, 190, NULL, '2016-02-09 22:04:33', 65, 13),
(2030, 190, NULL, '2016-02-09 22:04:33', 76, 14),
(2031, 190, NULL, '2016-02-09 22:04:33', 82, 15),
(2032, 190, NULL, '2016-02-09 22:04:33', 87, 16),
(2033, 190, NULL, '2016-02-09 22:04:33', 90, 17),
(2034, 190, NULL, '2016-02-09 22:04:33', 93, 18),
(2035, 191, NULL, '2016-02-10 17:07:01', 3, 1),
(2036, 191, NULL, '2016-02-10 17:07:01', 6, 2),
(2037, 191, NULL, '2016-02-10 17:07:01', 10, 3),
(2038, 191, NULL, '2016-02-10 17:07:01', 12, 4),
(2039, 191, NULL, '2016-02-10 17:07:01', 15, 5),
(2040, 191, NULL, '2016-02-10 17:07:01', 22, 6),
(2041, 191, NULL, '2016-02-10 17:07:01', 28, 7),
(2042, 191, NULL, '2016-02-10 17:07:01', 34, 8),
(2043, 191, NULL, '2016-02-10 17:07:01', 38, 9),
(2044, 191, NULL, '2016-02-10 17:07:01', 42, 10),
(2045, 191, NULL, '2016-02-10 17:07:01', 47, 11),
(2046, 191, NULL, '2016-02-10 17:07:01', 53, 12),
(2047, 191, NULL, '2016-02-10 17:07:01', 62, 13),
(2048, 191, NULL, '2016-02-10 17:07:01', 72, 14),
(2049, 191, NULL, '2016-02-10 17:07:01', 79, 15),
(2050, 191, NULL, '2016-02-10 17:07:01', 84, 16),
(2051, 191, NULL, '2016-02-10 17:07:01', 91, 17),
(2052, 191, NULL, '2016-02-10 17:07:01', 93, 18),
(2053, 193, NULL, '2016-02-11 15:33:49', 3, 1),
(2054, 193, NULL, '2016-02-11 15:33:50', 7, 2),
(2055, 193, NULL, '2016-02-11 15:33:50', 10, 3),
(2056, 193, NULL, '2016-02-11 15:33:50', 12, 4),
(2057, 193, NULL, '2016-02-11 15:33:50', 18, 5),
(2058, 193, NULL, '2016-02-11 15:33:50', 26, 6),
(2059, 193, NULL, '2016-02-11 15:33:50', 31, 7),
(2060, 193, NULL, '2016-02-11 15:33:50', 37, 8),
(2061, 193, NULL, '2016-02-11 15:33:50', 39, 9),
(2062, 193, NULL, '2016-02-11 15:33:50', 45, 10),
(2063, 193, NULL, '2016-02-11 15:33:50', 50, 11),
(2064, 193, NULL, '2016-02-11 15:33:50', 55, 12),
(2065, 193, NULL, '2016-02-11 15:33:50', 66, 13),
(2066, 193, NULL, '2016-02-11 15:33:50', 76, 14),
(2067, 193, NULL, '2016-02-11 15:33:50', 80, 15),
(2068, 193, NULL, '2016-02-11 15:33:50', 83, 16),
(2069, 193, NULL, '2016-02-11 15:33:50', 89, 17),
(2070, 193, NULL, '2016-02-11 15:33:50', 92, 18);
INSERT INTO `proQuestRespostas` (`id_resposta`, `id_inscricao`, `str_resposta`, `dt_save`, `id_alternativa`, `id_pergunta`) VALUES
(2071, 194, NULL, '2016-02-11 20:32:42', 2, 1),
(2072, 194, NULL, '2016-02-11 20:32:42', 6, 2),
(2073, 194, NULL, '2016-02-11 20:32:42', 10, 3),
(2074, 194, NULL, '2016-02-11 20:32:42', 12, 4),
(2075, 194, 'Quero ser Delegado ', '2016-02-11 20:32:42', NULL, 5),
(2076, 194, 'Fazer o curso de Direito e prestar o concurso público para Delegado.', '2016-02-11 20:32:42', NULL, 6),
(2077, 194, NULL, '2016-02-11 20:32:42', 31, 7),
(2078, 194, NULL, '2016-02-11 20:32:42', 37, 8),
(2079, 194, NULL, '2016-02-11 20:32:42', 38, 9),
(2080, 194, NULL, '2016-02-11 20:32:42', 44, 10),
(2081, 194, NULL, '2016-02-11 20:32:42', 47, 11),
(2082, 194, NULL, '2016-02-11 20:32:42', 59, 12),
(2083, 194, NULL, '2016-02-11 20:32:42', 63, 13),
(2084, 194, NULL, '2016-02-11 20:32:42', 75, 14),
(2085, 194, NULL, '2016-02-11 20:32:42', 78, 15),
(2086, 194, NULL, '2016-02-11 20:32:42', 83, 16),
(2087, 194, NULL, '2016-02-11 20:32:42', 91, 17),
(2088, 194, NULL, '2016-02-11 20:32:42', 93, 18),
(2089, 197, NULL, '2016-02-12 21:15:16', 3, 1),
(2090, 197, NULL, '2016-02-12 21:15:16', 6, 2),
(2091, 197, NULL, '2016-02-12 21:15:16', 10, 3),
(2092, 197, NULL, '2016-02-12 21:15:16', 12, 4),
(2093, 197, 'Político', '2016-02-12 21:15:16', NULL, 5),
(2094, 197, NULL, '2016-02-12 21:15:16', 22, 6),
(2095, 197, NULL, '2016-02-12 21:15:16', 31, 7),
(2096, 197, NULL, '2016-02-12 21:15:16', 37, 8),
(2097, 197, NULL, '2016-02-12 21:15:16', 38, 9),
(2098, 197, NULL, '2016-02-12 21:15:16', 42, 10),
(2099, 197, NULL, '2016-02-12 21:15:16', 49, 11),
(2100, 197, 'Falecido', '2016-02-12 21:15:16', NULL, 12),
(2101, 197, NULL, '2016-02-12 21:15:16', 64, 13),
(2102, 197, NULL, '2016-02-12 21:15:16', 76, 14),
(2103, 197, NULL, '2016-02-12 21:15:16', 81, 15),
(2104, 197, NULL, '2016-02-12 21:15:16', 84, 16),
(2105, 197, NULL, '2016-02-12 21:15:16', 91, 17),
(2106, 197, NULL, '2016-02-12 21:15:16', 92, 18),
(2107, 198, NULL, '2016-02-13 12:37:23', 1, 1),
(2108, 198, NULL, '2016-02-13 12:37:23', 6, 2),
(2109, 198, NULL, '2016-02-13 12:37:23', 10, 3),
(2110, 198, NULL, '2016-02-13 12:37:23', 12, 4),
(2111, 198, 'Delegada Federal', '2016-02-13 12:37:23', NULL, 5),
(2112, 198, NULL, '2016-02-13 12:37:23', 26, 6),
(2113, 198, NULL, '2016-02-13 12:37:23', 28, 7),
(2114, 198, NULL, '2016-02-13 12:37:23', 34, 8),
(2115, 198, NULL, '2016-02-13 12:37:23', 39, 9),
(2116, 198, NULL, '2016-02-13 12:37:23', 45, 10),
(2117, 198, NULL, '2016-02-13 12:37:23', 51, 11),
(2118, 198, NULL, '2016-02-13 12:37:23', 56, 12),
(2119, 198, NULL, '2016-02-13 12:37:23', 66, 13),
(2120, 198, NULL, '2016-02-13 12:37:23', 73, 14),
(2121, 198, NULL, '2016-02-13 12:37:23', 79, 15),
(2122, 198, NULL, '2016-02-13 12:37:23', 83, 16),
(2123, 198, NULL, '2016-02-13 12:37:23', 88, 17),
(2124, 198, NULL, '2016-02-13 12:37:23', 93, 18),
(2125, 202, NULL, '2016-02-15 10:23:35', 2, 1),
(2126, 202, NULL, '2016-02-15 10:23:35', 6, 2),
(2127, 202, NULL, '2016-02-15 10:23:35', 10, 3),
(2128, 202, NULL, '2016-02-15 10:23:35', 12, 4),
(2129, 202, NULL, '2016-02-15 10:23:35', 17, 5),
(2130, 202, NULL, '2016-02-15 10:23:35', 23, 6),
(2131, 202, NULL, '2016-02-15 10:23:35', 31, 7),
(2132, 202, NULL, '2016-02-15 10:23:35', 36, 8),
(2133, 202, NULL, '2016-02-15 10:23:35', 39, 9),
(2134, 202, NULL, '2016-02-15 10:23:35', 45, 10),
(2135, 202, NULL, '2016-02-15 10:23:35', 50, 11),
(2136, 202, NULL, '2016-02-15 10:23:35', 57, 12),
(2137, 202, NULL, '2016-02-15 10:23:35', 65, 13),
(2138, 202, NULL, '2016-02-15 10:23:35', 74, 14),
(2139, 202, NULL, '2016-02-15 10:23:35', 82, 15),
(2140, 202, NULL, '2016-02-15 10:23:35', 83, 16),
(2141, 202, NULL, '2016-02-15 10:23:35', 91, 17),
(2142, 202, NULL, '2016-02-15 10:23:35', 92, 18),
(2143, 204, NULL, '2016-02-15 19:30:01', 3, 1),
(2144, 204, NULL, '2016-02-15 19:30:01', 7, 2),
(2145, 204, NULL, '2016-02-15 19:30:01', 10, 3),
(2146, 204, NULL, '2016-02-15 19:30:01', 12, 4),
(2147, 204, NULL, '2016-02-15 19:30:01', 17, 5),
(2148, 204, NULL, '2016-02-15 19:30:01', 26, 6),
(2149, 204, NULL, '2016-02-15 19:30:01', 31, 7),
(2150, 204, NULL, '2016-02-15 19:30:01', 33, 8),
(2151, 204, NULL, '2016-02-15 19:30:01', 39, 9),
(2152, 204, NULL, '2016-02-15 19:30:01', 45, 10),
(2153, 204, NULL, '2016-02-15 19:30:01', 47, 11),
(2154, 204, NULL, '2016-02-15 19:30:01', 56, 12),
(2155, 204, NULL, '2016-02-15 19:30:01', 64, 13),
(2156, 204, NULL, '2016-02-15 19:30:01', 73, 14),
(2157, 204, NULL, '2016-02-15 19:30:01', 80, 15),
(2158, 204, NULL, '2016-02-15 19:30:01', 83, 16),
(2159, 204, NULL, '2016-02-15 19:30:01', 91, 17),
(2160, 204, NULL, '2016-02-15 19:30:01', 92, 18),
(2161, 205, NULL, '2016-02-15 22:02:06', 3, 1),
(2162, 205, NULL, '2016-02-15 22:02:06', 6, 2),
(2163, 205, 'Engenharia de Telecomunicações', '2016-02-15 22:02:06', NULL, 3),
(2164, 205, 'Engenharia de Redes e Sistemas', '2016-02-15 22:02:06', NULL, 4),
(2165, 205, NULL, '2016-02-15 22:02:06', 18, 5),
(2166, 205, NULL, '2016-02-15 22:02:06', 22, 6),
(2167, 205, 'Necessidade ', '2016-02-15 22:02:06', NULL, 7),
(2168, 205, NULL, '2016-02-15 22:02:06', 37, 8),
(2169, 205, NULL, '2016-02-15 22:02:06', 39, 9),
(2170, 205, NULL, '2016-02-15 22:02:06', 42, 10),
(2171, 205, NULL, '2016-02-15 22:02:06', 50, 11),
(2172, 205, NULL, '2016-02-15 22:02:06', 58, 12),
(2173, 205, NULL, '2016-02-15 22:02:06', 65, 13),
(2174, 205, NULL, '2016-02-15 22:02:06', 76, 14),
(2175, 205, NULL, '2016-02-15 22:02:06', 80, 15),
(2176, 205, NULL, '2016-02-15 22:02:06', 85, 16),
(2177, 205, NULL, '2016-02-15 22:02:06', 91, 17),
(2178, 205, NULL, '2016-02-15 22:02:06', 92, 18),
(2179, 207, NULL, '2016-02-16 01:26:48', 3, 1),
(2180, 207, NULL, '2016-02-16 01:26:48', 6, 2),
(2181, 207, 'Biblioteconomia', '2016-02-16 01:26:48', NULL, 3),
(2182, 207, 'Gestão Pública ', '2016-02-16 01:26:48', NULL, 4),
(2183, 207, NULL, '2016-02-16 01:26:48', 15, 5),
(2184, 207, NULL, '2016-02-16 01:26:48', 23, 6),
(2185, 207, NULL, '2016-02-16 01:26:48', 31, 7),
(2186, 207, NULL, '2016-02-16 01:26:48', 37, 8),
(2187, 207, NULL, '2016-02-16 01:26:48', 38, 9),
(2188, 207, NULL, '2016-02-16 01:26:48', 42, 10),
(2189, 207, NULL, '2016-02-16 01:26:48', 49, 11),
(2190, 207, NULL, '2016-02-16 01:26:48', 59, 12),
(2191, 207, NULL, '2016-02-16 01:26:48', 63, 13),
(2192, 207, NULL, '2016-02-16 01:26:48', 76, 14),
(2193, 207, NULL, '2016-02-16 01:26:48', 80, 15),
(2194, 207, NULL, '2016-02-16 01:26:48', 84, 16),
(2195, 207, NULL, '2016-02-16 01:26:48', 91, 17),
(2196, 207, NULL, '2016-02-16 01:26:48', 93, 18),
(2197, 209, NULL, '2016-02-16 12:40:10', 3, 1),
(2198, 209, NULL, '2016-02-16 12:40:10', 6, 2),
(2199, 209, NULL, '2016-02-16 12:40:10', 10, 3),
(2200, 209, NULL, '2016-02-16 12:40:10', 12, 4),
(2201, 209, 'DELEGADO', '2016-02-16 12:40:10', NULL, 5),
(2202, 209, NULL, '2016-02-16 12:40:10', 26, 6),
(2203, 209, NULL, '2016-02-16 12:40:10', 28, 7),
(2204, 209, NULL, '2016-02-16 12:40:10', 34, 8),
(2205, 209, NULL, '2016-02-16 12:40:10', 41, 9),
(2206, 209, NULL, '2016-02-16 12:40:10', 45, 10),
(2207, 209, NULL, '2016-02-16 12:40:10', 52, 11),
(2208, 209, NULL, '2016-02-16 12:40:10', 55, 12),
(2209, 209, NULL, '2016-02-16 12:40:10', 67, 13),
(2210, 209, NULL, '2016-02-16 12:40:10', 74, 14),
(2211, 209, NULL, '2016-02-16 12:40:10', 82, 15),
(2212, 209, NULL, '2016-02-16 12:40:10', 83, 16),
(2213, 209, NULL, '2016-02-16 12:40:10', 91, 17),
(2214, 209, NULL, '2016-02-16 12:40:10', 93, 18),
(2215, 2, NULL, '2016-02-17 11:28:07', 1, 1),
(2216, 2, NULL, '2016-02-17 11:28:07', 6, 2),
(2217, 2, NULL, '2016-02-17 11:28:07', 10, 3),
(2218, 2, NULL, '2016-02-17 11:28:07', 12, 4),
(2219, 2, NULL, '2016-02-17 11:28:07', 15, 5),
(2220, 2, NULL, '2016-02-17 11:28:07', 21, 6),
(2221, 2, NULL, '2016-02-17 11:28:07', 28, 7),
(2222, 2, NULL, '2016-02-17 11:28:07', 33, 8),
(2223, 2, NULL, '2016-02-17 11:28:07', 38, 9),
(2224, 2, NULL, '2016-02-17 11:28:07', 42, 10),
(2225, 2, NULL, '2016-02-17 11:28:07', 46, 11),
(2226, 2, NULL, '2016-02-17 11:28:07', 53, 12),
(2227, 2, NULL, '2016-02-17 11:28:07', 61, 13),
(2228, 2, NULL, '2016-02-17 11:28:07', 68, 14),
(2229, 2, NULL, '2016-02-17 11:28:07', 78, 15),
(2230, 2, NULL, '2016-02-17 11:28:07', 83, 16),
(2231, 2, NULL, '2016-02-17 11:28:07', 88, 17),
(2232, 2, NULL, '2016-02-17 11:28:07', 92, 18),
(2233, 213, NULL, '2016-02-17 14:05:04', 2, 1),
(2234, 213, NULL, '2016-02-17 14:05:04', 6, 2),
(2235, 213, NULL, '2016-02-17 14:05:04', 10, 3),
(2236, 213, NULL, '2016-02-17 14:05:04', 12, 4),
(2237, 213, NULL, '2016-02-17 14:05:04', 15, 5),
(2238, 213, NULL, '2016-02-17 14:05:04', 22, 6),
(2239, 213, NULL, '2016-02-17 14:05:04', 28, 7),
(2240, 213, NULL, '2016-02-17 14:05:04', 37, 8),
(2241, 213, NULL, '2016-02-17 14:05:04', 39, 9),
(2242, 213, NULL, '2016-02-17 14:05:04', 42, 10),
(2243, 213, NULL, '2016-02-17 14:05:04', 51, 11),
(2244, 213, NULL, '2016-02-17 14:05:04', 59, 12),
(2245, 213, NULL, '2016-02-17 14:05:04', 66, 13),
(2246, 213, NULL, '2016-02-17 14:05:04', 75, 14),
(2247, 213, NULL, '2016-02-17 14:05:04', 82, 15),
(2248, 213, NULL, '2016-02-17 14:05:04', 85, 16),
(2249, 213, NULL, '2016-02-17 14:05:04', 90, 17),
(2250, 213, NULL, '2016-02-17 14:05:04', 92, 18),
(2251, 214, NULL, '2016-02-17 15:15:21', 1, 1),
(2252, 214, NULL, '2016-02-17 15:15:21', 6, 2),
(2253, 214, 'Arquitetura e urbanismo', '2016-02-17 15:15:21', NULL, 3),
(2254, 214, 'Arquitetura e urbanismo', '2016-02-17 15:15:21', NULL, 4),
(2255, 214, NULL, '2016-02-17 15:15:21', 15, 5),
(2256, 214, NULL, '2016-02-17 15:15:21', 26, 6),
(2257, 214, NULL, '2016-02-17 15:15:21', 29, 7),
(2258, 214, NULL, '2016-02-17 15:15:21', 37, 8),
(2259, 214, NULL, '2016-02-17 15:15:21', 39, 9),
(2260, 214, NULL, '2016-02-17 15:15:21', 43, 10),
(2261, 214, NULL, '2016-02-17 15:15:21', 51, 11),
(2262, 214, NULL, '2016-02-17 15:15:21', 57, 12),
(2263, 214, NULL, '2016-02-17 15:15:21', 66, 13),
(2264, 214, NULL, '2016-02-17 15:15:21', 68, 14),
(2265, 214, NULL, '2016-02-17 15:15:21', 80, 15),
(2266, 214, NULL, '2016-02-17 15:15:21', 87, 16),
(2267, 214, NULL, '2016-02-17 15:15:21', 91, 17),
(2268, 214, NULL, '2016-02-17 15:15:21', 92, 18),
(2269, 216, NULL, '2016-02-17 20:53:06', 3, 1),
(2270, 216, NULL, '2016-02-17 20:53:06', 6, 2),
(2271, 216, NULL, '2016-02-17 20:53:06', 10, 3),
(2272, 216, NULL, '2016-02-17 20:53:06', 12, 4),
(2273, 216, NULL, '2016-02-17 20:53:06', 16, 5),
(2274, 216, NULL, '2016-02-17 20:53:06', 26, 6),
(2275, 216, NULL, '2016-02-17 20:53:06', 31, 7),
(2276, 216, NULL, '2016-02-17 20:53:06', 37, 8),
(2277, 216, NULL, '2016-02-17 20:53:06', 40, 9),
(2278, 216, NULL, '2016-02-17 20:53:06', 42, 10),
(2279, 216, NULL, '2016-02-17 20:53:06', 47, 11),
(2280, 216, NULL, '2016-02-17 20:53:06', 59, 12),
(2281, 216, NULL, '2016-02-17 20:53:06', 62, 13),
(2282, 216, NULL, '2016-02-17 20:53:06', 76, 14),
(2283, 216, NULL, '2016-02-17 20:53:06', 79, 15),
(2284, 216, NULL, '2016-02-17 20:53:06', 85, 16),
(2285, 216, NULL, '2016-02-17 20:53:06', 90, 17),
(2286, 216, NULL, '2016-02-17 20:53:06', 93, 18),
(2287, 217, NULL, '2016-02-17 22:35:01', 1, 1),
(2288, 217, NULL, '2016-02-17 22:35:01', 6, 2),
(2289, 217, NULL, '2016-02-17 22:35:01', 10, 3),
(2290, 217, NULL, '2016-02-17 22:35:01', 12, 4),
(2291, 217, NULL, '2016-02-17 22:35:01', 17, 5),
(2292, 217, NULL, '2016-02-17 22:35:01', 26, 6),
(2293, 217, NULL, '2016-02-17 22:35:01', 31, 7),
(2294, 217, NULL, '2016-02-17 22:35:01', 33, 8),
(2295, 217, NULL, '2016-02-17 22:35:01', 39, 9),
(2296, 217, NULL, '2016-02-17 22:35:01', 45, 10),
(2297, 217, NULL, '2016-02-17 22:35:01', 52, 11),
(2298, 217, NULL, '2016-02-17 22:35:01', 56, 12),
(2299, 217, NULL, '2016-02-17 22:35:01', 67, 13),
(2300, 217, NULL, '2016-02-17 22:35:01', 72, 14),
(2301, 217, NULL, '2016-02-17 22:35:01', 80, 15),
(2302, 217, NULL, '2016-02-17 22:35:01', 83, 16),
(2303, 217, NULL, '2016-02-17 22:35:01', 91, 17),
(2304, 217, NULL, '2016-02-17 22:35:01', 92, 18),
(2305, 201, NULL, '2016-02-18 11:02:54', 3, 1),
(2306, 201, NULL, '2016-02-18 11:02:54', 6, 2),
(2307, 201, 'Economia', '2016-02-18 11:02:54', NULL, 3),
(2308, 201, NULL, '2016-02-18 11:02:54', 12, 4),
(2309, 201, NULL, '2016-02-18 11:02:54', 15, 5),
(2310, 201, NULL, '2016-02-18 11:02:54', 26, 6),
(2311, 201, NULL, '2016-02-18 11:02:54', 30, 7),
(2312, 201, NULL, '2016-02-18 11:02:54', 34, 8),
(2313, 201, NULL, '2016-02-18 11:02:54', 38, 9),
(2314, 201, NULL, '2016-02-18 11:02:54', 42, 10),
(2315, 201, NULL, '2016-02-18 11:02:54', 49, 11),
(2316, 201, NULL, '2016-02-18 11:02:54', 56, 12),
(2317, 201, NULL, '2016-02-18 11:02:54', 63, 13),
(2318, 201, NULL, '2016-02-18 11:02:54', 75, 14),
(2319, 201, NULL, '2016-02-18 11:02:54', 80, 15),
(2320, 201, NULL, '2016-02-18 11:02:54', 85, 16),
(2321, 201, NULL, '2016-02-18 11:02:54', 90, 17),
(2322, 201, NULL, '2016-02-18 11:02:54', 92, 18),
(2323, 221, NULL, '2016-02-19 20:21:08', 4, 1),
(2324, 221, NULL, '2016-02-19 20:21:08', 9, 2),
(2325, 221, NULL, '2016-02-19 20:21:08', 10, 3),
(2326, 221, NULL, '2016-02-19 20:21:08', 12, 4),
(2327, 221, NULL, '2016-02-19 20:21:08', 18, 5),
(2328, 221, NULL, '2016-02-19 20:21:08', 26, 6),
(2329, 221, NULL, '2016-02-19 20:21:08', 28, 7),
(2330, 221, NULL, '2016-02-19 20:21:08', 37, 8),
(2331, 221, NULL, '2016-02-19 20:21:08', 38, 9),
(2332, 221, NULL, '2016-02-19 20:21:08', 44, 10),
(2333, 221, NULL, '2016-02-19 20:21:08', 47, 11),
(2334, 221, NULL, '2016-02-19 20:21:08', 53, 12),
(2335, 221, NULL, '2016-02-19 20:21:08', 62, 13),
(2336, 221, NULL, '2016-02-19 20:21:08', 75, 14),
(2337, 221, NULL, '2016-02-19 20:21:08', 78, 15),
(2338, 221, NULL, '2016-02-19 20:21:08', 85, 16),
(2339, 221, NULL, '2016-02-19 20:21:08', 89, 17),
(2340, 221, NULL, '2016-02-19 20:21:08', 93, 18),
(2341, 224, NULL, '2016-06-02 09:37:24', 94, 19),
(2342, 224, NULL, '2016-06-02 09:37:24', 99, 20),
(2343, 224, NULL, '2016-06-02 09:37:24', 103, 21),
(2344, 224, NULL, '2016-06-02 09:37:24', 105, 22),
(2345, 224, NULL, '2016-06-02 09:37:24', 108, 23),
(2346, 224, NULL, '2016-06-02 09:37:24', 114, 24),
(2347, 224, NULL, '2016-06-02 09:37:24', 122, 25),
(2348, 224, NULL, '2016-06-02 09:37:24', 126, 26),
(2349, 224, NULL, '2016-06-02 09:37:24', 134, 27),
(2350, 224, NULL, '2016-06-02 09:37:24', 138, 28),
(2351, 224, NULL, '2016-06-02 09:37:24', 139, 29),
(2352, 224, NULL, '2016-06-02 09:37:24', 149, 30),
(2353, 224, NULL, '2016-06-02 09:37:24', 157, 31),
(2354, 224, NULL, '2016-06-02 09:37:24', 167, 32),
(2355, 224, NULL, '2016-06-02 09:37:24', 175, 33),
(2356, 224, NULL, '2016-06-02 09:37:24', 179, 34),
(2357, 224, NULL, '2016-06-02 09:37:24', 182, 35),
(2358, 224, NULL, '2016-06-02 09:37:24', 186, 36),
(2359, 227, NULL, '2016-06-06 14:48:45', 94, 19),
(2360, 227, NULL, '2016-06-06 14:48:45', 99, 20),
(2361, 227, NULL, '2016-06-06 14:48:45', 103, 21),
(2362, 227, NULL, '2016-06-06 14:48:45', 105, 22),
(2363, 227, NULL, '2016-06-06 14:48:45', 109, 23),
(2364, 227, NULL, '2016-06-06 14:48:45', 116, 24),
(2365, 227, NULL, '2016-06-06 14:48:45', 121, 25),
(2366, 227, NULL, '2016-06-06 14:48:45', 127, 26),
(2367, 227, NULL, '2016-06-06 14:48:45', 132, 27),
(2368, 227, NULL, '2016-06-06 14:48:45', 138, 28),
(2369, 227, NULL, '2016-06-06 14:48:45', 142, 29),
(2370, 227, NULL, '2016-06-06 14:48:45', 146, 30),
(2371, 227, NULL, '2016-06-06 14:48:45', 159, 31),
(2372, 227, NULL, '2016-06-06 14:48:45', 161, 32),
(2373, 227, NULL, '2016-06-06 14:48:45', 174, 33),
(2374, 227, NULL, '2016-06-06 14:48:45', 176, 34),
(2375, 227, NULL, '2016-06-06 14:48:45', 184, 35),
(2376, 227, NULL, '2016-06-06 14:48:45', 185, 36),
(2377, 229, NULL, '2016-06-06 18:07:27', 97, 19),
(2378, 229, NULL, '2016-06-06 18:07:27', 100, 20),
(2379, 229, NULL, '2016-06-06 18:07:27', 103, 21),
(2380, 229, NULL, '2016-06-06 18:07:27', 105, 22),
(2381, 229, NULL, '2016-06-06 18:07:27', 112, 23),
(2382, 229, NULL, '2016-06-06 18:07:27', 118, 24),
(2383, 229, NULL, '2016-06-06 18:07:27', 122, 25),
(2384, 229, NULL, '2016-06-06 18:07:27', 130, 26),
(2385, 229, NULL, '2016-06-06 18:07:27', 132, 27),
(2386, 229, NULL, '2016-06-06 18:07:27', 135, 28),
(2387, 229, NULL, '2016-06-06 18:07:27', 145, 29),
(2388, 229, NULL, '2016-06-06 18:07:27', 152, 30),
(2389, 229, NULL, '2016-06-06 18:07:27', 160, 31),
(2390, 229, NULL, '2016-06-06 18:07:27', 169, 32),
(2391, 229, NULL, '2016-06-06 18:07:27', 171, 33),
(2392, 229, NULL, '2016-06-06 18:07:27', 178, 34),
(2393, 229, NULL, '2016-06-06 18:07:27', 184, 35),
(2394, 229, NULL, '2016-06-06 18:07:27', 185, 36),
(2395, 228, NULL, '2016-06-06 18:32:34', 96, 19),
(2396, 228, NULL, '2016-06-06 18:32:34', 101, 20),
(2397, 228, NULL, '2016-06-06 18:32:34', 103, 21),
(2398, 228, NULL, '2016-06-06 18:32:34', 105, 22),
(2399, 228, 'Ainda não sei.', '2016-06-06 18:32:34', NULL, 23),
(2400, 228, NULL, '2016-06-06 18:32:34', 119, 24),
(2401, 228, NULL, '2016-06-06 18:32:34', 121, 25),
(2402, 228, NULL, '2016-06-06 18:32:34', 130, 26),
(2403, 228, NULL, '2016-06-06 18:32:34', 132, 27),
(2404, 228, NULL, '2016-06-06 18:32:34', 135, 28),
(2405, 228, NULL, '2016-06-06 18:32:34', 144, 29),
(2406, 228, NULL, '2016-06-06 18:32:34', 146, 30),
(2407, 228, NULL, '2016-06-06 18:32:34', 160, 31),
(2408, 228, NULL, '2016-06-06 18:32:34', 165, 32),
(2409, 228, NULL, '2016-06-06 18:32:34', 175, 33),
(2410, 228, NULL, '2016-06-06 18:32:34', 178, 34),
(2411, 228, NULL, '2016-06-06 18:32:34', 184, 35),
(2412, 228, NULL, '2016-06-06 18:32:34', 185, 36),
(2413, 231, NULL, '2016-06-06 20:40:17', 94, 19),
(2414, 231, NULL, '2016-06-06 20:40:17', 99, 20),
(2415, 231, NULL, '2016-06-06 20:40:17', 103, 21),
(2416, 231, NULL, '2016-06-06 20:40:17', 105, 22),
(2417, 231, NULL, '2016-06-06 20:40:17', 110, 23),
(2418, 231, NULL, '2016-06-06 20:40:17', 114, 24),
(2419, 231, NULL, '2016-06-06 20:40:17', 121, 25),
(2420, 231, NULL, '2016-06-06 20:40:17', 126, 26),
(2421, 231, NULL, '2016-06-06 20:40:17', 132, 27),
(2422, 231, NULL, '2016-06-06 20:40:17', 138, 28),
(2423, 231, NULL, '2016-06-06 20:40:17', 143, 29),
(2424, 231, NULL, '2016-06-06 20:40:17', 152, 30),
(2425, 231, NULL, '2016-06-06 20:40:17', 159, 31),
(2426, 231, NULL, '2016-06-06 20:40:17', 165, 32),
(2427, 231, NULL, '2016-06-06 20:40:17', 174, 33),
(2428, 231, NULL, '2016-06-06 20:40:17', 176, 34),
(2429, 231, NULL, '2016-06-06 20:40:17', 183, 35),
(2430, 231, NULL, '2016-06-06 20:40:17', 186, 36),
(2431, 233, NULL, '2016-06-07 17:17:26', 96, 19),
(2432, 233, NULL, '2016-06-07 17:17:26', 99, 20),
(2433, 233, 'Engenharia', '2016-06-07 17:17:26', NULL, 21),
(2434, 233, 'Perícias', '2016-06-07 17:17:26', NULL, 22),
(2435, 233, NULL, '2016-06-07 17:17:26', 112, 23),
(2436, 233, NULL, '2016-06-07 17:17:26', 115, 24),
(2437, 233, 'Complementação profissional', '2016-06-07 17:17:26', NULL, 25),
(2438, 233, NULL, '2016-06-07 17:17:26', 130, 26),
(2439, 233, NULL, '2016-06-07 17:17:26', 132, 27),
(2440, 233, NULL, '2016-06-07 17:17:26', 135, 28),
(2441, 233, NULL, '2016-06-07 17:17:26', 142, 29),
(2442, 233, NULL, '2016-06-07 17:17:26', 146, 30),
(2443, 233, NULL, '2016-06-07 17:17:26', 155, 31),
(2444, 233, NULL, '2016-06-07 17:17:26', 169, 32),
(2445, 233, NULL, '2016-06-07 17:17:26', 175, 33),
(2446, 233, NULL, '2016-06-07 17:17:26', 180, 34),
(2447, 233, NULL, '2016-06-07 17:17:26', 183, 35),
(2448, 233, NULL, '2016-06-07 17:17:26', 185, 36),
(2449, 235, NULL, '2016-06-08 11:35:46', 96, 19),
(2450, 235, NULL, '2016-06-08 11:35:46', 99, 20),
(2451, 235, NULL, '2016-06-08 11:35:46', 103, 21),
(2452, 235, NULL, '2016-06-08 11:35:46', 105, 22),
(2453, 235, NULL, '2016-06-08 11:35:46', 109, 23),
(2454, 235, NULL, '2016-06-08 11:35:46', 115, 24),
(2455, 235, NULL, '2016-06-08 11:35:46', 121, 25),
(2456, 235, NULL, '2016-06-08 11:35:46', 130, 26),
(2457, 235, NULL, '2016-06-08 11:35:46', 131, 27),
(2458, 235, NULL, '2016-06-08 11:35:46', 135, 28),
(2459, 235, NULL, '2016-06-08 11:35:46', 142, 29),
(2460, 235, 'Autônomo', '2016-06-08 11:35:46', NULL, 30),
(2461, 235, NULL, '2016-06-08 11:35:46', 157, 31),
(2462, 235, NULL, '2016-06-08 11:35:46', 168, 32),
(2463, 235, NULL, '2016-06-08 11:35:46', 172, 33),
(2464, 235, NULL, '2016-06-08 11:35:46', 177, 34),
(2465, 235, NULL, '2016-06-08 11:35:46', 183, 35),
(2466, 235, NULL, '2016-06-08 11:35:46', 186, 36),
(2467, 236, NULL, '2016-06-09 04:32:01', 94, 19),
(2468, 236, NULL, '2016-06-09 04:32:01', 100, 20),
(2469, 236, NULL, '2016-06-09 04:32:01', 103, 21),
(2470, 236, NULL, '2016-06-09 04:32:01', 105, 22),
(2471, 236, NULL, '2016-06-09 04:32:01', 108, 23),
(2472, 236, NULL, '2016-06-09 04:32:01', 115, 24),
(2473, 236, NULL, '2016-06-09 04:32:01', 121, 25),
(2474, 236, NULL, '2016-06-09 04:32:01', 127, 26),
(2475, 236, NULL, '2016-06-09 04:32:01', 132, 27),
(2476, 236, NULL, '2016-06-09 04:32:01', 138, 28),
(2477, 236, NULL, '2016-06-09 04:32:01', 145, 29),
(2478, 236, NULL, '2016-06-09 04:32:01', 148, 30),
(2479, 236, NULL, '2016-06-09 04:32:01', 160, 31),
(2480, 236, NULL, '2016-06-09 04:32:01', 165, 32),
(2481, 236, NULL, '2016-06-09 04:32:01', 175, 33),
(2482, 236, NULL, '2016-06-09 04:32:01', 176, 34),
(2483, 236, NULL, '2016-06-09 04:32:01', 184, 35),
(2484, 236, NULL, '2016-06-09 04:32:01', 185, 36),
(2485, 237, NULL, '2016-06-09 10:41:52', 95, 19),
(2486, 237, NULL, '2016-06-09 10:41:52', 99, 20),
(2487, 237, NULL, '2016-06-09 10:41:52', 103, 21),
(2488, 237, NULL, '2016-06-09 10:41:52', 105, 22),
(2489, 237, NULL, '2016-06-09 10:41:52', 108, 23),
(2490, 237, NULL, '2016-06-09 10:41:52', 114, 24),
(2491, 237, NULL, '2016-06-09 10:41:52', 122, 25),
(2492, 237, NULL, '2016-06-09 10:41:52', 129, 26),
(2493, 237, NULL, '2016-06-09 10:41:52', 132, 27),
(2494, 237, NULL, '2016-06-09 10:41:52', 135, 28),
(2495, 237, NULL, '2016-06-09 10:41:52', 142, 29),
(2496, 237, NULL, '2016-06-09 10:41:52', 152, 30),
(2497, 237, NULL, '2016-06-09 10:41:52', 155, 31),
(2498, 237, NULL, '2016-06-09 10:41:52', 161, 32),
(2499, 237, NULL, '2016-06-09 10:41:52', 174, 33),
(2500, 237, NULL, '2016-06-09 10:41:52', 179, 34),
(2501, 237, NULL, '2016-06-09 10:41:52', 184, 35),
(2502, 237, NULL, '2016-06-09 10:41:52', 185, 36),
(2503, 238, NULL, '2016-06-10 11:48:03', 96, 19),
(2504, 238, NULL, '2016-06-10 11:48:03', 99, 20),
(2505, 238, 'Medicina', '2016-06-10 11:48:03', NULL, 21),
(2506, 238, 'Terapia Intensiva', '2016-06-10 11:48:03', NULL, 22),
(2507, 238, NULL, '2016-06-10 11:48:03', 108, 23),
(2508, 238, NULL, '2016-06-10 11:48:03', 119, 24),
(2509, 238, NULL, '2016-06-10 11:48:03', 121, 25),
(2510, 238, NULL, '2016-06-10 11:48:03', 130, 26),
(2511, 238, NULL, '2016-06-10 11:48:03', 132, 27),
(2512, 238, NULL, '2016-06-10 11:48:03', 136, 28),
(2513, 238, NULL, '2016-06-10 11:48:03', 143, 29),
(2514, 238, NULL, '2016-06-10 11:48:03', 152, 30),
(2515, 238, NULL, '2016-06-10 11:48:03', 157, 31),
(2516, 238, NULL, '2016-06-10 11:48:03', 169, 32),
(2517, 238, NULL, '2016-06-10 11:48:03', 175, 33),
(2518, 238, NULL, '2016-06-10 11:48:03', 179, 34),
(2519, 238, NULL, '2016-06-10 11:48:03', 183, 35),
(2520, 238, NULL, '2016-06-10 11:48:04', 186, 36),
(2521, 239, NULL, '2016-06-10 13:01:29', 95, 19),
(2522, 239, NULL, '2016-06-10 13:01:29', 101, 20),
(2523, 239, NULL, '2016-06-10 13:01:29', 103, 21),
(2524, 239, NULL, '2016-06-10 13:01:29', 105, 22),
(2525, 239, NULL, '2016-06-10 13:01:29', 108, 23),
(2526, 239, NULL, '2016-06-10 13:01:29', 115, 24),
(2527, 239, NULL, '2016-06-10 13:01:29', 121, 25),
(2528, 239, NULL, '2016-06-10 13:01:29', 130, 26),
(2529, 239, NULL, '2016-06-10 13:01:29', 132, 27),
(2530, 239, NULL, '2016-06-10 13:01:29', 135, 28),
(2531, 239, NULL, '2016-06-10 13:01:29', 143, 29),
(2532, 239, NULL, '2016-06-10 13:01:29', 146, 30),
(2533, 239, NULL, '2016-06-10 13:01:29', 158, 31),
(2534, 239, NULL, '2016-06-10 13:01:29', 165, 32),
(2535, 239, NULL, '2016-06-10 13:01:29', 175, 33),
(2536, 239, NULL, '2016-06-10 13:01:29', 178, 34),
(2537, 239, NULL, '2016-06-10 13:01:29', 184, 35),
(2538, 239, NULL, '2016-06-10 13:01:29', 185, 36),
(2539, 240, NULL, '2016-06-14 11:15:05', 94, 19),
(2540, 240, NULL, '2016-06-14 11:15:05', 99, 20),
(2541, 240, NULL, '2016-06-14 11:15:05', 103, 21),
(2542, 240, NULL, '2016-06-14 11:15:05', 105, 22),
(2543, 240, NULL, '2016-06-14 11:15:05', 111, 23),
(2544, 240, NULL, '2016-06-14 11:15:05', 114, 24),
(2545, 240, NULL, '2016-06-14 11:15:05', 121, 25),
(2546, 240, NULL, '2016-06-14 11:15:05', 128, 26),
(2547, 240, NULL, '2016-06-14 11:15:05', 132, 27),
(2548, 240, NULL, '2016-06-14 11:15:05', 138, 28),
(2549, 240, NULL, '2016-06-14 11:15:05', 145, 29),
(2550, 240, NULL, '2016-06-14 11:15:05', 149, 30),
(2551, 240, NULL, '2016-06-14 11:15:05', 160, 31),
(2552, 240, NULL, '2016-06-14 11:15:05', 166, 32),
(2553, 240, NULL, '2016-06-14 11:15:05', 175, 33),
(2554, 240, NULL, '2016-06-14 11:15:05', 176, 34),
(2555, 240, NULL, '2016-06-14 11:15:05', 183, 35),
(2556, 240, NULL, '2016-06-14 11:15:05', 185, 36),
(2557, 241, NULL, '2016-06-14 21:39:37', 94, 19),
(2558, 241, NULL, '2016-06-14 21:39:37', 99, 20),
(2559, 241, NULL, '2016-06-14 21:39:37', 103, 21),
(2560, 241, NULL, '2016-06-14 21:39:37', 105, 22),
(2561, 241, NULL, '2016-06-14 21:39:37', 109, 23),
(2562, 241, NULL, '2016-06-14 21:39:37', 116, 24),
(2563, 241, NULL, '2016-06-14 21:39:37', 124, 25),
(2564, 241, NULL, '2016-06-14 21:39:37', 130, 26),
(2565, 241, NULL, '2016-06-14 21:39:37', 131, 27),
(2566, 241, NULL, '2016-06-14 21:39:37', 137, 28),
(2567, 241, NULL, '2016-06-14 21:39:37', 141, 29),
(2568, 241, 'Motoboy', '2016-06-14 21:39:37', NULL, 30),
(2569, 241, NULL, '2016-06-14 21:39:37', 157, 31),
(2570, 241, NULL, '2016-06-14 21:39:37', 162, 32),
(2571, 241, NULL, '2016-06-14 21:39:37', 171, 33),
(2572, 241, NULL, '2016-06-14 21:39:37', 176, 34),
(2573, 241, NULL, '2016-06-14 21:39:37', 181, 35),
(2574, 241, NULL, '2016-06-14 21:39:37', 185, 36),
(2575, 242, NULL, '2016-06-16 17:16:40', 94, 19),
(2576, 242, NULL, '2016-06-16 17:16:40', 99, 20),
(2577, 242, NULL, '2016-06-16 17:16:40', 103, 21),
(2578, 242, NULL, '2016-06-16 17:16:40', 105, 22),
(2579, 242, NULL, '2016-06-16 17:16:40', 108, 23),
(2580, 242, 'PESQUISA ', '2016-06-16 17:16:40', NULL, 24),
(2581, 242, NULL, '2016-06-16 17:16:40', 121, 25),
(2582, 242, NULL, '2016-06-16 17:16:40', 130, 26),
(2583, 242, NULL, '2016-06-16 17:16:40', 133, 27),
(2584, 242, NULL, '2016-06-16 17:16:40', 137, 28),
(2585, 242, NULL, '2016-06-16 17:16:40', 139, 29),
(2586, 242, NULL, '2016-06-16 17:16:40', 151, 30),
(2587, 242, NULL, '2016-06-16 17:16:40', 154, 31),
(2588, 242, NULL, '2016-06-16 17:16:40', 168, 32),
(2589, 242, NULL, '2016-06-16 17:16:40', 171, 33),
(2590, 242, NULL, '2016-06-16 17:16:40', 178, 34),
(2591, 242, NULL, '2016-06-16 17:16:40', 181, 35),
(2592, 242, NULL, '2016-06-16 17:16:40', 186, 36),
(2593, 243, NULL, '2016-06-17 13:10:42', 94, 19),
(2594, 243, NULL, '2016-06-17 13:10:42', 102, 20),
(2595, 243, NULL, '2016-06-17 13:10:42', 103, 21),
(2596, 243, NULL, '2016-06-17 13:10:42', 105, 22),
(2597, 243, NULL, '2016-06-17 13:10:42', 108, 23),
(2598, 243, NULL, '2016-06-17 13:10:42', 119, 24),
(2599, 243, NULL, '2016-06-17 13:10:42', 121, 25),
(2600, 243, NULL, '2016-06-17 13:10:42', 126, 26),
(2601, 243, NULL, '2016-06-17 13:10:42', 132, 27),
(2602, 243, NULL, '2016-06-17 13:10:42', 135, 28),
(2603, 243, NULL, '2016-06-17 13:10:42', 143, 29),
(2604, 243, NULL, '2016-06-17 13:10:42', 148, 30),
(2605, 243, NULL, '2016-06-17 13:10:42', 158, 31),
(2606, 243, NULL, '2016-06-17 13:10:42', 169, 32),
(2607, 243, NULL, '2016-06-17 13:10:42', 173, 33),
(2608, 243, NULL, '2016-06-17 13:10:42', 177, 34),
(2609, 243, NULL, '2016-06-17 13:10:42', 181, 35),
(2610, 243, NULL, '2016-06-17 13:10:42', 185, 36),
(2611, 244, NULL, '2016-06-20 11:36:44', 95, 19),
(2612, 244, NULL, '2016-06-20 11:36:44', 99, 20),
(2613, 244, 'Ciencias Economicas', '2016-06-20 11:36:44', NULL, 21),
(2614, 244, 'Economia', '2016-06-20 11:36:44', NULL, 22),
(2615, 244, NULL, '2016-06-20 11:36:44', 108, 23),
(2616, 244, NULL, '2016-06-20 11:36:44', 119, 24),
(2617, 244, NULL, '2016-06-20 11:36:44', 121, 25),
(2618, 244, NULL, '2016-06-20 11:36:44', 130, 26),
(2619, 244, NULL, '2016-06-20 11:36:44', 132, 27),
(2620, 244, NULL, '2016-06-20 11:36:44', 135, 28),
(2621, 244, NULL, '2016-06-20 11:36:44', 140, 29),
(2622, 244, NULL, '2016-06-20 11:36:44', 152, 30),
(2623, 244, NULL, '2016-06-20 11:36:44', 155, 31),
(2624, 244, NULL, '2016-06-20 11:36:44', 168, 32),
(2625, 244, NULL, '2016-06-20 11:36:44', 175, 33),
(2626, 244, NULL, '2016-06-20 11:36:44', 178, 34),
(2627, 244, NULL, '2016-06-20 11:36:44', 183, 35),
(2628, 244, NULL, '2016-06-20 11:36:44', 185, 36),
(2629, 245, NULL, '2016-06-21 16:30:20', 97, 19),
(2630, 245, NULL, '2016-06-21 16:30:20', 99, 20),
(2631, 245, 'Pedagogia', '2016-06-21 16:30:20', NULL, 21),
(2632, 245, NULL, '2016-06-21 16:30:20', 105, 22),
(2633, 245, NULL, '2016-06-21 16:30:20', 108, 23),
(2634, 245, NULL, '2016-06-21 16:30:20', 116, 24),
(2635, 245, NULL, '2016-06-21 16:30:20', 124, 25),
(2636, 245, NULL, '2016-06-21 16:30:20', 130, 26),
(2637, 245, NULL, '2016-06-21 16:30:20', 132, 27),
(2638, 245, NULL, '2016-06-21 16:30:20', 135, 28),
(2639, 245, NULL, '2016-06-21 16:30:20', 140, 29),
(2640, 245, 'Agricultor', '2016-06-21 16:30:20', NULL, 30),
(2641, 245, NULL, '2016-06-21 16:30:21', 156, 31),
(2642, 245, 'Feirante', '2016-06-21 16:30:21', NULL, 32),
(2643, 245, NULL, '2016-06-21 16:30:21', 173, 33),
(2644, 245, NULL, '2016-06-21 16:30:21', 178, 34),
(2645, 245, NULL, '2016-06-21 16:30:21', 183, 35),
(2646, 245, NULL, '2016-06-21 16:30:21', 186, 36),
(2647, 246, NULL, '2016-06-28 00:55:31', 96, 19),
(2648, 246, NULL, '2016-06-28 00:55:31', 100, 20),
(2649, 246, NULL, '2016-06-28 00:55:31', 103, 21),
(2650, 246, NULL, '2016-06-28 00:55:31', 105, 22),
(2651, 246, NULL, '2016-06-28 00:55:31', 110, 23),
(2652, 246, NULL, '2016-06-28 00:55:31', 116, 24),
(2653, 246, NULL, '2016-06-28 00:55:31', 121, 25),
(2654, 246, NULL, '2016-06-28 00:55:31', 128, 26),
(2655, 246, NULL, '2016-06-28 00:55:31', 132, 27),
(2656, 246, NULL, '2016-06-28 00:55:31', 138, 28),
(2657, 246, NULL, '2016-06-28 00:55:31', 140, 29),
(2658, 246, NULL, '2016-06-28 00:55:31', 152, 30),
(2659, 246, NULL, '2016-06-28 00:55:31', 160, 31),
(2660, 246, NULL, '2016-06-28 00:55:31', 165, 32),
(2661, 246, NULL, '2016-06-28 00:55:31', 174, 33),
(2662, 246, NULL, '2016-06-28 00:55:31', 176, 34),
(2663, 246, NULL, '2016-06-28 00:55:31', 183, 35),
(2664, 246, NULL, '2016-06-28 00:55:31', 186, 36),
(2665, 248, NULL, '2016-07-01 17:41:14', 96, 19),
(2666, 248, NULL, '2016-07-01 17:41:14', 99, 20),
(2667, 248, 'Relações Internacionais - Universidade de São Paulo', '2016-07-01 17:41:14', NULL, 21),
(2668, 248, 'Pós-Graduando em Direito Tributário', '2016-07-01 17:41:14', NULL, 22),
(2669, 248, NULL, '2016-07-01 17:41:14', 109, 23),
(2670, 248, NULL, '2016-07-01 17:41:14', 119, 24),
(2671, 248, NULL, '2016-07-01 17:41:14', 121, 25),
(2672, 248, NULL, '2016-07-01 17:41:14', 127, 26),
(2673, 248, NULL, '2016-07-01 17:41:14', 132, 27),
(2674, 248, NULL, '2016-07-01 17:41:14', 138, 28),
(2675, 248, NULL, '2016-07-01 17:41:14', 144, 29),
(2676, 248, NULL, '2016-07-01 17:41:14', 152, 30),
(2677, 248, NULL, '2016-07-01 17:41:14', 158, 31),
(2678, 248, NULL, '2016-07-01 17:41:14', 169, 32),
(2679, 248, NULL, '2016-07-01 17:41:14', 175, 33),
(2680, 248, NULL, '2016-07-01 17:41:14', 179, 34),
(2681, 248, NULL, '2016-07-01 17:41:14', 184, 35),
(2682, 248, NULL, '2016-07-01 17:41:14', 186, 36),
(2683, 256, NULL, '2016-07-06 17:41:03', 96, 19),
(2684, 256, NULL, '2016-07-06 17:41:03', 99, 20),
(2685, 256, NULL, '2016-07-06 17:41:03', 103, 21),
(2686, 256, NULL, '2016-07-06 17:41:03', 105, 22),
(2687, 256, NULL, '2016-07-06 17:41:03', 109, 23),
(2688, 256, NULL, '2016-07-06 17:41:03', 115, 24),
(2689, 256, NULL, '2016-07-06 17:41:03', 121, 25),
(2690, 256, NULL, '2016-07-06 17:41:03', 130, 26),
(2691, 256, NULL, '2016-07-06 17:41:03', 131, 27),
(2692, 256, NULL, '2016-07-06 17:41:03', 137, 28),
(2693, 256, NULL, '2016-07-06 17:41:03', 144, 29),
(2694, 256, NULL, '2016-07-06 17:41:03', 150, 30),
(2695, 256, NULL, '2016-07-06 17:41:03', 157, 31),
(2696, 256, NULL, '2016-07-06 17:41:03', 168, 32),
(2697, 256, NULL, '2016-07-06 17:41:03', 172, 33),
(2698, 256, NULL, '2016-07-06 17:41:03', 176, 34),
(2699, 256, NULL, '2016-07-06 17:41:03', 183, 35),
(2700, 256, NULL, '2016-07-06 17:41:03', 185, 36),
(2701, 262, NULL, '2016-07-12 20:09:42', 96, 19),
(2702, 262, NULL, '2016-07-12 20:09:42', 102, 20),
(2703, 262, 'Nutrição', '2016-07-12 20:09:42', NULL, 21),
(2704, 262, 'Nutrição esportiva', '2016-07-12 20:09:42', NULL, 22),
(2705, 262, 'Delegada Federal', '2016-07-12 20:09:42', NULL, 23),
(2706, 262, NULL, '2016-07-12 20:09:42', 119, 24),
(2707, 262, NULL, '2016-07-12 20:09:42', 121, 25),
(2708, 262, NULL, '2016-07-12 20:09:42', 130, 26),
(2709, 262, NULL, '2016-07-12 20:09:42', 131, 27),
(2710, 262, NULL, '2016-07-12 20:09:42', 135, 28),
(2711, 262, NULL, '2016-07-12 20:09:42', 144, 29),
(2712, 262, NULL, '2016-07-12 20:09:42', 152, 30),
(2713, 262, NULL, '2016-07-12 20:09:42', 157, 31),
(2714, 262, NULL, '2016-07-12 20:09:42', 169, 32),
(2715, 262, NULL, '2016-07-12 20:09:42', 173, 33),
(2716, 262, NULL, '2016-07-12 20:09:42', 180, 34),
(2717, 262, NULL, '2016-07-12 20:09:42', 184, 35),
(2718, 262, NULL, '2016-07-12 20:09:42', 186, 36),
(2719, 264, NULL, '2016-07-13 11:04:47', 94, 19),
(2720, 264, NULL, '2016-07-13 11:04:47', 99, 20),
(2721, 264, 'Arquitetura e urbanismo', '2016-07-13 11:04:47', NULL, 21),
(2722, 264, 'Arquitetura e urbanismo', '2016-07-13 11:04:47', NULL, 22),
(2723, 264, 'Procurador da República', '2016-07-13 11:04:47', NULL, 23),
(2724, 264, NULL, '2016-07-13 11:04:47', 119, 24),
(2725, 264, NULL, '2016-07-13 11:04:47', 124, 25),
(2726, 264, NULL, '2016-07-13 11:04:47', 130, 26),
(2727, 264, NULL, '2016-07-13 11:04:47', 132, 27),
(2728, 264, NULL, '2016-07-13 11:04:47', 136, 28),
(2729, 264, NULL, '2016-07-13 11:04:48', 144, 29),
(2730, 264, NULL, '2016-07-13 11:04:48', 152, 30),
(2731, 264, NULL, '2016-07-13 11:04:48', 158, 31),
(2732, 264, NULL, '2016-07-13 11:04:48', 167, 32),
(2733, 264, NULL, '2016-07-13 11:04:48', 173, 33),
(2734, 264, NULL, '2016-07-13 11:04:48', 180, 34),
(2735, 264, NULL, '2016-07-13 11:04:48', 183, 35),
(2736, 264, NULL, '2016-07-13 11:04:48', 185, 36),
(2737, 265, NULL, '2016-07-13 16:54:22', 96, 19),
(2738, 265, NULL, '2016-07-13 16:54:22', 99, 20),
(2739, 265, 'Ciências Sociais (USP)', '2016-07-13 16:54:22', NULL, 21),
(2740, 265, 'Mestrado em Ciência Política (USP)', '2016-07-13 16:54:22', NULL, 22),
(2741, 265, NULL, '2016-07-13 16:54:22', 108, 23),
(2742, 265, NULL, '2016-07-13 16:54:22', 115, 24),
(2743, 265, NULL, '2016-07-13 16:54:22', 121, 25),
(2744, 265, NULL, '2016-07-13 16:54:22', 130, 26),
(2745, 265, NULL, '2016-07-13 16:54:22', 131, 27),
(2746, 265, NULL, '2016-07-13 16:54:22', 136, 28),
(2747, 265, NULL, '2016-07-13 16:54:22', 142, 29),
(2748, 265, NULL, '2016-07-13 16:54:22', 152, 30),
(2749, 265, NULL, '2016-07-13 16:54:22', 159, 31),
(2750, 265, 'Falecida', '2016-07-13 16:54:22', NULL, 32),
(2751, 265, NULL, '2016-07-13 16:54:22', 174, 33),
(2752, 265, NULL, '2016-07-13 16:54:22', 178, 34),
(2753, 265, NULL, '2016-07-13 16:54:22', 184, 35),
(2754, 265, NULL, '2016-07-13 16:54:22', 185, 36),
(2755, 261, 'Ter a capacidade de operar importantes mudanças no Brasil e claro, ser um profissional respeitado e obter uma formação intelectual mais ampla.', '2016-07-14 15:40:39', NULL, 19),
(2756, 261, NULL, '2016-07-14 15:40:39', 100, 20),
(2757, 261, NULL, '2016-07-14 15:40:39', 103, 21),
(2758, 261, NULL, '2016-07-14 15:40:39', 105, 22),
(2759, 261, NULL, '2016-07-14 15:40:39', 109, 23),
(2760, 261, NULL, '2016-07-14 15:40:39', 115, 24),
(2761, 261, NULL, '2016-07-14 15:40:39', 121, 25),
(2762, 261, NULL, '2016-07-14 15:40:39', 129, 26),
(2763, 261, NULL, '2016-07-14 15:40:39', 131, 27),
(2764, 261, NULL, '2016-07-14 15:40:39', 137, 28),
(2765, 261, NULL, '2016-07-14 15:40:39', 143, 29),
(2766, 261, NULL, '2016-07-14 15:40:39', 146, 30),
(2767, 261, NULL, '2016-07-14 15:40:39', 158, 31),
(2768, 261, NULL, '2016-07-14 15:40:39', 166, 32),
(2769, 261, NULL, '2016-07-14 15:40:39', 173, 33),
(2770, 261, NULL, '2016-07-14 15:40:39', 176, 34),
(2771, 261, NULL, '2016-07-14 15:40:39', 184, 35),
(2772, 261, NULL, '2016-07-14 15:40:39', 185, 36),
(2773, 266, 'Acabei de me formar no Técnico Jurídico na ETEC', '2016-07-15 15:55:46', NULL, 19),
(2774, 266, NULL, '2016-07-15 15:55:46', 99, 20),
(2775, 266, NULL, '2016-07-15 15:55:46', 103, 21),
(2776, 266, NULL, '2016-07-15 15:55:46', 105, 22),
(2777, 266, NULL, '2016-07-15 15:55:46', 109, 23),
(2778, 266, NULL, '2016-07-15 15:55:46', 116, 24),
(2779, 266, NULL, '2016-07-15 15:55:46', 124, 25),
(2780, 266, NULL, '2016-07-15 15:55:46', 130, 26),
(2781, 266, NULL, '2016-07-15 15:55:46', 131, 27),
(2782, 266, NULL, '2016-07-15 15:55:46', 136, 28),
(2783, 266, NULL, '2016-07-15 15:55:46', 140, 29),
(2784, 266, 'Falecido', '2016-07-15 15:55:46', NULL, 30),
(2785, 266, NULL, '2016-07-15 15:55:46', 155, 31),
(2786, 266, 'Falecida', '2016-07-15 15:55:46', NULL, 32),
(2787, 266, NULL, '2016-07-15 15:55:46', 172, 33),
(2788, 266, NULL, '2016-07-15 15:55:46', 178, 34),
(2789, 266, NULL, '2016-07-15 15:55:46', 181, 35),
(2790, 266, NULL, '2016-07-15 15:55:46', 186, 36),
(2791, 269, NULL, '2016-07-16 14:09:02', 96, 19),
(2792, 269, NULL, '2016-07-16 14:09:02', 101, 20),
(2793, 269, NULL, '2016-07-16 14:09:02', 103, 21),
(2794, 269, NULL, '2016-07-16 14:09:02', 105, 22),
(2795, 269, NULL, '2016-07-16 14:09:02', 110, 23),
(2796, 269, NULL, '2016-07-16 14:09:02', 119, 24),
(2797, 269, NULL, '2016-07-16 14:09:02', 124, 25),
(2798, 269, NULL, '2016-07-16 14:09:02', 130, 26),
(2799, 269, NULL, '2016-07-16 14:09:02', 131, 27),
(2800, 269, NULL, '2016-07-16 14:09:02', 135, 28),
(2801, 269, NULL, '2016-07-16 14:09:02', 139, 29),
(2802, 269, NULL, '2016-07-16 14:09:02', 151, 30),
(2803, 269, NULL, '2016-07-16 14:09:02', 154, 31),
(2804, 269, NULL, '2016-07-16 14:09:02', 168, 32),
(2805, 269, NULL, '2016-07-16 14:09:02', 171, 33),
(2806, 269, NULL, '2016-07-16 14:09:02', 179, 34),
(2807, 269, NULL, '2016-07-16 14:09:02', 182, 35),
(2808, 269, NULL, '2016-07-16 14:09:02', 186, 36),
(2809, 272, NULL, '2016-07-17 15:10:58', 94, 19),
(2810, 272, NULL, '2016-07-17 15:10:58', 99, 20),
(2811, 272, NULL, '2016-07-17 15:10:58', 103, 21),
(2812, 272, NULL, '2016-07-17 15:10:58', 105, 22),
(2813, 272, NULL, '2016-07-17 15:10:58', 108, 23),
(2814, 272, NULL, '2016-07-17 15:10:58', 114, 24),
(2815, 272, NULL, '2016-07-17 15:10:58', 121, 25),
(2816, 272, NULL, '2016-07-17 15:10:58', 126, 26),
(2817, 272, NULL, '2016-07-17 15:10:58', 132, 27),
(2818, 272, NULL, '2016-07-17 15:10:58', 138, 28),
(2819, 272, NULL, '2016-07-17 15:10:58', 145, 29),
(2820, 272, NULL, '2016-07-17 15:10:58', 146, 30),
(2821, 272, NULL, '2016-07-17 15:10:58', 160, 31),
(2822, 272, NULL, '2016-07-17 15:10:58', 161, 32),
(2823, 272, NULL, '2016-07-17 15:10:58', 175, 33),
(2824, 272, NULL, '2016-07-17 15:10:58', 176, 34),
(2825, 272, NULL, '2016-07-17 15:10:58', 184, 35),
(2826, 272, NULL, '2016-07-17 15:10:58', 185, 36),
(2827, 274, NULL, '2016-07-18 16:45:32', 95, 19),
(2828, 274, NULL, '2016-07-18 16:45:32', 99, 20),
(2829, 274, NULL, '2016-07-18 16:45:32', 103, 21),
(2830, 274, NULL, '2016-07-18 16:45:32', 105, 22),
(2831, 274, NULL, '2016-07-18 16:45:32', 110, 23),
(2832, 274, NULL, '2016-07-18 16:45:32', 116, 24),
(2833, 274, NULL, '2016-07-18 16:45:32', 124, 25),
(2834, 274, NULL, '2016-07-18 16:45:32', 130, 26),
(2835, 274, NULL, '2016-07-18 16:45:32', 131, 27),
(2836, 274, NULL, '2016-07-18 16:45:32', 136, 28),
(2837, 274, NULL, '2016-07-18 16:45:32', 139, 29),
(2838, 274, NULL, '2016-07-18 16:45:32', 152, 30),
(2839, 274, NULL, '2016-07-18 16:45:32', 154, 31),
(2840, 274, NULL, '2016-07-18 16:45:32', 169, 32),
(2841, 274, NULL, '2016-07-18 16:45:32', 172, 33),
(2842, 274, NULL, '2016-07-18 16:45:32', 177, 34),
(2843, 274, NULL, '2016-07-18 16:45:32', 184, 35),
(2844, 274, NULL, '2016-07-18 16:45:32', 185, 36),
(2845, 275, NULL, '2016-07-19 18:06:17', 94, 19),
(2846, 275, NULL, '2016-07-19 18:06:17', 99, 20),
(2847, 275, NULL, '2016-07-19 18:06:17', 103, 21),
(2848, 275, NULL, '2016-07-19 18:06:17', 105, 22),
(2849, 275, NULL, '2016-07-19 18:06:17', 111, 23),
(2850, 275, NULL, '2016-07-19 18:06:17', 116, 24),
(2851, 275, NULL, '2016-07-19 18:06:17', 124, 25),
(2852, 275, NULL, '2016-07-19 18:06:17', 127, 26),
(2853, 275, NULL, '2016-07-19 18:06:17', 132, 27),
(2854, 275, NULL, '2016-07-19 18:06:17', 138, 28),
(2855, 275, NULL, '2016-07-19 18:06:17', 143, 29),
(2856, 275, NULL, '2016-07-19 18:06:17', 146, 30),
(2857, 275, NULL, '2016-07-19 18:06:17', 158, 31),
(2858, 275, NULL, '2016-07-19 18:06:17', 168, 32),
(2859, 275, NULL, '2016-07-19 18:06:17', 175, 33),
(2860, 275, NULL, '2016-07-19 18:06:17', 176, 34),
(2861, 275, NULL, '2016-07-19 18:06:17', 183, 35),
(2862, 275, NULL, '2016-07-19 18:06:17', 186, 36),
(2863, 276, NULL, '2016-07-20 08:04:50', 95, 19),
(2864, 276, NULL, '2016-07-20 08:04:50', 99, 20),
(2865, 276, NULL, '2016-07-20 08:04:50', 103, 21),
(2866, 276, NULL, '2016-07-20 08:04:50', 105, 22),
(2867, 276, NULL, '2016-07-20 08:04:50', 111, 23),
(2868, 276, NULL, '2016-07-20 08:04:50', 116, 24),
(2869, 276, NULL, '2016-07-20 08:04:50', 121, 25),
(2870, 276, NULL, '2016-07-20 08:04:50', 126, 26),
(2871, 276, NULL, '2016-07-20 08:04:50', 131, 27),
(2872, 276, NULL, '2016-07-20 08:04:50', 135, 28),
(2873, 276, NULL, '2016-07-20 08:04:50', 140, 29),
(2874, 276, NULL, '2016-07-20 08:04:50', 148, 30),
(2875, 276, NULL, '2016-07-20 08:04:50', 156, 31),
(2876, 276, NULL, '2016-07-20 08:04:50', 166, 32),
(2877, 276, NULL, '2016-07-20 08:04:50', 172, 33),
(2878, 276, NULL, '2016-07-20 08:04:50', 178, 34),
(2879, 276, NULL, '2016-07-20 08:04:50', 183, 35),
(2880, 276, NULL, '2016-07-20 08:04:50', 185, 36),
(2881, 279, NULL, '2016-07-21 22:04:11', 96, 19),
(2882, 279, NULL, '2016-07-21 22:04:11', 101, 20),
(2883, 279, NULL, '2016-07-21 22:04:11', 103, 21),
(2884, 279, NULL, '2016-07-21 22:04:11', 105, 22),
(2885, 279, 'Defensora pública', '2016-07-21 22:04:11', NULL, 23),
(2886, 279, NULL, '2016-07-21 22:04:11', 114, 24),
(2887, 279, NULL, '2016-07-21 22:04:11', 121, 25),
(2888, 279, NULL, '2016-07-21 22:04:11', 130, 26),
(2889, 279, NULL, '2016-07-21 22:04:11', 131, 27),
(2890, 279, NULL, '2016-07-21 22:04:11', 138, 28),
(2891, 279, NULL, '2016-07-21 22:04:11', 145, 29),
(2892, 279, NULL, '2016-07-21 22:04:11', 148, 30),
(2893, 279, NULL, '2016-07-21 22:04:11', 160, 31),
(2894, 279, NULL, '2016-07-21 22:04:11', 165, 32),
(2895, 279, NULL, '2016-07-21 22:04:11', 174, 33),
(2896, 279, NULL, '2016-07-21 22:04:11', 176, 34),
(2897, 279, NULL, '2016-07-21 22:04:11', 183, 35),
(2898, 279, NULL, '2016-07-21 22:04:11', 185, 36),
(2899, 257, NULL, '2016-07-26 12:43:37', 96, 19),
(2900, 257, NULL, '2016-07-26 12:43:38', 101, 20),
(2901, 257, NULL, '2016-07-26 12:43:38', 103, 21),
(2902, 257, NULL, '2016-07-26 12:43:38', 105, 22),
(2903, 257, NULL, '2016-07-26 12:43:38', 112, 23),
(2904, 257, NULL, '2016-07-26 12:43:38', 119, 24),
(2905, 257, NULL, '2016-07-26 12:43:38', 124, 25),
(2906, 257, NULL, '2016-07-26 12:43:38', 130, 26),
(2907, 257, NULL, '2016-07-26 12:43:38', 131, 27),
(2908, 257, NULL, '2016-07-26 12:43:38', 136, 28),
(2909, 257, NULL, '2016-07-26 12:43:38', 142, 29),
(2910, 257, 'falecido', '2016-07-26 12:43:38', NULL, 30),
(2911, 257, NULL, '2016-07-26 12:43:38', 157, 31),
(2912, 257, NULL, '2016-07-26 12:43:38', 169, 32),
(2913, 257, NULL, '2016-07-26 12:43:38', 171, 33),
(2914, 257, NULL, '2016-07-26 12:43:38', 179, 34),
(2915, 257, NULL, '2016-07-26 12:43:38', 184, 35),
(2916, 257, NULL, '2016-07-26 12:43:38', 185, 36),
(2917, 283, NULL, '2016-07-26 15:37:55', 95, 19),
(2918, 283, NULL, '2016-07-26 15:37:55', 99, 20),
(2919, 283, NULL, '2016-07-26 15:37:55', 103, 21),
(2920, 283, NULL, '2016-07-26 15:37:55', 105, 22),
(2921, 283, NULL, '2016-07-26 15:37:55', 112, 23),
(2922, 283, NULL, '2016-07-26 15:37:55', 117, 24),
(2923, 283, NULL, '2016-07-26 15:37:55', 124, 25),
(2924, 283, NULL, '2016-07-26 15:37:55', 130, 26),
(2925, 283, NULL, '2016-07-26 15:37:55', 131, 27),
(2926, 283, NULL, '2016-07-26 15:37:55', 136, 28),
(2927, 283, NULL, '2016-07-26 15:37:55', 142, 29),
(2928, 283, NULL, '2016-07-26 15:37:55', 146, 30),
(2929, 283, NULL, '2016-07-26 15:37:55', 158, 31),
(2930, 283, NULL, '2016-07-26 15:37:55', 169, 32),
(2931, 283, NULL, '2016-07-26 15:37:55', 172, 33),
(2932, 283, NULL, '2016-07-26 15:37:55', 178, 34),
(2933, 283, NULL, '2016-07-26 15:37:55', 183, 35),
(2934, 283, NULL, '2016-07-26 15:37:55', 185, 36),
(2935, 287, NULL, '2016-07-31 12:41:24', 96, 19),
(2936, 287, NULL, '2016-07-31 12:41:24', 99, 20),
(2937, 287, 'Licenciatura em Letras', '2016-07-31 12:41:24', NULL, 21),
(2938, 287, 'Gestão Pública', '2016-07-31 12:41:24', NULL, 22),
(2939, 287, 'Justiça Federal', '2016-07-31 12:41:24', NULL, 23),
(2940, 287, NULL, '2016-07-31 12:41:24', 119, 24),
(2941, 287, 'Trabalho na justiça estadual.', '2016-07-31 12:41:24', NULL, 25),
(2942, 287, NULL, '2016-07-31 12:41:24', 130, 26),
(2943, 287, NULL, '2016-07-31 12:41:24', 131, 27),
(2944, 287, NULL, '2016-07-31 12:41:24', 136, 28),
(2945, 287, NULL, '2016-07-31 12:41:24', 140, 29),
(2946, 287, NULL, '2016-07-31 12:41:24', 152, 30),
(2947, 287, NULL, '2016-07-31 12:41:24', 159, 31),
(2948, 287, 'Falecida.', '2016-07-31 12:41:24', NULL, 32),
(2949, 287, NULL, '2016-07-31 12:41:24', 174, 33),
(2950, 287, NULL, '2016-07-31 12:41:24', 178, 34),
(2951, 287, NULL, '2016-07-31 12:41:24', 183, 35),
(2952, 287, NULL, '2016-07-31 12:41:24', 186, 36),
(2953, 290, NULL, '2016-08-01 12:48:26', 95, 19),
(2954, 290, NULL, '2016-08-01 12:48:26', 99, 20),
(2955, 290, 'GESTÃO COMERCIAL', '2016-08-01 12:48:26', NULL, 21),
(2956, 290, 'SEGUROS/  CURSANDO', '2016-08-01 12:48:26', NULL, 22),
(2957, 290, NULL, '2016-08-01 12:48:26', 108, 23),
(2958, 290, NULL, '2016-08-01 12:48:26', 116, 24),
(2959, 290, NULL, '2016-08-01 12:48:26', 124, 25),
(2960, 290, NULL, '2016-08-01 12:48:26', 126, 26),
(2961, 290, NULL, '2016-08-01 12:48:26', 131, 27),
(2962, 290, NULL, '2016-08-01 12:48:26', 135, 28),
(2963, 290, NULL, '2016-08-01 12:48:26', 140, 29),
(2964, 290, NULL, '2016-08-01 12:48:26', 149, 30),
(2965, 290, NULL, '2016-08-01 12:48:26', 155, 31),
(2966, 290, NULL, '2016-08-01 12:48:26', 168, 32),
(2967, 290, NULL, '2016-08-01 12:48:26', 172, 33),
(2968, 290, NULL, '2016-08-01 12:48:26', 178, 34),
(2969, 290, NULL, '2016-08-01 12:48:26', 183, 35),
(2970, 290, NULL, '2016-08-01 12:48:26', 186, 36),
(2971, 291, NULL, '2016-08-01 19:39:52', 96, 19),
(2972, 291, NULL, '2016-08-01 19:39:52', 100, 20),
(2973, 291, NULL, '2016-08-01 19:39:52', 103, 21),
(2974, 291, NULL, '2016-08-01 19:39:52', 105, 22),
(2975, 291, NULL, '2016-08-01 19:39:52', 110, 23),
(2976, 291, 'Nota máxima no MEC', '2016-08-01 19:39:52', NULL, 24),
(2977, 291, NULL, '2016-08-01 19:39:52', 121, 25),
(2978, 291, NULL, '2016-08-01 19:39:52', 127, 26),
(2979, 291, NULL, '2016-08-01 19:39:52', 131, 27),
(2980, 291, NULL, '2016-08-01 19:39:52', 137, 28),
(2981, 291, NULL, '2016-08-01 19:39:52', 140, 29),
(2982, 291, NULL, '2016-08-01 19:39:52', 149, 30),
(2983, 291, NULL, '2016-08-01 19:39:52', 157, 31),
(2984, 291, NULL, '2016-08-01 19:39:52', 166, 32),
(2985, 291, NULL, '2016-08-01 19:39:52', 172, 33),
(2986, 291, NULL, '2016-08-01 19:39:52', 176, 34),
(2987, 291, NULL, '2016-08-01 19:39:52', 184, 35),
(2988, 291, NULL, '2016-08-01 19:39:52', 186, 36),
(2989, 293, NULL, '2016-08-04 01:51:31', 94, 19),
(2990, 293, NULL, '2016-08-04 01:51:31', 99, 20),
(2991, 293, NULL, '2016-08-04 01:51:31', 103, 21),
(2992, 293, NULL, '2016-08-04 01:51:31', 105, 22),
(2993, 293, NULL, '2016-08-04 01:51:31', 108, 23),
(2994, 293, NULL, '2016-08-04 01:51:31', 115, 24),
(2995, 293, NULL, '2016-08-04 01:51:31', 123, 25),
(2996, 293, NULL, '2016-08-04 01:51:31', 130, 26),
(2997, 293, NULL, '2016-08-04 01:51:31', 131, 27),
(2998, 293, NULL, '2016-08-04 01:51:31', 135, 28),
(2999, 293, NULL, '2016-08-04 01:51:31', 142, 29),
(3000, 293, 'Falecido ', '2016-08-04 01:51:31', NULL, 30),
(3001, 293, NULL, '2016-08-04 01:51:31', 157, 31),
(3002, 293, NULL, '2016-08-04 01:51:31', 168, 32),
(3003, 293, NULL, '2016-08-04 01:51:31', 171, 33),
(3004, 293, NULL, '2016-08-04 01:51:31', 177, 34),
(3005, 293, NULL, '2016-08-04 01:51:31', 184, 35),
(3006, 293, NULL, '2016-08-04 01:51:31', 185, 36),
(3007, 295, NULL, '2016-08-09 14:22:14', 95, 19),
(3008, 295, NULL, '2016-08-09 14:22:14', 99, 20),
(3009, 295, NULL, '2016-08-09 14:22:14', 103, 21),
(3010, 295, NULL, '2016-08-09 14:22:14', 105, 22),
(3011, 295, NULL, '2016-08-09 14:22:14', 112, 23),
(3012, 295, NULL, '2016-08-09 14:22:14', 119, 24),
(3013, 295, NULL, '2016-08-09 14:22:14', 121, 25),
(3014, 295, NULL, '2016-08-09 14:22:14', 126, 26),
(3015, 295, NULL, '2016-08-09 14:22:14', 131, 27),
(3016, 295, NULL, '2016-08-09 14:22:14', 136, 28),
(3017, 295, NULL, '2016-08-09 14:22:14', 140, 29),
(3018, 295, NULL, '2016-08-09 14:22:14', 152, 30),
(3019, 295, NULL, '2016-08-09 14:22:14', 155, 31),
(3020, 295, NULL, '2016-08-09 14:22:14', 169, 32),
(3021, 295, NULL, '2016-08-09 14:22:14', 173, 33),
(3022, 295, NULL, '2016-08-09 14:22:14', 178, 34),
(3023, 295, NULL, '2016-08-09 14:22:14', 184, 35),
(3024, 295, NULL, '2016-08-09 14:22:14', 185, 36),
(3025, 297, NULL, '2016-08-10 20:33:45', 96, 19),
(3026, 297, NULL, '2016-08-10 20:33:45', 99, 20),
(3027, 297, NULL, '2016-08-10 20:33:45', 103, 21),
(3028, 297, NULL, '2016-08-10 20:33:45', 105, 22),
(3029, 297, 'Delegado', '2016-08-10 20:33:45', NULL, 23),
(3030, 297, NULL, '2016-08-10 20:33:45', 119, 24),
(3031, 297, NULL, '2016-08-10 20:33:45', 124, 25),
(3032, 297, NULL, '2016-08-10 20:33:45', 126, 26),
(3033, 297, NULL, '2016-08-10 20:33:45', 131, 27),
(3034, 297, NULL, '2016-08-10 20:33:45', 138, 28),
(3035, 297, NULL, '2016-08-10 20:33:45', 141, 29),
(3036, 297, NULL, '2016-08-10 20:33:45', 146, 30),
(3037, 297, NULL, '2016-08-10 20:33:45', 156, 31),
(3038, 297, NULL, '2016-08-10 20:33:45', 161, 32),
(3039, 297, NULL, '2016-08-10 20:33:45', 172, 33),
(3040, 297, NULL, '2016-08-10 20:33:45', 176, 34),
(3041, 297, NULL, '2016-08-10 20:33:45', 184, 35),
(3042, 297, NULL, '2016-08-10 20:33:45', 185, 36),
(3043, 298, NULL, '2016-08-12 10:33:10', 94, 19),
(3044, 298, NULL, '2016-08-12 10:33:10', 99, 20),
(3045, 298, NULL, '2016-08-12 10:33:10', 103, 21),
(3046, 298, NULL, '2016-08-12 10:33:10', 105, 22),
(3047, 298, NULL, '2016-08-12 10:33:10', 110, 23),
(3048, 298, NULL, '2016-08-12 10:33:10', 119, 24),
(3049, 298, NULL, '2016-08-12 10:33:10', 121, 25),
(3050, 298, NULL, '2016-08-12 10:33:10', 130, 26),
(3051, 298, NULL, '2016-08-12 10:33:10', 131, 27),
(3052, 298, NULL, '2016-08-12 10:33:10', 136, 28),
(3053, 298, NULL, '2016-08-12 10:33:10', 140, 29),
(3054, 298, NULL, '2016-08-12 10:33:10', 151, 30),
(3055, 298, NULL, '2016-08-12 10:33:10', 156, 31),
(3056, 298, NULL, '2016-08-12 10:33:10', 162, 32),
(3057, 298, NULL, '2016-08-12 10:33:10', 172, 33),
(3058, 298, NULL, '2016-08-12 10:33:10', 178, 34),
(3059, 298, NULL, '2016-08-12 10:33:10', 181, 35),
(3060, 298, NULL, '2016-08-12 10:33:10', 185, 36),
(3061, 299, NULL, '2016-08-12 12:50:47', 96, 19),
(3062, 299, NULL, '2016-08-12 12:50:47', 99, 20),
(3063, 299, 'Letras-tradutor (Mackenzie) e Jornalismo (Cásper Líbero)', '2016-08-12 12:50:47', NULL, 21),
(3064, 299, 'Mestrado em Artes Visuais (ECA-USP)', '2016-08-12 12:50:47', NULL, 22),
(3065, 299, NULL, '2016-08-12 12:50:47', 110, 23),
(3066, 299, NULL, '2016-08-12 12:50:47', 116, 24),
(3067, 299, NULL, '2016-08-12 12:50:47', 121, 25),
(3068, 299, NULL, '2016-08-12 12:50:47', 126, 26),
(3069, 299, NULL, '2016-08-12 12:50:47', 133, 27),
(3070, 299, NULL, '2016-08-12 12:50:47', 135, 28),
(3071, 299, NULL, '2016-08-12 12:50:47', 141, 29),
(3072, 299, NULL, '2016-08-12 12:50:47', 152, 30),
(3073, 299, NULL, '2016-08-12 12:50:47', 157, 31),
(3074, 299, NULL, '2016-08-12 12:50:47', 166, 32),
(3075, 299, NULL, '2016-08-12 12:50:47', 174, 33);
INSERT INTO `proQuestRespostas` (`id_resposta`, `id_inscricao`, `str_resposta`, `dt_save`, `id_alternativa`, `id_pergunta`) VALUES
(3076, 299, NULL, '2016-08-12 12:50:47', 179, 34),
(3077, 299, NULL, '2016-08-12 12:50:47', 184, 35),
(3078, 299, NULL, '2016-08-12 12:50:47', 186, 36),
(3079, 300, NULL, '2016-08-15 10:55:03', 95, 19),
(3080, 300, NULL, '2016-08-15 10:55:03', 99, 20),
(3081, 300, 'gfgfgfgf', '2016-08-15 10:55:03', NULL, 21),
(3082, 300, NULL, '2016-08-15 10:55:03', 105, 22),
(3083, 300, NULL, '2016-08-15 10:55:03', 110, 23),
(3084, 300, NULL, '2016-08-15 10:55:03', 118, 24),
(3085, 300, NULL, '2016-08-15 10:55:03', 121, 25),
(3086, 300, NULL, '2016-08-15 10:55:03', 130, 26),
(3087, 300, NULL, '2016-08-15 10:55:03', 132, 27),
(3088, 300, NULL, '2016-08-15 10:55:03', 135, 28),
(3089, 300, NULL, '2016-08-15 10:55:03', 142, 29),
(3090, 300, NULL, '2016-08-15 10:55:03', 149, 30),
(3091, 300, NULL, '2016-08-15 10:55:03', 157, 31),
(3092, 300, NULL, '2016-08-15 10:55:03', 168, 32),
(3093, 300, NULL, '2016-08-15 10:55:03', 173, 33),
(3094, 300, NULL, '2016-08-15 10:55:03', 177, 34),
(3095, 300, NULL, '2016-08-15 10:55:03', 184, 35),
(3096, 300, NULL, '2016-08-15 10:55:03', 185, 36),
(3097, 306, NULL, '2016-09-01 09:36:32', 187, 37),
(3098, 306, NULL, '2016-09-01 09:36:32', 193, 38),
(3099, 306, NULL, '2016-09-01 09:36:32', 196, 39),
(3100, 306, NULL, '2016-09-01 09:36:32', 198, 40),
(3101, 306, NULL, '2016-09-01 09:36:32', 201, 41),
(3102, 306, NULL, '2016-09-01 09:36:32', 209, 42),
(3103, 306, NULL, '2016-09-01 09:36:32', 214, 43),
(3104, 306, NULL, '2016-09-01 09:36:32', 221, 44),
(3105, 306, NULL, '2016-09-01 09:36:32', 225, 45),
(3106, 306, NULL, '2016-09-01 09:36:32', 229, 46),
(3107, 306, NULL, '2016-09-01 09:36:32', 233, 47),
(3108, 306, NULL, '2016-09-01 09:36:32', 239, 48),
(3109, 306, NULL, '2016-09-01 09:36:32', 247, 49),
(3110, 306, NULL, '2016-09-01 09:36:32', 254, 50),
(3111, 306, NULL, '2016-09-01 09:36:32', 265, 51),
(3112, 306, NULL, '2016-09-01 09:36:32', 269, 52),
(3113, 306, NULL, '2016-09-01 09:36:32', 274, 53),
(3114, 306, NULL, '2016-09-01 09:36:32', 278, 54),
(3115, 307, NULL, '2016-09-01 10:30:31', 188, 37),
(3116, 307, NULL, '2016-09-01 10:30:31', 192, 38),
(3117, 307, 'analise', '2016-09-01 10:30:31', NULL, 39),
(3118, 307, 'projetos', '2016-09-01 10:30:31', NULL, 40),
(3119, 307, NULL, '2016-09-01 10:30:31', 205, 41),
(3120, 307, NULL, '2016-09-01 10:30:31', 211, 42),
(3121, 307, NULL, '2016-09-01 10:30:31', 217, 43),
(3122, 307, NULL, '2016-09-01 10:30:31', 220, 44),
(3123, 307, NULL, '2016-09-01 10:30:31', 225, 45),
(3124, 307, NULL, '2016-09-01 10:30:31', 228, 46),
(3125, 307, NULL, '2016-09-01 10:30:31', 236, 47),
(3126, 307, NULL, '2016-09-01 10:30:31', 244, 48),
(3127, 307, NULL, '2016-09-01 10:30:31', 252, 49),
(3128, 307, NULL, '2016-09-01 10:30:31', 259, 50),
(3129, 307, NULL, '2016-09-01 10:30:31', 265, 51),
(3130, 307, NULL, '2016-09-01 10:30:31', 271, 52),
(3131, 307, NULL, '2016-09-01 10:30:31', 276, 53),
(3132, 307, NULL, '2016-09-01 10:30:31', 279, 54),
(3133, 308, NULL, '2016-09-01 12:24:28', 187, 37),
(3134, 308, NULL, '2016-09-01 12:24:28', 193, 38),
(3135, 308, NULL, '2016-09-01 12:24:28', 196, 39),
(3136, 308, NULL, '2016-09-01 12:24:28', 198, 40),
(3137, 308, NULL, '2016-09-01 12:24:28', 202, 41),
(3138, 308, 'INGRESSAR EM UNIVERSIDADE PÚBLICA', '2016-09-01 12:24:28', NULL, 42),
(3139, 308, NULL, '2016-09-01 12:24:28', 214, 43),
(3140, 308, NULL, '2016-09-01 12:24:28', 223, 44),
(3141, 308, NULL, '2016-09-01 12:24:28', 226, 45),
(3142, 308, NULL, '2016-09-01 12:24:28', 228, 46),
(3143, 308, NULL, '2016-09-01 12:24:28', 235, 47),
(3144, 308, NULL, '2016-09-01 12:24:28', 243, 48),
(3145, 308, NULL, '2016-09-01 12:24:28', 250, 49),
(3146, 308, NULL, '2016-09-01 12:24:28', 261, 50),
(3147, 308, NULL, '2016-09-01 12:24:28', 266, 51),
(3148, 308, NULL, '2016-09-01 12:24:28', 273, 52),
(3149, 308, NULL, '2016-09-01 12:24:28', 277, 53),
(3150, 308, NULL, '2016-09-01 12:24:28', 279, 54),
(3151, 309, NULL, '2016-09-01 20:50:37', 187, 37),
(3152, 309, NULL, '2016-09-01 20:50:37', 192, 38),
(3153, 309, NULL, '2016-09-01 20:50:37', 196, 39),
(3154, 309, NULL, '2016-09-01 20:50:37', 198, 40),
(3155, 309, NULL, '2016-09-01 20:50:37', 203, 41),
(3156, 309, NULL, '2016-09-01 20:50:37', 207, 42),
(3157, 309, NULL, '2016-09-01 20:50:37', 214, 43),
(3158, 309, NULL, '2016-09-01 20:50:37', 223, 44),
(3159, 309, NULL, '2016-09-01 20:50:37', 225, 45),
(3160, 309, NULL, '2016-09-01 20:50:37', 231, 46),
(3161, 309, NULL, '2016-09-01 20:50:37', 235, 47),
(3162, 309, NULL, '2016-09-01 20:50:37', 239, 48),
(3163, 309, NULL, '2016-09-01 20:50:37', 250, 49),
(3164, 309, NULL, '2016-09-01 20:50:37', 254, 50),
(3165, 309, NULL, '2016-09-01 20:50:37', 267, 51),
(3166, 309, NULL, '2016-09-01 20:50:37', 270, 52),
(3167, 309, NULL, '2016-09-01 20:50:37', 277, 53),
(3168, 309, NULL, '2016-09-01 20:50:37', 278, 54),
(3169, 312, NULL, '2016-09-04 14:15:19', 188, 37),
(3170, 312, NULL, '2016-09-04 14:15:20', 192, 38),
(3171, 312, NULL, '2016-09-04 14:15:20', 196, 39),
(3172, 312, NULL, '2016-09-04 14:15:20', 198, 40),
(3173, 312, 'Delegado de polícia', '2016-09-04 14:15:20', NULL, 41),
(3174, 312, NULL, '2016-09-04 14:15:20', 207, 42),
(3175, 312, NULL, '2016-09-04 14:15:20', 214, 43),
(3176, 312, NULL, '2016-09-04 14:15:20', 223, 44),
(3177, 312, NULL, '2016-09-04 14:15:20', 225, 45),
(3178, 312, NULL, '2016-09-04 14:15:20', 231, 46),
(3179, 312, NULL, '2016-09-04 14:15:20', 237, 47),
(3180, 312, NULL, '2016-09-04 14:15:20', 243, 48),
(3181, 312, NULL, '2016-09-04 14:15:20', 251, 49),
(3182, 312, NULL, '2016-09-04 14:15:20', 258, 50),
(3183, 312, NULL, '2016-09-04 14:15:20', 266, 51),
(3184, 312, NULL, '2016-09-04 14:15:20', 269, 52),
(3185, 312, NULL, '2016-09-04 14:15:20', 276, 53),
(3186, 312, NULL, '2016-09-04 14:15:20', 278, 54),
(3187, 315, NULL, '2016-09-07 15:59:41', 188, 37),
(3188, 315, NULL, '2016-09-07 15:59:41', 192, 38),
(3189, 315, 'Relações Internacionais', '2016-09-07 15:59:41', NULL, 39),
(3190, 315, NULL, '2016-09-07 15:59:41', 198, 40),
(3191, 315, NULL, '2016-09-07 15:59:41', 202, 41),
(3192, 315, NULL, '2016-09-07 15:59:41', 207, 42),
(3193, 315, NULL, '2016-09-07 15:59:41', 214, 43),
(3194, 315, NULL, '2016-09-07 15:59:41', 223, 44),
(3195, 315, NULL, '2016-09-07 15:59:41', 225, 45),
(3196, 315, NULL, '2016-09-07 15:59:41', 230, 46),
(3197, 315, NULL, '2016-09-07 15:59:41', 236, 47),
(3198, 315, NULL, '2016-09-07 15:59:41', 245, 48),
(3199, 315, NULL, '2016-09-07 15:59:41', 251, 49),
(3200, 315, NULL, '2016-09-07 15:59:41', 261, 50),
(3201, 315, NULL, '2016-09-07 15:59:41', 267, 51),
(3202, 315, NULL, '2016-09-07 15:59:41', 269, 52),
(3203, 315, NULL, '2016-09-07 15:59:41', 277, 53),
(3204, 315, NULL, '2016-09-07 15:59:41', 278, 54),
(3205, 317, NULL, '2016-09-12 19:14:15', 188, 37),
(3206, 317, NULL, '2016-09-12 19:14:15', 192, 38),
(3207, 317, NULL, '2016-09-12 19:14:15', 196, 39),
(3208, 317, NULL, '2016-09-12 19:14:15', 198, 40),
(3209, 317, NULL, '2016-09-12 19:14:15', 203, 41),
(3210, 317, NULL, '2016-09-12 19:14:15', 212, 42),
(3211, 317, NULL, '2016-09-12 19:14:15', 214, 43),
(3212, 317, NULL, '2016-09-12 19:14:15', 223, 44),
(3213, 317, NULL, '2016-09-12 19:14:15', 225, 45),
(3214, 317, NULL, '2016-09-12 19:14:15', 231, 46),
(3215, 317, NULL, '2016-09-12 19:14:15', 236, 47),
(3216, 317, NULL, '2016-09-12 19:14:15', 241, 48),
(3217, 317, NULL, '2016-09-12 19:14:15', 250, 49),
(3218, 317, NULL, '2016-09-12 19:14:15', 255, 50),
(3219, 317, NULL, '2016-09-12 19:14:15', 266, 51),
(3220, 317, NULL, '2016-09-12 19:14:15', 269, 52),
(3221, 317, NULL, '2016-09-12 19:14:15', 277, 53),
(3222, 317, NULL, '2016-09-12 19:14:15', 279, 54),
(3223, 318, NULL, '2016-09-14 16:28:06', 187, 37),
(3224, 318, NULL, '2016-09-14 16:28:06', 192, 38),
(3225, 318, NULL, '2016-09-14 16:28:06', 196, 39),
(3226, 318, NULL, '2016-09-14 16:28:06', 198, 40),
(3227, 318, NULL, '2016-09-14 16:28:06', 201, 41),
(3228, 318, NULL, '2016-09-14 16:28:06', 209, 42),
(3229, 318, NULL, '2016-09-14 16:28:06', 217, 43),
(3230, 318, NULL, '2016-09-14 16:28:06', 222, 44),
(3231, 318, NULL, '2016-09-14 16:28:06', 224, 45),
(3232, 318, NULL, '2016-09-14 16:28:06', 228, 46),
(3233, 318, NULL, '2016-09-14 16:28:06', 232, 47),
(3234, 318, NULL, '2016-09-14 16:28:06', 244, 48),
(3235, 318, NULL, '2016-09-14 16:28:06', 247, 49),
(3236, 318, NULL, '2016-09-14 16:28:06', 254, 50),
(3237, 318, NULL, '2016-09-14 16:28:06', 264, 51),
(3238, 318, NULL, '2016-09-14 16:28:06', 269, 52),
(3239, 318, NULL, '2016-09-14 16:28:06', 274, 53),
(3240, 318, NULL, '2016-09-14 16:28:06', 278, 54),
(3241, 320, NULL, '2016-09-15 22:05:38', 187, 37),
(3242, 320, NULL, '2016-09-15 22:05:38', 192, 38),
(3243, 320, 'Letras', '2016-09-15 22:05:38', NULL, 39),
(3244, 320, NULL, '2016-09-15 22:05:38', 198, 40),
(3245, 320, NULL, '2016-09-15 22:05:38', 203, 41),
(3246, 320, NULL, '2016-09-15 22:05:38', 212, 42),
(3247, 320, NULL, '2016-09-15 22:05:38', 215, 43),
(3248, 320, NULL, '2016-09-15 22:05:38', 223, 44),
(3249, 320, NULL, '2016-09-15 22:05:38', 224, 45),
(3250, 320, NULL, '2016-09-15 22:05:38', 228, 46),
(3251, 320, NULL, '2016-09-15 22:05:38', 235, 47),
(3252, 320, NULL, '2016-09-15 22:05:38', 244, 48),
(3253, 320, NULL, '2016-09-15 22:05:38', 248, 49),
(3254, 320, NULL, '2016-09-15 22:05:38', 254, 50),
(3255, 320, NULL, '2016-09-15 22:05:38', 266, 51),
(3256, 320, NULL, '2016-09-15 22:05:38', 272, 52),
(3257, 320, NULL, '2016-09-15 22:05:38', 277, 53),
(3258, 320, NULL, '2016-09-15 22:05:38', 279, 54),
(3259, 322, NULL, '2016-09-20 11:41:50', 189, 37),
(3260, 322, NULL, '2016-09-20 11:41:50', 192, 38),
(3261, 322, NULL, '2016-09-20 11:41:50', 196, 39),
(3262, 322, NULL, '2016-09-20 11:41:50', 198, 40),
(3263, 322, NULL, '2016-09-20 11:41:50', 204, 41),
(3264, 322, NULL, '2016-09-20 11:41:50', 208, 42),
(3265, 322, NULL, '2016-09-20 11:41:50', 217, 43),
(3266, 322, NULL, '2016-09-20 11:41:50', 219, 44),
(3267, 322, NULL, '2016-09-20 11:41:50', 226, 45),
(3268, 322, NULL, '2016-09-20 11:41:50', 228, 46),
(3269, 322, NULL, '2016-09-20 11:41:50', 233, 47),
(3270, 322, NULL, '2016-09-20 11:41:50', 243, 48),
(3271, 322, NULL, '2016-09-20 11:41:50', 248, 49),
(3272, 322, NULL, '2016-09-20 11:41:50', 260, 50),
(3273, 322, NULL, '2016-09-20 11:41:50', 265, 51),
(3274, 322, NULL, '2016-09-20 11:41:50', 272, 52),
(3275, 322, NULL, '2016-09-20 11:41:50', 276, 53),
(3276, 322, NULL, '2016-09-20 11:41:50', 278, 54),
(3277, 323, NULL, '2016-09-20 13:23:03', 189, 37),
(3278, 323, NULL, '2016-09-20 13:23:03', 192, 38),
(3279, 323, NULL, '2016-09-20 13:23:03', 196, 39),
(3280, 323, NULL, '2016-09-20 13:23:03', 198, 40),
(3281, 323, NULL, '2016-09-20 13:23:03', 203, 41),
(3282, 323, NULL, '2016-09-20 13:23:03', 209, 42),
(3283, 323, NULL, '2016-09-20 13:23:03', 217, 43),
(3284, 323, NULL, '2016-09-20 13:23:03', 219, 44),
(3285, 323, NULL, '2016-09-20 13:23:03', 225, 45),
(3286, 323, NULL, '2016-09-20 13:23:03', 228, 46),
(3287, 323, NULL, '2016-09-20 13:23:03', 233, 47),
(3288, 323, 'FALECIDO', '2016-09-20 13:23:03', NULL, 48),
(3289, 323, NULL, '2016-09-20 13:23:03', 250, 49),
(3290, 323, 'FALECIDA', '2016-09-20 13:23:03', NULL, 50),
(3291, 323, NULL, '2016-09-20 13:23:03', 265, 51),
(3292, 323, NULL, '2016-09-20 13:23:03', 272, 52),
(3293, 323, NULL, '2016-09-20 13:23:03', 274, 53),
(3294, 323, NULL, '2016-09-20 13:23:03', 278, 54),
(3295, 326, NULL, '2016-09-27 01:51:35', 188, 37),
(3296, 326, NULL, '2016-09-27 01:51:35', 192, 38),
(3297, 326, NULL, '2016-09-27 01:51:35', 196, 39),
(3298, 326, NULL, '2016-09-27 01:51:35', 198, 40),
(3299, 326, NULL, '2016-09-27 01:51:35', 204, 41),
(3300, 326, NULL, '2016-09-27 01:51:35', 209, 42),
(3301, 326, NULL, '2016-09-27 01:51:35', 214, 43),
(3302, 326, NULL, '2016-09-27 01:51:35', 223, 44),
(3303, 326, NULL, '2016-09-27 01:51:35', 224, 45),
(3304, 326, NULL, '2016-09-27 01:51:35', 231, 46),
(3305, 326, NULL, '2016-09-27 01:51:35', 237, 47),
(3306, 326, 'Caminhoneiro', '2016-09-27 01:51:35', NULL, 48),
(3307, 326, NULL, '2016-09-27 01:51:35', 251, 49),
(3308, 326, NULL, '2016-09-27 01:51:35', 258, 50),
(3309, 326, NULL, '2016-09-27 01:51:35', 266, 51),
(3310, 326, NULL, '2016-09-27 01:51:35', 269, 52),
(3311, 326, NULL, '2016-09-27 01:51:35', 277, 53),
(3312, 326, NULL, '2016-09-27 01:51:35', 278, 54),
(3313, 327, NULL, '2016-09-27 14:17:41', 189, 37),
(3314, 327, NULL, '2016-09-27 14:17:41', 193, 38),
(3315, 327, NULL, '2016-09-27 14:17:41', 196, 39),
(3316, 327, NULL, '2016-09-27 14:17:41', 198, 40),
(3317, 327, NULL, '2016-09-27 14:17:41', 203, 41),
(3318, 327, NULL, '2016-09-27 14:17:41', 210, 42),
(3319, 327, NULL, '2016-09-27 14:17:41', 214, 43),
(3320, 327, NULL, '2016-09-27 14:17:41', 223, 44),
(3321, 327, NULL, '2016-09-27 14:17:41', 224, 45),
(3322, 327, NULL, '2016-09-27 14:17:41', 231, 46),
(3323, 327, NULL, '2016-09-27 14:17:41', 235, 47),
(3324, 327, NULL, '2016-09-27 14:17:41', 243, 48),
(3325, 327, NULL, '2016-09-27 14:17:41', 252, 49),
(3326, 327, NULL, '2016-09-27 14:17:41', 260, 50),
(3327, 327, NULL, '2016-09-27 14:17:41', 264, 51),
(3328, 327, NULL, '2016-09-27 14:17:41', 269, 52),
(3329, 327, NULL, '2016-09-27 14:17:41', 277, 53),
(3330, 327, NULL, '2016-09-27 14:17:41', 279, 54),
(3331, 329, NULL, '2016-09-28 00:32:49', 187, 37),
(3332, 329, NULL, '2016-09-28 00:32:49', 192, 38),
(3333, 329, NULL, '2016-09-28 00:32:49', 196, 39),
(3334, 329, NULL, '2016-09-28 00:32:49', 198, 40),
(3335, 329, NULL, '2016-09-28 00:32:49', 203, 41),
(3336, 329, NULL, '2016-09-28 00:32:49', 211, 42),
(3337, 329, NULL, '2016-09-28 00:32:49', 214, 43),
(3338, 329, NULL, '2016-09-28 00:32:49', 220, 44),
(3339, 329, NULL, '2016-09-28 00:32:49', 224, 45),
(3340, 329, NULL, '2016-09-28 00:32:49', 231, 46),
(3341, 329, NULL, '2016-09-28 00:32:49', 235, 47),
(3342, 329, NULL, '2016-09-28 00:32:49', 241, 48),
(3343, 329, NULL, '2016-09-28 00:32:49', 251, 49),
(3344, 329, NULL, '2016-09-28 00:32:49', 259, 50),
(3345, 329, NULL, '2016-09-28 00:32:49', 266, 51),
(3346, 329, NULL, '2016-09-28 00:32:49', 269, 52),
(3347, 329, NULL, '2016-09-28 00:32:49', 276, 53),
(3348, 329, NULL, '2016-09-28 00:32:49', 279, 54),
(3349, 330, NULL, '2016-09-28 00:54:07', 189, 37),
(3350, 330, NULL, '2016-09-28 00:54:07', 192, 38),
(3351, 330, NULL, '2016-09-28 00:54:07', 196, 39),
(3352, 330, NULL, '2016-09-28 00:54:07', 198, 40),
(3353, 330, NULL, '2016-09-28 00:54:07', 202, 41),
(3354, 330, NULL, '2016-09-28 00:54:07', 212, 42),
(3355, 330, NULL, '2016-09-28 00:54:07', 214, 43),
(3356, 330, NULL, '2016-09-28 00:54:07', 220, 44),
(3357, 330, NULL, '2016-09-28 00:54:07', 226, 45),
(3358, 330, NULL, '2016-09-28 00:54:07', 231, 46),
(3359, 330, NULL, '2016-09-28 00:54:07', 238, 47),
(3360, 330, NULL, '2016-09-28 00:54:07', 240, 48),
(3361, 330, NULL, '2016-09-28 00:54:07', 253, 49),
(3362, 330, NULL, '2016-09-28 00:54:07', 255, 50),
(3363, 330, NULL, '2016-09-28 00:54:07', 268, 51),
(3364, 330, NULL, '2016-09-28 00:54:07', 269, 52),
(3365, 330, NULL, '2016-09-28 00:54:07', 276, 53),
(3366, 330, NULL, '2016-09-28 00:54:07', 278, 54),
(3367, 333, NULL, '2016-09-30 11:33:40', 187, 37),
(3368, 333, NULL, '2016-09-30 11:33:40', 192, 38),
(3369, 333, NULL, '2016-09-30 11:33:40', 196, 39),
(3370, 333, NULL, '2016-09-30 11:33:40', 198, 40),
(3371, 333, NULL, '2016-09-30 11:33:40', 201, 41),
(3372, 333, NULL, '2016-09-30 11:33:40', 207, 42),
(3373, 333, NULL, '2016-09-30 11:33:40', 214, 43),
(3374, 333, NULL, '2016-09-30 11:33:40', 219, 44),
(3375, 333, NULL, '2016-09-30 11:33:40', 224, 45),
(3376, 333, NULL, '2016-09-30 11:33:40', 228, 46),
(3377, 333, NULL, '2016-09-30 11:33:40', 232, 47),
(3378, 333, NULL, '2016-09-30 11:33:40', 239, 48),
(3379, 333, NULL, '2016-09-30 11:33:40', 247, 49),
(3380, 333, NULL, '2016-09-30 11:33:40', 254, 50),
(3381, 333, NULL, '2016-09-30 11:33:40', 264, 51),
(3382, 333, NULL, '2016-09-30 11:33:40', 269, 52),
(3383, 333, NULL, '2016-09-30 11:33:40', 274, 53),
(3384, 333, NULL, '2016-09-30 11:33:40', 279, 54),
(3385, 335, NULL, '2016-09-30 13:40:08', 187, 37),
(3386, 335, NULL, '2016-09-30 13:40:08', 192, 38),
(3387, 335, NULL, '2016-09-30 13:40:08', 196, 39),
(3388, 335, NULL, '2016-09-30 13:40:08', 198, 40),
(3389, 335, NULL, '2016-09-30 13:40:08', 201, 41),
(3390, 335, NULL, '2016-09-30 13:40:08', 208, 42),
(3391, 335, NULL, '2016-09-30 13:40:08', 214, 43),
(3392, 335, NULL, '2016-09-30 13:40:08', 223, 44),
(3393, 335, NULL, '2016-09-30 13:40:08', 226, 45),
(3394, 335, NULL, '2016-09-30 13:40:08', 231, 46),
(3395, 335, NULL, '2016-09-30 13:40:08', 235, 47),
(3396, 335, NULL, '2016-09-30 13:40:08', 243, 48),
(3397, 335, NULL, '2016-09-30 13:40:08', 251, 49),
(3398, 335, NULL, '2016-09-30 13:40:08', 259, 50),
(3399, 335, NULL, '2016-09-30 13:40:08', 268, 51),
(3400, 335, NULL, '2016-09-30 13:40:08', 269, 52),
(3401, 335, NULL, '2016-09-30 13:40:08', 277, 53),
(3402, 335, NULL, '2016-09-30 13:40:08', 278, 54),
(3403, 336, NULL, '2016-09-30 16:03:59', 189, 37),
(3404, 336, NULL, '2016-09-30 16:03:59', 192, 38),
(3405, 336, NULL, '2016-09-30 16:03:59', 196, 39),
(3406, 336, NULL, '2016-09-30 16:03:59', 198, 40),
(3407, 336, NULL, '2016-09-30 16:03:59', 202, 41),
(3408, 336, NULL, '2016-09-30 16:03:59', 209, 42),
(3409, 336, NULL, '2016-09-30 16:03:59', 217, 43),
(3410, 336, NULL, '2016-09-30 16:03:59', 219, 44),
(3411, 336, NULL, '2016-09-30 16:03:59', 225, 45),
(3412, 336, NULL, '2016-09-30 16:03:59', 231, 46),
(3413, 336, NULL, '2016-09-30 16:03:59', 238, 47),
(3414, 336, NULL, '2016-09-30 16:03:59', 240, 48),
(3415, 336, NULL, '2016-09-30 16:03:59', 250, 49),
(3416, 336, NULL, '2016-09-30 16:03:59', 254, 50),
(3417, 336, NULL, '2016-09-30 16:03:59', 267, 51),
(3418, 336, NULL, '2016-09-30 16:03:59', 269, 52),
(3419, 336, NULL, '2016-09-30 16:03:59', 277, 53),
(3420, 336, NULL, '2016-09-30 16:03:59', 278, 54),
(3421, 337, NULL, '2016-09-30 16:34:04', 188, 37),
(3422, 337, NULL, '2016-09-30 16:34:04', 194, 38),
(3423, 337, NULL, '2016-09-30 16:34:04', 196, 39),
(3424, 337, NULL, '2016-09-30 16:34:04', 198, 40),
(3425, 337, NULL, '2016-09-30 16:34:04', 203, 41),
(3426, 337, NULL, '2016-09-30 16:34:04', 209, 42),
(3427, 337, NULL, '2016-09-30 16:34:04', 216, 43),
(3428, 337, NULL, '2016-09-30 16:34:04', 220, 44),
(3429, 337, NULL, '2016-09-30 16:34:04', 224, 45),
(3430, 337, NULL, '2016-09-30 16:34:04', 229, 46),
(3431, 337, NULL, '2016-09-30 16:34:04', 234, 47),
(3432, 337, NULL, '2016-09-30 16:34:04', 242, 48),
(3433, 337, NULL, '2016-09-30 16:34:04', 250, 49),
(3434, 337, NULL, '2016-09-30 16:34:04', 258, 50),
(3435, 337, NULL, '2016-09-30 16:34:04', 267, 51),
(3436, 337, NULL, '2016-09-30 16:34:04', 271, 52),
(3437, 337, NULL, '2016-09-30 16:34:04', 276, 53),
(3438, 337, NULL, '2016-09-30 16:34:04', 278, 54),
(3439, 334, NULL, '2016-09-30 18:44:20', 190, 37),
(3440, 334, NULL, '2016-09-30 18:44:20', 192, 38),
(3441, 334, NULL, '2016-09-30 18:44:20', 196, 39),
(3442, 334, NULL, '2016-09-30 18:44:20', 198, 40),
(3443, 334, NULL, '2016-09-30 18:44:20', 202, 41),
(3444, 334, NULL, '2016-09-30 18:44:20', 207, 42),
(3445, 334, NULL, '2016-09-30 18:44:20', 214, 43),
(3446, 334, NULL, '2016-09-30 18:44:20', 219, 44),
(3447, 334, NULL, '2016-09-30 18:44:20', 225, 45),
(3448, 334, NULL, '2016-09-30 18:44:20', 231, 46),
(3449, 334, NULL, '2016-09-30 18:44:20', 232, 47),
(3450, 334, NULL, '2016-09-30 18:44:20', 239, 48),
(3451, 334, NULL, '2016-09-30 18:44:20', 247, 49),
(3452, 334, NULL, '2016-09-30 18:44:20', 254, 50),
(3453, 334, NULL, '2016-09-30 18:44:20', 264, 51),
(3454, 334, NULL, '2016-09-30 18:44:20', 273, 52),
(3455, 334, NULL, '2016-09-30 18:44:20', 276, 53),
(3456, 334, NULL, '2016-09-30 18:44:20', 278, 54),
(3457, 340, NULL, '2016-09-30 20:17:28', 189, 37),
(3458, 340, NULL, '2016-09-30 20:17:28', 192, 38),
(3459, 340, NULL, '2016-09-30 20:17:28', 196, 39),
(3460, 340, NULL, '2016-09-30 20:17:28', 198, 40),
(3461, 340, NULL, '2016-09-30 20:17:28', 203, 41),
(3462, 340, NULL, '2016-09-30 20:17:28', 212, 42),
(3463, 340, NULL, '2016-09-30 20:17:28', 214, 43),
(3464, 340, NULL, '2016-09-30 20:17:28', 223, 44),
(3465, 340, NULL, '2016-09-30 20:17:28', 227, 45),
(3466, 340, NULL, '2016-09-30 20:17:28', 229, 46),
(3467, 340, NULL, '2016-09-30 20:17:28', 237, 47),
(3468, 340, 'falecido', '2016-09-30 20:17:28', NULL, 48),
(3469, 340, NULL, '2016-09-30 20:17:28', 248, 49),
(3470, 340, NULL, '2016-09-30 20:17:28', 261, 50),
(3471, 340, NULL, '2016-09-30 20:17:28', 266, 51),
(3472, 340, NULL, '2016-09-30 20:17:28', 271, 52),
(3473, 340, NULL, '2016-09-30 20:17:28', 276, 53),
(3474, 340, NULL, '2016-09-30 20:17:28', 279, 54),
(3475, 341, NULL, '2016-09-30 22:29:45', 188, 37),
(3476, 341, NULL, '2016-09-30 22:29:45', 192, 38),
(3477, 341, NULL, '2016-09-30 22:29:45', 196, 39),
(3478, 341, NULL, '2016-09-30 22:29:45', 198, 40),
(3479, 341, NULL, '2016-09-30 22:29:45', 202, 41),
(3480, 341, NULL, '2016-09-30 22:29:45', 207, 42),
(3481, 341, NULL, '2016-09-30 22:29:45', 214, 43),
(3482, 341, NULL, '2016-09-30 22:29:45', 221, 44),
(3483, 341, NULL, '2016-09-30 22:29:45', 225, 45),
(3484, 341, NULL, '2016-09-30 22:29:45', 231, 46),
(3485, 341, NULL, '2016-09-30 22:29:45', 238, 47),
(3486, 341, 'Advogado', '2016-09-30 22:29:45', NULL, 48),
(3487, 341, NULL, '2016-09-30 22:29:45', 251, 49),
(3488, 341, NULL, '2016-09-30 22:29:45', 262, 50),
(3489, 341, NULL, '2016-09-30 22:29:45', 268, 51),
(3490, 341, NULL, '2016-09-30 22:29:45', 269, 52),
(3491, 341, NULL, '2016-09-30 22:29:45', 276, 53),
(3492, 341, NULL, '2016-09-30 22:29:45', 279, 54),
(3493, 342, NULL, '2016-10-01 20:48:24', 187, 37),
(3494, 342, NULL, '2016-10-01 20:48:24', 192, 38),
(3495, 342, NULL, '2016-10-01 20:48:24', 196, 39),
(3496, 342, NULL, '2016-10-01 20:48:24', 198, 40),
(3497, 342, NULL, '2016-10-01 20:48:24', 203, 41),
(3498, 342, NULL, '2016-10-01 20:48:24', 207, 42),
(3499, 342, NULL, '2016-10-01 20:48:24', 214, 43),
(3500, 342, NULL, '2016-10-01 20:48:24', 223, 44),
(3501, 342, NULL, '2016-10-01 20:48:24', 225, 45),
(3502, 342, NULL, '2016-10-01 20:48:24', 231, 46),
(3503, 342, NULL, '2016-10-01 20:48:24', 235, 47),
(3504, 342, NULL, '2016-10-01 20:48:24', 242, 48),
(3505, 342, NULL, '2016-10-01 20:48:24', 251, 49),
(3506, 342, NULL, '2016-10-01 20:48:24', 260, 50),
(3507, 342, NULL, '2016-10-01 20:48:24', 265, 51),
(3508, 342, NULL, '2016-10-01 20:48:24', 269, 52),
(3509, 342, NULL, '2016-10-01 20:48:24', 277, 53),
(3510, 342, NULL, '2016-10-01 20:48:24', 278, 54),
(3511, 343, NULL, '2016-10-02 11:48:19', 189, 37),
(3512, 343, NULL, '2016-10-02 11:48:19', 192, 38),
(3513, 343, NULL, '2016-10-02 11:48:19', 196, 39),
(3514, 343, NULL, '2016-10-02 11:48:19', 198, 40),
(3515, 343, 'Delegado de polícia', '2016-10-02 11:48:19', NULL, 41),
(3516, 343, NULL, '2016-10-02 11:48:19', 211, 42),
(3517, 343, NULL, '2016-10-02 11:48:19', 214, 43),
(3518, 343, NULL, '2016-10-02 11:48:19', 220, 44),
(3519, 343, NULL, '2016-10-02 11:48:19', 224, 45),
(3520, 343, NULL, '2016-10-02 11:48:19', 228, 46),
(3521, 343, NULL, '2016-10-02 11:48:19', 235, 47),
(3522, 343, 'Técnico de segurança no trabalho', '2016-10-02 11:48:19', NULL, 48),
(3523, 343, NULL, '2016-10-02 11:48:19', 250, 49),
(3524, 343, NULL, '2016-10-02 11:48:19', 255, 50),
(3525, 343, NULL, '2016-10-02 11:48:19', 265, 51),
(3526, 343, NULL, '2016-10-02 11:48:19', 271, 52),
(3527, 343, NULL, '2016-10-02 11:48:19', 277, 53),
(3528, 343, NULL, '2016-10-02 11:48:19', 278, 54),
(3529, 344, NULL, '2016-10-02 19:51:49', 187, 37),
(3530, 344, NULL, '2016-10-02 19:51:49', 192, 38),
(3531, 344, NULL, '2016-10-02 19:51:49', 196, 39),
(3532, 344, NULL, '2016-10-02 19:51:49', 198, 40),
(3533, 344, 'Delegado', '2016-10-02 19:51:49', NULL, 41),
(3534, 344, NULL, '2016-10-02 19:51:49', 212, 42),
(3535, 344, NULL, '2016-10-02 19:51:49', 214, 43),
(3536, 344, NULL, '2016-10-02 19:51:49', 220, 44),
(3537, 344, NULL, '2016-10-02 19:51:49', 224, 45),
(3538, 344, NULL, '2016-10-02 19:51:49', 231, 46),
(3539, 344, NULL, '2016-10-02 19:51:49', 236, 47),
(3540, 344, NULL, '2016-10-02 19:51:49', 242, 48),
(3541, 344, NULL, '2016-10-02 19:51:49', 250, 49),
(3542, 344, NULL, '2016-10-02 19:51:49', 261, 50),
(3543, 344, NULL, '2016-10-02 19:51:49', 267, 51),
(3544, 344, NULL, '2016-10-02 19:51:49', 269, 52),
(3545, 344, NULL, '2016-10-02 19:51:49', 276, 53),
(3546, 344, NULL, '2016-10-02 19:51:49', 279, 54),
(3547, 345, NULL, '2016-10-02 21:17:28', 188, 37),
(3548, 345, NULL, '2016-10-02 21:17:28', 192, 38),
(3549, 345, NULL, '2016-10-02 21:17:28', 196, 39),
(3550, 345, NULL, '2016-10-02 21:17:28', 198, 40),
(3551, 345, NULL, '2016-10-02 21:17:28', 205, 41),
(3552, 345, NULL, '2016-10-02 21:17:28', 207, 42),
(3553, 345, NULL, '2016-10-02 21:17:28', 214, 43),
(3554, 345, NULL, '2016-10-02 21:17:28', 219, 44),
(3555, 345, NULL, '2016-10-02 21:17:28', 224, 45),
(3556, 345, NULL, '2016-10-02 21:17:28', 228, 46),
(3557, 345, NULL, '2016-10-02 21:17:28', 232, 47),
(3558, 345, NULL, '2016-10-02 21:17:28', 240, 48),
(3559, 345, NULL, '2016-10-02 21:17:28', 252, 49),
(3560, 345, NULL, '2016-10-02 21:17:28', 259, 50),
(3561, 345, NULL, '2016-10-02 21:17:28', 268, 51),
(3562, 345, NULL, '2016-10-02 21:17:28', 273, 52),
(3563, 345, NULL, '2016-10-02 21:17:28', 277, 53),
(3564, 345, NULL, '2016-10-02 21:17:28', 278, 54),
(3565, 347, NULL, '2016-10-03 13:55:41', 187, 37),
(3566, 347, NULL, '2016-10-03 13:55:41', 192, 38),
(3567, 347, NULL, '2016-10-03 13:55:41', 196, 39),
(3568, 347, NULL, '2016-10-03 13:55:41', 198, 40),
(3569, 347, NULL, '2016-10-03 13:55:41', 201, 41),
(3570, 347, NULL, '2016-10-03 13:55:41', 207, 42),
(3571, 347, NULL, '2016-10-03 13:55:41', 214, 43),
(3572, 347, NULL, '2016-10-03 13:55:41', 220, 44),
(3573, 347, NULL, '2016-10-03 13:55:41', 225, 45),
(3574, 347, NULL, '2016-10-03 13:55:41', 231, 46),
(3575, 347, NULL, '2016-10-03 13:55:41', 232, 47),
(3576, 347, NULL, '2016-10-03 13:55:41', 241, 48),
(3577, 347, NULL, '2016-10-03 13:55:41', 248, 49),
(3578, 347, NULL, '2016-10-03 13:55:41', 258, 50),
(3579, 347, NULL, '2016-10-03 13:55:41', 265, 51),
(3580, 347, NULL, '2016-10-03 13:55:41', 272, 52),
(3581, 347, NULL, '2016-10-03 13:55:41', 276, 53),
(3582, 347, NULL, '2016-10-03 13:55:41', 279, 54),
(3583, 332, NULL, '2016-10-03 14:41:22', 189, 37),
(3584, 332, NULL, '2016-10-03 14:41:22', 192, 38),
(3585, 332, NULL, '2016-10-03 14:41:22', 196, 39),
(3586, 332, NULL, '2016-10-03 14:41:22', 198, 40),
(3587, 332, NULL, '2016-10-03 14:41:22', 201, 41),
(3588, 332, NULL, '2016-10-03 14:41:22', 208, 42),
(3589, 332, NULL, '2016-10-03 14:41:22', 217, 43),
(3590, 332, NULL, '2016-10-03 14:41:22', 223, 44),
(3591, 332, NULL, '2016-10-03 14:41:22', 224, 45),
(3592, 332, NULL, '2016-10-03 14:41:22', 231, 46),
(3593, 332, NULL, '2016-10-03 14:41:22', 235, 47),
(3594, 332, NULL, '2016-10-03 14:41:22', 242, 48),
(3595, 332, NULL, '2016-10-03 14:41:22', 250, 49),
(3596, 332, NULL, '2016-10-03 14:41:22', 258, 50),
(3597, 332, NULL, '2016-10-03 14:41:22', 266, 51),
(3598, 332, NULL, '2016-10-03 14:41:22', 272, 52),
(3599, 332, NULL, '2016-10-03 14:41:22', 277, 53),
(3600, 332, NULL, '2016-10-03 14:41:22', 279, 54),
(3601, 349, NULL, '2016-10-03 20:16:36', 188, 37),
(3602, 349, NULL, '2016-10-03 20:16:36', 192, 38),
(3603, 349, NULL, '2016-10-03 20:16:36', 196, 39),
(3604, 349, NULL, '2016-10-03 20:16:36', 198, 40),
(3605, 349, 'policia federal', '2016-10-03 20:16:36', NULL, 41),
(3606, 349, NULL, '2016-10-03 20:16:36', 209, 42),
(3607, 349, NULL, '2016-10-03 20:16:36', 214, 43),
(3608, 349, NULL, '2016-10-03 20:16:36', 223, 44),
(3609, 349, NULL, '2016-10-03 20:16:36', 224, 45),
(3610, 349, NULL, '2016-10-03 20:16:36', 228, 46),
(3611, 349, NULL, '2016-10-03 20:16:36', 235, 47),
(3612, 349, NULL, '2016-10-03 20:16:36', 245, 48),
(3613, 349, NULL, '2016-10-03 20:16:36', 250, 49),
(3614, 349, NULL, '2016-10-03 20:16:36', 261, 50),
(3615, 349, NULL, '2016-10-03 20:16:36', 265, 51),
(3616, 349, NULL, '2016-10-03 20:16:36', 272, 52),
(3617, 349, NULL, '2016-10-03 20:16:36', 275, 53),
(3618, 349, NULL, '2016-10-03 20:16:36', 279, 54),
(3619, 350, NULL, '2016-10-03 21:11:50', 187, 37),
(3620, 350, NULL, '2016-10-03 21:11:50', 192, 38),
(3621, 350, NULL, '2016-10-03 21:11:50', 196, 39),
(3622, 350, NULL, '2016-10-03 21:11:50', 198, 40),
(3623, 350, NULL, '2016-10-03 21:11:50', 202, 41),
(3624, 350, NULL, '2016-10-03 21:11:50', 208, 42),
(3625, 350, NULL, '2016-10-03 21:11:50', 214, 43),
(3626, 350, NULL, '2016-10-03 21:11:50', 223, 44),
(3627, 350, NULL, '2016-10-03 21:11:50', 225, 45),
(3628, 350, NULL, '2016-10-03 21:11:50', 231, 46),
(3629, 350, NULL, '2016-10-03 21:11:50', 235, 47),
(3630, 350, NULL, '2016-10-03 21:11:50', 239, 48),
(3631, 350, NULL, '2016-10-03 21:11:50', 250, 49),
(3632, 350, NULL, '2016-10-03 21:11:50', 254, 50),
(3633, 350, NULL, '2016-10-03 21:11:50', 268, 51),
(3634, 350, NULL, '2016-10-03 21:11:50', 269, 52),
(3635, 350, NULL, '2016-10-03 21:11:50', 276, 53),
(3636, 350, NULL, '2016-10-03 21:11:50', 279, 54),
(3637, 353, NULL, '2016-10-04 11:33:53', 189, 37),
(3638, 353, NULL, '2016-10-04 11:33:53', 193, 38),
(3639, 353, NULL, '2016-10-04 11:33:53', 196, 39),
(3640, 353, NULL, '2016-10-04 11:33:53', 198, 40),
(3641, 353, NULL, '2016-10-04 11:33:53', 202, 41),
(3642, 353, 'Referencias de outras pessoas', '2016-10-04 11:33:53', NULL, 42),
(3643, 353, 'Sempre sonhei em me formar em Direito mas as condiçoes eram poucas', '2016-10-04 11:33:53', NULL, 43),
(3644, 353, NULL, '2016-10-04 11:33:53', 220, 44),
(3645, 353, NULL, '2016-10-04 11:33:53', 225, 45),
(3646, 353, NULL, '2016-10-04 11:33:53', 231, 46),
(3647, 353, NULL, '2016-10-04 11:33:53', 233, 47),
(3648, 353, NULL, '2016-10-04 11:33:53', 245, 48),
(3649, 353, NULL, '2016-10-04 11:33:53', 248, 49),
(3650, 353, NULL, '2016-10-04 11:33:53', 262, 50),
(3651, 353, NULL, '2016-10-04 11:33:53', 265, 51),
(3652, 353, NULL, '2016-10-04 11:33:53', 272, 52),
(3653, 353, NULL, '2016-10-04 11:33:53', 277, 53),
(3654, 353, NULL, '2016-10-04 11:33:53', 279, 54);

--
-- Indexes for dumped tables
--

--
-- Indexes for table `proBoletos`
--
ALTER TABLE `proBoletos`
  ADD PRIMARY KEY (`id_boleto`);

--
-- Indexes for table `proBoletosPagamentos`
--
ALTER TABLE `proBoletosPagamentos`
  ADD PRIMARY KEY (`id_pagamento`);

--
-- Indexes for table `proBoletosRetorno`
--
ALTER TABLE `proBoletosRetorno`
  ADD PRIMARY KEY (`id_arquivoretorno`);

--
-- Indexes for table `proCursos`
--
ALTER TABLE `proCursos`
  ADD PRIMARY KEY (`id_curso`);

--
-- Indexes for table `proCursosGrupos`
--
ALTER TABLE `proCursosGrupos`
  ADD PRIMARY KEY (`id_grupo`);

--
-- Indexes for table `proEnem`
--
ALTER TABLE `proEnem`
  ADD PRIMARY KEY (`id_enem`);

--
-- Indexes for table `proEstados`
--
ALTER TABLE `proEstados`
  ADD PRIMARY KEY (`id_estado`);

--
-- Indexes for table `proInscricoes`
--
ALTER TABLE `proInscricoes`
  ADD PRIMARY KEY (`id_inscricao`);

--
-- Indexes for table `proPessoasFisicas`
--
ALTER TABLE `proPessoasFisicas`
  ADD PRIMARY KEY (`id_pessoafisica`);

--
-- Indexes for table `proProcessos`
--
ALTER TABLE `proProcessos`
  ADD PRIMARY KEY (`id_processo`);

--
-- Indexes for table `proQuestAlternativas`
--
ALTER TABLE `proQuestAlternativas`
  ADD PRIMARY KEY (`id_qsealternativa`);

--
-- Indexes for table `proQuestFicouSabendo`
--
ALTER TABLE `proQuestFicouSabendo`
  ADD PRIMARY KEY (`id_opcao`);

--
-- Indexes for table `proQuestPerguntas`
--
ALTER TABLE `proQuestPerguntas`
  ADD PRIMARY KEY (`id_qsepergunta`);

--
-- Indexes for table `proQuestRespostas`
--
ALTER TABLE `proQuestRespostas`
  ADD PRIMARY KEY (`id_resposta`);

--
-- AUTO_INCREMENT for dumped tables
--

--
-- AUTO_INCREMENT for table `proBoletos`
--
ALTER TABLE `proBoletos`
  MODIFY `id_boleto` int(11) NOT NULL AUTO_INCREMENT, AUTO_INCREMENT=190;
--
-- AUTO_INCREMENT for table `proBoletosPagamentos`
--
ALTER TABLE `proBoletosPagamentos`
  MODIFY `id_pagamento` int(11) NOT NULL AUTO_INCREMENT, AUTO_INCREMENT=86;
--
-- AUTO_INCREMENT for table `proBoletosRetorno`
--
ALTER TABLE `proBoletosRetorno`
  MODIFY `id_arquivoretorno` int(11) NOT NULL AUTO_INCREMENT, AUTO_INCREMENT=62;
--
-- AUTO_INCREMENT for table `proCursos`
--
ALTER TABLE `proCursos`
  MODIFY `id_curso` int(10) UNSIGNED NOT NULL AUTO_INCREMENT, AUTO_INCREMENT=6;
--
-- AUTO_INCREMENT for table `proCursosGrupos`
--
ALTER TABLE `proCursosGrupos`
  MODIFY `id_grupo` int(10) UNSIGNED NOT NULL AUTO_INCREMENT, AUTO_INCREMENT=9;
--
-- AUTO_INCREMENT for table `proEnem`
--
ALTER TABLE `proEnem`
  MODIFY `id_enem` int(11) NOT NULL AUTO_INCREMENT, AUTO_INCREMENT=2017;
--
-- AUTO_INCREMENT for table `proEstados`
--
ALTER TABLE `proEstados`
  MODIFY `id_estado` int(11) NOT NULL AUTO_INCREMENT, AUTO_INCREMENT=28;
--
-- AUTO_INCREMENT for table `proInscricoes`
--
ALTER TABLE `proInscricoes`
  MODIFY `id_inscricao` int(11) NOT NULL AUTO_INCREMENT, AUTO_INCREMENT=354;
--
-- AUTO_INCREMENT for table `proPessoasFisicas`
--
ALTER TABLE `proPessoasFisicas`
  MODIFY `id_pessoafisica` int(11) NOT NULL AUTO_INCREMENT, AUTO_INCREMENT=334;
--
-- AUTO_INCREMENT for table `proProcessos`
--
ALTER TABLE `proProcessos`
  MODIFY `id_processo` int(11) NOT NULL AUTO_INCREMENT, AUTO_INCREMENT=4;
--
-- AUTO_INCREMENT for table `proQuestAlternativas`
--
ALTER TABLE `proQuestAlternativas`
  MODIFY `id_qsealternativa` int(11) NOT NULL AUTO_INCREMENT, AUTO_INCREMENT=280;
--
-- AUTO_INCREMENT for table `proQuestFicouSabendo`
--
ALTER TABLE `proQuestFicouSabendo`
  MODIFY `id_opcao` int(11) NOT NULL AUTO_INCREMENT, AUTO_INCREMENT=11;
--
-- AUTO_INCREMENT for table `proQuestPerguntas`
--
ALTER TABLE `proQuestPerguntas`
  MODIFY `id_qsepergunta` int(11) NOT NULL AUTO_INCREMENT, AUTO_INCREMENT=55;
--
-- AUTO_INCREMENT for table `proQuestRespostas`
--
ALTER TABLE `proQuestRespostas`
  MODIFY `id_resposta` int(11) NOT NULL AUTO_INCREMENT, AUTO_INCREMENT=3655;
/*!40101 SET CHARACTER_SET_CLIENT=@OLD_CHARACTER_SET_CLIENT */;
/*!40101 SET CHARACTER_SET_RESULTS=@OLD_CHARACTER_SET_RESULTS */;
/*!40101 SET COLLATION_CONNECTION=@OLD_COLLATION_CONNECTION */;
